codigo_postal,calificacion_energetica,superficie_util,anyo_construccion,emisiones_co2,consumo_energia_primaria
48000,E,147.18715802406493,1970,20.921304830970556,81.19890406724053
48000,B,89.2285115200832,1973,55.5621931064197,61.282315805420055
48000,D,121.11109133059915,1991,13.266596424953079,244.75110376829184
48000,C,98.61035431983274,2011,64.96231729751095,89.93475643167196
48000,D,92.78086377374086,2000,57.62152770114458,140.09985039390858
48000,A,125.54612948549331,2009,49.43017524918775,127.08330050798322
48000,A,82.54617382783223,2009,18.542676439134517,149.03538202225405
48000,A,81.08089964545529,1985,22.756526145164365,201.0722820635305
48000,C,136.14998986391487,2012,68.95993422164989,139.95082667395315
48000,C,50.32915295636481,1963,60.90903970994946,115.30815376116708
48000,D,148.22321192775678,2002,51.07258159646938,243.0510614528276
48000,D,121.27503340406741,1990,30.739145399285768,83.0533878126005
48000,A,26.21616138967414,1957,10.386548198652168,213.09228569096683
48000,D,51.66089305568511,1984,65.31228783718439,171.19199495620228
48000,F,153.1142256809531,2022,53.63086887792905,116.17960497052984
48000,B,132.05610812935646,1972,56.81888768645251,183.18447132349934
48000,D,142.89425385000075,1996,59.92713510560965,202.15700972337947
48000,D,35.78563108170593,1963,44.56569174550735,154.5465658763988
48000,C,124.35235341190857,2001,49.429290038346856,189.1032172852255
48000,B,105.04963247670662,1964,62.88857969801341,95.75963309832449
48000,B,79.57531985534061,2015,53.70478336936553,109.1267371675428
48000,B,94.91214782077317,1977,66.257045382938,87.31401177720717
48000,E,188.59310667748883,2011,17.703634716937373,95.58703250838833
48000,C,128.77766469774164,1952,10.486649137183349,152.14946051551314
48000,C,100.22417742098534,1993,27.088786557344193,83.65820843458611
48000,C,105.5431571765029,2001,35.454072166550574,244.35641654419214
48000,F,119.072459774418,2005,12.582086314817296,171.91286679597937
48000,D,36.324768900488834,2003,12.313551303038388,119.0142496053366
48000,D,136.90113294375706,1981,48.702516234992956,168.5393447758787
48000,B,218.72855984767432,2005,26.634628079467976,195.6432697223719
48000,C,190.2602652939094,1960,67.15023112535687,209.66902499691022
48000,B,189.61628767459513,2008,23.0562957279898,58.15502831095279
48000,D,42.46682844669337,2020,22.205650030349403,188.18754762049318
48000,C,123.42814874030137,1950,57.29830819274965,197.0432238481544
48000,C,213.61595586603602,1956,56.19888322239253,213.44444004024317
48000,D,139.8186970032221,2009,28.25804223812863,249.25073995158488
48000,F,170.02428038810524,1958,29.52099468145273,190.07156599455425
48000,E,127.62104311296298,1969,72.0960496985582,205.97510917152476
48000,D,131.31441347494373,1974,10.354310869235308,82.16161028349973
48000,D,162.37007162883194,2003,41.38969000903731,248.89149252216413
48000,B,119.7571527674485,1997,62.25439835826169,179.92657980944293
48000,E,100.83383468670483,1966,31.564255429667245,158.50804611097988
48000,D,54.07149196209437,1979,78.11073883267119,128.61954493335207
48000,E,156.01936210190982,1976,40.40760558573001,120.01568153893514
48000,D,162.50602910619287,2010,44.94353659193266,164.4008398418366
48000,E,139.71699757324149,1966,79.61853575581387,143.98890279818858
48000,C,136.36116931829332,1986,74.98229938114078,135.63682966346286
48000,F,145.3287650836266,2009,69.71066188271521,108.88977841391713
48000,C,97.67425239664894,1967,48.97608837208451,237.2309548321562
48000,D,162.81993971617362,1995,16.8023545639538,173.00144533983394
48000,G,122.9104359223,1951,32.578553496702035,219.73395898493487
48000,B,62.85148510846884,1997,48.69739838355354,109.3020287295597
48000,C,152.839866558199,2009,45.793967920265644,150.30325893743992
48000,E,48.2049590312984,2014,14.965864189994935,129.35676544277766
48000,B,41.97214637813654,2012,12.515959165771946,143.11960362649205
48000,D,220.01740445530518,1971,51.358328239830755,56.10004998780988
48000,A,96.40340671052833,2009,32.865586925722866,215.57380075751774
48000,C,174.4475298483683,1954,42.008561312961,218.40461500239627
48000,B,203.18848947241256,1989,60.82639336058631,245.17041589250692
48000,D,83.03817842724465,1979,12.874726173751306,129.76418028895893
48000,C,77.12255571694496,2011,68.51860843585442,189.19484121873958
48000,C,162.00026883112145,2007,74.06496093385363,138.47044594622088
48000,C,129.19277572047793,2010,61.652784168703796,160.87081050228014
48000,D,148.89485675494174,2016,27.34116926508102,121.19453573025231
48000,E,142.19097140731142,1965,16.848391245570102,148.32317502336647
48000,C,158.73170267146685,1982,42.5271669057728,179.95473652855267
48000,A,120.09068055973381,2018,57.87746385786988,173.17023287798276
48000,F,157.7967640895826,1951,11.855791737913528,167.15511625469264
48000,F,25.131150875567116,1982,42.07770233440616,159.12335786318698
48000,F,184.0270380838732,2016,67.42987906398876,180.2969543715576
48000,C,75.84606707602333,1995,11.27552779560848,68.88859215118568
48000,D,85.0310975801759,1957,36.977763467589554,186.32273379455796
48000,C,118.57892712004666,2007,58.77160157549054,175.7885693559768
48000,E,34.17877770280141,1985,39.256222220090514,243.5161103040495
48000,D,203.91527549114477,1998,61.215342870974816,75.53794588449313
48000,C,26.27655625702441,1973,70.69816250468054,162.37333842875472
48000,C,177.21857677373418,1979,73.17870346756968,151.05047448957143
48000,E,162.8932329394233,1962,72.68662599473403,127.84033574683262
48000,A,136.2083176244221,2001,50.14065216863003,176.36744243395987
48000,C,113.49284728161577,1961,33.006518175894115,184.50369121540768
48000,E,151.20599085260775,2002,44.609421329180705,61.51175200332886
48000,D,151.417275463214,1954,61.59248897537062,159.18315403299778
48000,D,124.50362934908306,1956,39.826403253285875,94.5152835142061
48000,C,124.13652179002395,1976,59.436955900954736,66.26975612837995
48000,B,177.7177169204462,2020,79.02007446760096,200.67563705178833
48000,C,96.13091347123395,1980,43.71668915748808,125.59751802445089
48000,D,80.41400106722102,2016,27.757752171119712,131.04041735628343
48000,D,61.40115727747774,1969,18.317254138765037,73.50524935542097
48000,D,145.96732571205862,2011,38.01560250104174,145.54297817604555
48000,B,196.6369456501289,1982,25.651708696361684,242.64450788812226
48000,A,123.48263322594396,1985,48.76979990809245,243.8605071238198
48000,D,169.17521531792326,1998,58.702408228923204,140.90821295355465
48000,D,163.61603183603393,2006,74.06780391683745,241.74048148156925
48000,B,129.1671002869176,1973,53.40928184610757,105.47623659622653
48000,B,13.805213784509661,1999,28.615654747496727,122.06901904105365
48000,C,93.71224891596195,1976,58.87131998138216,157.21927326882408
48000,C,148.5673755163394,1978,19.322958765662477,65.24007591983263
48000,F,168.52619100066053,2018,52.93906371550529,133.64860725812377
48000,F,116.31944421040468,2014,43.625905730644824,247.05721013310088
48000,C,105.88894055063946,1975,36.66235996417151,243.98287956292063
48000,E,114.27300773736911,1950,10.95703753788981,65.07181207049246
48000,D,181.8908155986731,2018,79.98023713002914,249.32736741478107
48000,D,97.49672642603781,2022,19.04115906060465,240.81020545174448
48000,D,151.14249661737495,2011,71.47544672354346,201.39982643444574
48000,A,-53.90846068182782,1952,46.41144507783954,220.43630006370802
48000,D,106.58684690252437,1954,16.18857563559526,208.3635678939266
48000,D,-10.439400484218794,1963,59.28558376694565,92.59283230178215
48000,B,87.2457358087961,1987,52.566149467931965,177.3288643244565
48000,D,132.55974861098372,1987,41.563731319127314,232.0942556806546
48000,C,97.3101667513922,2000,58.83493100454243,209.29435513477546
48000,C,143.03685337819596,2018,78.6022802699834,148.52361879857392
48000,C,149.30528023617003,1992,26.810193314473516,65.17266562173279
48000,B,138.32991230484242,1953,34.19670983267042,229.35768198120238
48000,C,73.00601068363224,1981,22.06239098411409,88.45780376173416
48000,A,93.48711908137795,2010,12.226327703961559,159.74306184148173
48000,D,80.35635838688279,1961,24.443360288405476,122.8539722096151
48000,D,114.9025243760072,1996,53.95302726436354,66.35180638977438
48000,E,122.10670408709646,2012,36.41001756694508,50.51900487672931
48000,E,129.0753488813655,2001,24.654452633569722,124.0944205582764
48000,C,81.23841031661561,1977,35.82395476988407,142.50694322662957
48000,D,148.8278481527883,1967,41.318865677641824,156.5234532910046
48000,C,135.5625077271768,1977,11.404983844440846,114.41583311663565
48000,C,81.33875147735884,1966,34.00488049947822,144.79398828611124
48000,C,102.46053774135655,1967,16.084420166119656,157.42130836370956
48000,D,97.97477205632376,1991,29.864313405910714,122.61645927972702
48000,D,199.101909148189,2008,34.92677081284924,247.30304975859593
48000,D,101.92885802865113,2019,35.574977377184034,147.56196016174758
48000,E,108.07533163079708,2011,29.956661808569297,84.67471905895096
48000,E,122.42608139724135,1989,58.78730236564951,249.45110695367887
48000,E,78.45249417944811,1953,10.37100044783238,245.0134325890285
48000,C,160.79258102445448,2015,48.973402510975085,164.32253789397998
48000,C,148.3377963459413,1993,24.355429210462137,243.59881330084684
48000,D,152.0291003474576,1961,18.038577731744248,172.12400848832652
48000,C,79.26079360048513,1986,45.42727694515429,236.40286845138684
48000,C,33.520995349542716,1959,48.402218255670725,159.78439597779544
48000,C,182.0856979826172,1989,66.69121120982444,100.92813095275277
48000,D,146.49020889576414,1973,52.427131673908704,208.8578899932925
48000,B,192.07843103289503,2018,68.14335854514104,243.0053821333025
48000,B,128.4864642195187,1984,74.85145965127978,194.31931015025543
48000,A,124.46969595728247,2021,67.95586210242443,200.1003849530627
48000,E,97.87838125443514,1975,73.55062913237612,113.23931645929892
48000,D,142.93550857795063,1967,67.1619607630104,137.82698171404368
48000,C,26.46040394870721,1972,40.71212727718373,165.49725418122514
48000,C,102.42432579793457,2015,48.0487002779792,231.2944221929094
48000,D,46.07068771100792,2013,21.67115319953682,225.72582307468764
48000,C,177.18770216034645,1976,65.20180478571714,80.33497594655023
48000,C,161.51679082721228,2017,49.89227794099216,202.4917371481381
48000,E,77.19580870455664,1987,47.553694603921635,125.76431311138315
48000,C,122.7577938209306,1957,20.494219914414167,95.8502790465283
48000,D,245.2844604820986,1951,10.854215062263115,169.68854024104542
48000,D,155.9049274125842,1969,22.7118401760998,231.69011226672566
48000,D,198.3797210439484,2021,39.6517803694338,107.58592329514522
48005,B,129.02654209027156,2009,51.50740336811751,70.44253284503992
48005,F,252.17857916992753,1954,74.5749566824107,191.44772686267973
48005,B,214.1012248237517,2000,61.5510964937306,236.87340295380298
48005,F,187.2710023077489,1972,18.596754729201365,97.18120691901623
48005,B,140.94197069342434,1950,70.89274534434898,153.76761142521443
48005,D,100.53559041362536,1970,36.55139888698842,198.84993036865777
48005,C,143.76594301061533,1984,37.87180855136603,157.4791205875846
48005,F,185.94193105453854,1951,42.599008562316925,146.1673956178147
48005,F,97.82600537573556,2000,27.375850993000633,165.52639081830944
48005,B,124.13279797225158,1982,35.367572938164315,166.1176700556087
48005,D,106.55556547225848,2012,79.78119762921631,150.43900206624852
48005,D,64.67370456291648,1962,37.81226808203185,135.3577810673499
48005,E,97.59864300998848,1998,12.55847674936664,144.41338902199985
48005,D,13.795096283491318,1967,30.58312754546801,192.81183995796565
48005,D,43.266075900862205,1987,63.574939674636845,70.5962958662631
48005,C,259.8016354167638,2004,76.2280823493543,124.66186325595059
48005,C,64.47120772670857,2004,20.930681815633324,193.1944457694795
48005,D,207.61352217118113,2014,48.62058166815378,100.77771280866085
48005,B,248.56861798443916,2016,72.1222337759452,161.3443169566732
48005,D,127.45026834501621,1984,27.022053369961785,194.45338637113184
48005,E,101.951691709046,1986,19.875729414439952,131.27846165470442
48005,C,177.9664901682124,1956,54.32685424376724,197.18092263920047
48005,E,188.3685127360997,1950,67.22104932169086,118.3634703395752
48005,C,167.91269130762856,1951,35.41414485365634,56.845622164105826
48005,E,179.26051457554448,1958,40.52885703947217,108.89315190838354
48005,F,86.49804032223267,1973,17.996654814427778,163.1553239933121
48005,G,53.285599222202165,1963,61.91808609600659,189.76917063218087
48005,C,113.92766802578302,2022,19.75492518509769,216.9860473598598
48005,G,55.577631012133764,1986,11.287347358322672,232.8597613120998
48005,B,125.0408711127026,1990,29.18386544810442,160.83560050315867
48005,D,96.54261399025327,1976,73.00130492936736,224.77801551250306
48005,D,146.34687063158952,1961,54.31686443502133,148.8547700276543
48005,D,103.83673553519719,2011,46.324239369798626,59.39319335501101
48005,B,177.15329514449593,2014,15.795906754758853,170.63042189327763
48005,C,43.79923791364848,1985,60.33321336289718,109.424343124635
48005,D,80.07804762914732,2004,56.45698157538537,237.3659478649516
48005,D,150.37834321656794,2011,76.86654189064353,80.93442817664724
48005,D,44.04100085069115,2015,17.461877719364026,65.02755634716175
48005,D,218.75136768153908,1991,42.17770589327918,65.18668207392442
48005,B,117.63676736854954,1993,77.73895717449605,51.050763711676986
48005,B,169.28613584117818,1998,19.5773041643273,240.0474707641605
48005,C,90.27677259308891,1996,16.069364830352853,241.63415860078607
48005,E,184.22665169669472,2019,78.64037601259918,230.67276252720498
48005,D,154.4518101607486,2008,79.13676055976529,238.81186793732266
48005,A,141.4809109566293,1972,48.90646070060257,144.64202361626667
48005,C,130.38438435815556,1956,30.814430516078552,234.8792390753061
48005,G,118.02224230716725,1988,41.86005795253092,154.4869152142338
48005,D,154.07503486863123,1963,51.738891493743715,96.00176745754061
48005,B,131.10668858168563,1989,40.87225132237131,130.89708993637015
48005,D,96.06256891682614,1953,65.35062153872744,113.75050058641398
48005,D,133.35251329346295,2015,11.708054708957661,224.01977478018597
48005,A,164.48153978117185,1962,47.02559938190484,237.81353970257925
48005,E,94.13557749498139,2006,50.65300450591294,104.33739421380082
48005,C,190.467372009279,1979,39.243674751713364,134.27140045541404
48005,D,98.99065914520713,1963,30.790201351841755,220.56436433838027
48005,D,105.91076955697464,1986,12.946523274545331,53.574786946682764
48005,G,23.31608494462199,2017,25.27777215055449,239.99223679004507
48005,E,59.63020841768128,1992,51.19879602812718,246.46610301601632
48005,E,161.57713788546414,1974,62.03469760255369,62.997281896578805
48005,C,130.38063441140324,2012,26.13984370635133,216.12850355012492
48005,B,113.58942369524446,1990,23.05067835009782,205.91689471335067
48005,C,94.9430016360715,1954,54.08445460973071,93.26480460731071
48005,D,151.5723146766969,1984,63.07669329928639,189.20412361075844
48005,B,242.69210870728546,1981,42.436652375093395,174.58747658702373
48005,D,113.34709576644657,2005,28.592002981209426,75.90298425656084
48005,E,176.2839392184815,1974,69.65354733429055,57.084473683709014
48005,C,126.25773485314443,1987,28.182764863222836,194.684022737717
48005,C,131.482258846899,2019,77.34853808144348,71.89377201089079
48005,E,122.1635847372145,2007,49.992325934370186,182.42240202131293
48005,D,171.52367102179147,1982,71.50409904486105,209.48520432138562
48005,D,161.0241090598682,2002,57.609854023221025,173.72227564303688
48005,E,145.36370155536488,1956,71.71459929392452,242.26305763698147
48005,C,92.90504378057261,1988,21.253192723381574,213.59340482381245
48005,E,151.94455229683865,1961,10.447011020178351,107.40762663498256
48005,D,121.23210492142921,2009,10.635068325690748,213.73588409996836
48005,B,124.49780740633949,1979,11.289940311675222,136.44815677850247
48005,E,60.72899976598444,1986,17.17568095934755,237.44569744729023
48005,D,100.05537538732244,2017,31.067449686277136,191.6344177290563
48005,B,29.502054950964705,1999,79.31038609254529,185.21045143735088
48005,C,168.2507480531615,2001,63.07842371503158,54.9173832917603
48005,A,113.4480796500502,2000,27.675612478186757,50.20589596912668
48005,B,18.23798796872481,1978,76.10125444704809,70.4387239387438
48005,E,184.9329867082168,1981,15.76667319310899,186.0998604149426
48005,D,125.38399348633025,1976,70.76380257726049,242.6473306880264
48005,A,141.54201221668743,2008,77.5164330589146,202.01881568761942
48005,C,132.16538320641828,1950,32.451991830668916,194.8845345228234
48005,D,137.6881389495934,1973,35.796844060663275,222.8716499679274
48005,C,105.60238890485968,2021,21.147201679548512,90.74024985525483
48005,B,112.06722520657068,1999,63.27167936600992,175.24406432628308
48005,B,60.667924131747625,2002,73.82852244719378,243.50225272275554
48005,B,201.90563747738202,1958,24.03673086902357,148.31890934828738
48005,B,195.05194200022302,1951,65.82913704460317,112.07239178471475
48005,C,97.38468403754617,1987,30.416380509651226,188.99637722530852
48005,E,-1.1939663314478395,1990,12.773317774385,146.1013894515658
48005,B,119.81987304547158,1969,34.22115973513877,205.1609471585912
48005,F,62.081765540372864,1951,47.39695441835116,226.50669716392
48005,B,96.44459138486503,2015,78.42264704203501,90.17181797245883
48005,D,173.75621376086445,1964,24.010517097136706,83.49651645181396
48005,B,189.9677718293001,1955,51.634364616385525,173.32091637249482
48005,D,166.23168414563844,1990,59.63423636156415,224.19382474921713
48005,D,91.02683629649648,1956,56.25740828094755,160.6002905183917
48005,D,174.4504990892387,1971,41.66227991628101,178.71553903930499
48005,D,101.5239191588885,1961,27.29722638071025,81.90893602263768
48005,E,130.22746980453726,1968,78.31056790733919,117.37915835422137
48005,B,150.9343273923953,2000,21.317078090276183,54.17222785830762
48005,D,176.46622187697503,1986,79.74337412397193,244.9586324293566
48005,D,150.67589863652083,2003,12.145675154406424,101.53657770224274
48005,C,68.86037174007973,1980,39.11351563028586,219.24905840380987
48005,D,163.68915204800578,2009,12.807643398873774,223.40629922448971
48005,D,158.40619175673584,1985,12.05761120295551,129.10303396980305
48005,D,185.8471781616281,1988,29.37794580645361,168.47006571867246
48005,F,141.96513788407356,1961,36.86930063074574,143.1625614040497
48005,E,157.46512086987514,1991,26.628032744671437,244.27901880832792
48005,B,84.1356025021961,2018,14.839295033063362,137.4330777633653
48005,B,200.50337343466896,1951,16.66830555682384,180.42464910608757
48005,C,37.7111735242341,1977,28.069340289078927,181.34733290825844
48005,C,96.61493993440543,1994,26.591949997583534,96.93480765231021
48005,E,137.3251940865358,1963,33.162255409242036,139.7555147662806
48005,D,111.82663316488966,1957,53.2001490622821,191.35544337708916
48005,B,62.74112879823097,1977,12.566999885348007,197.2804030131281
48005,D,180.72546426526742,1993,41.24580525588099,222.84323553483378
48005,D,115.52386948760471,2010,12.393143615741073,247.3385960714323
48005,B,58.13291772764769,2008,32.13092734837254,151.4469617376785
48005,A,151.46244859467924,1969,79.06410860711928,243.0237392872091
48005,A,126.96712968106321,2006,50.607856078682765,100.84491597949865
48005,D,142.62674459106674,1972,56.680498028227305,77.93025095126258
48005,A,175.40914083687582,1957,77.89384322750892,68.78014315788369
48005,D,68.00470364372346,1954,77.43427829742794,101.06130494568637
48005,D,117.41857638538653,1979,44.80223348058991,173.56944804024278
48005,E,129.8291036743869,2021,65.68572601874823,233.73555939870084
48005,D,161.95924338581563,2011,56.04917132221252,249.88274515413332
48005,A,210.7686342413453,2022,70.65070672693517,248.6673874717257
48005,E,106.90167818407235,2017,55.535815345420104,203.03817291115692
48005,F,94.6160108767169,1968,66.5492159358881,202.45702695532316
48005,E,184.4878264187687,2003,55.43522611560751,115.67624557701622
48005,D,106.93000375224386,2020,49.44072491439211,126.08394084655954
48005,D,173.17828596930093,1984,25.908873908420603,64.63918475368872
48005,D,232.30644829680057,2015,42.44458306604007,125.95715603584597
48005,E,-4.970285743678659,1975,17.6242839292712,79.79837119403894
48005,D,234.5471286295371,1993,43.36868325288114,128.87306476367004
48005,D,162.7450189810355,1992,11.276280787345314,89.15559713670922
48005,A,168.97054504170308,1996,14.989618903861473,240.93200600666148
48005,D,59.13475720684936,1962,34.61358810677441,70.2841656898433
48005,C,95.89766025858916,2001,56.90672242276592,235.92117548439785
48005,D,78.5535959567039,1979,60.13054719562355,104.52480014670675
48005,C,128.17387395837267,1956,57.6782497775488,86.28766953912539
48005,D,89.93161780243932,1991,22.965991258318677,233.55049783427546
48005,C,135.98909670712686,1956,67.10240504529966,124.70193660767752
48005,D,132.37488984186055,1958,65.56206952663615,179.32118268457202
48005,B,232.52273839081352,1991,73.00161863786079,120.68427586054362
48005,C,84.07963672154013,1968,69.58219825969395,184.2849339061229
48005,E,164.74621884722205,1968,53.67015272736011,140.35353574744582
48005,D,146.21813736264554,1982,25.171786006354296,69.14291110403235
48005,A,83.25447927611003,1964,26.117231789950896,91.23723290368528
48005,D,156.71221448514893,2006,44.773680120141854,247.55710404297747
48005,B,52.39177766876375,1967,38.30231376730045,135.63992298512295
48005,D,148.44915395926375,1988,64.08359092145677,102.97908944734668
48005,D,201.4198311564269,1985,23.430712730312003,114.67431242310415
48005,C,90.67179602186407,1998,68.23041792759955,183.92052322679237
48005,B,110.1232387151516,1981,47.80083402231574,226.01581751229165
48005,D,20.313217871427227,1952,23.322740397334748,60.46777515730166
48005,C,138.70282849237861,1984,61.145535716747226,143.04112245674364
48005,B,147.91634562608613,1980,62.83864739585934,84.0955876347835
48005,C,123.80026957062057,1979,41.52596553807296,201.23266577904923
48005,C,174.56550602971345,1965,36.77683961708058,73.96580040352927
48005,G,150.45690604535883,1954,61.60261575050702,203.7199609577017
48005,C,87.5668706475565,1971,16.238710248121162,201.05408409936157
48005,B,133.66881739721336,1965,45.47869022743378,81.86080412379606
48005,B,105.45969599279812,2015,36.66366678576911,119.2643537178007
48005,C,99.60884569657279,2014,31.386701746061647,129.39630341485667
48005,C,139.4289302265482,1984,65.03931697299662,164.91747646355333
48005,D,244.64997587163953,1961,75.14166502507413,73.27327957709522
48005,E,165.95382414938842,1979,60.49954471301122,78.25560985510116
48005,C,105.48627279056743,1963,15.664349813587652,130.5960357530323
48005,B,68.17120418218514,1969,50.112900025159455,236.54614809525097
48005,D,185.65342577943574,2003,31.960938383586722,171.27418888667512
48005,B,134.34587143361617,1955,20.24617945135744,123.50688445830629
48005,B,114.21889425212723,2017,19.461640240837593,242.62302231783477
48005,D,116.47506109704544,1962,75.55144217185624,225.2210385196085
48005,C,144.3250821913101,2012,54.85784202831444,93.20763650191992
48005,D,71.67414870325035,1954,64.65331102479078,141.96008475386404
48005,B,140.85952321912822,1960,62.797748104070415,173.89955028151752
48005,C,58.46122271169595,1970,18.496945759570025,110.65502951351911
48005,B,106.98297546391194,1965,14.36042586910439,151.88442562995795
48005,G,141.84690848731748,2001,22.162681696360615,181.14473451233127
48005,E,179.53231373931706,1999,19.149726371813962,227.32084304809334
48005,C,94.64460529336958,1963,22.382100160069808,127.41575206712616
48005,F,61.44790729120727,2004,39.130779872583304,146.26883032706473
48005,A,163.15501130853156,2007,23.278639372227403,173.7896386015443
48005,C,80.17799094702102,2002,66.10759783180927,241.91532886420669
48005,C,125.97901842070766,2012,44.95336844850328,103.20385560107614
48005,B,71.34655295592222,2017,70.52622744982924,98.69559368097345
48005,D,142.14031905104576,1978,42.16127378841907,207.00330876741137
48005,E,180.2963403808294,2013,65.08323703787066,113.08137914960255
48005,D,40.04317567764936,1959,75.12232193864766,100.61168656015691
48005,E,99.66384584767081,1977,54.60410337657963,181.87078444115653
48005,E,185.0870644699399,2009,41.54337597108305,226.49188809121995
48005,B,198.07555983634262,1993,45.85553445688721,186.04555584167065
48005,A,131.84807078560215,2000,14.9879709435681,52.42169504697749
48005,F,97.25898420557735,1970,37.13166620379387,142.38938733419116
48005,G,89.45550542157054,2007,16.88769547993781,182.06054394026762
48005,E,179.72659372532223,2013,39.70078201194217,66.52353269185375
48005,D,128.70092783103019,1974,78.31935947191548,183.47007960928568
48005,A,132.28669914606766,1985,53.05090776272066,204.9267561275576
48005,D,90.8321013886326,1959,65.90999341582022,108.56440734019296
48005,G,121.92959701135165,1962,50.76958607450725,199.6146358859064
48005,E,77.31317326575441,1964,17.75655735258649,169.70631513687312
48005,B,137.96047002289205,2008,48.50643583207092,127.7305597259694
48005,B,135.75202445908076,1993,23.82293429019561,227.3849800418539
48005,D,111.68083353208381,1981,32.18457341414614,225.85373199956763
48005,C,226.44732778728,1970,78.48780951604171,199.6383811957995
48005,D,154.4339011842713,1972,55.93132863767501,85.48575389394136
48005,D,139.9843975876321,1976,77.55908194888976,147.6788260129879
48005,B,87.43215531040855,1993,61.29610813363754,158.44744109836967
48005,D,25.041180604226625,1968,20.60985601113715,68.75138412911133
48005,D,123.92146995093213,1974,63.27850759302106,82.0143269909146
48005,C,109.54883713569873,1959,61.964363540075645,213.02367689607357
48005,D,77.47397728953499,2015,34.87691980800176,206.75835689707944
48005,D,47.507171725954706,2019,71.36555332797404,249.26686752544947
48005,C,64.6845909385829,1953,60.544965674191594,227.2391560930149
48005,D,49.08171335334842,1970,12.034996624076761,83.37702357097419
48005,B,31.95955940096121,1994,16.509344787619252,167.6404533896781
48005,C,91.78762006713058,2007,49.30392115716666,162.1320188832342
48005,D,129.22756515985185,1983,51.95582759640537,170.4291288104962
48005,A,174.51372531721302,1971,58.67909538296373,199.1850417627349
48005,G,48.950771946361044,1980,67.75914673662805,154.0593153837308
48005,C,138.05723851734342,1967,35.99954013111321,62.508445379473685
48005,E,91.0459845760285,1996,79.88432579750648,236.62266626871153
48005,D,213.09028918348156,1996,18.283533364637112,131.98097793925766
48005,E,66.1654915387435,1958,76.52189270514143,90.58727351498044
48005,D,155.89951549580854,2019,46.26551363671708,109.7451147177546
48005,F,203.77736967722427,1991,69.6909613912998,95.10826598514652
48005,C,49.98974783154455,1970,42.073082071652486,146.59377441707105
48005,B,-20.310855474927166,1953,13.488941944805909,230.78266605207494
48005,F,106.28858214727344,1973,43.04423039378988,52.680525286433124
48005,C,70.03436211749313,1979,12.54013358294515,105.14397061911045
48005,C,66.5374703023921,2019,14.575631029506967,147.51423873467687
48005,A,23.174063274594204,2006,34.214431325118596,113.0379042194718
48005,E,112.4582189696722,1981,56.46527803229124,242.67888684271009
48005,D,108.15004144699199,2020,37.54134925945141,215.57367506443455
48005,E,114.77593268115668,1970,27.957104371097348,180.8349202948149
48005,B,237.77901292841028,1998,42.47527406818353,244.4010659263074
48005,D,79.57900877383065,1999,60.40056277641792,133.59798677409685
48005,B,104.23675778792268,1982,46.63736379620565,72.95377437384349
48005,E,105.22293799267254,1998,48.04767521398522,66.34506914935565
48005,C,127.61577567883121,2014,40.0041382879333,78.19192550435386
48005,D,109.95742608546902,1965,38.82358791091559,180.19469343019082
48005,D,112.91521619761885,1989,17.835514891507124,121.19467475897055
48005,G,119.31985827773389,1981,28.103458442162715,82.94127068645918
48005,C,192.86792791355106,1964,24.34168919054988,225.56601563040817
48005,E,101.9763297897702,1989,78.94927592986126,204.40249526199807
48005,A,145.5707750464977,1974,16.590633708798855,118.7326385218206
48005,C,183.22891886692318,1988,55.974607330700586,214.4206321200451
48005,C,96.84175667642671,1968,40.87505107755486,89.121854608903
48005,B,107.12298899691255,1990,50.43153561168103,176.91648351006074
48005,E,83.52726519451306,1996,23.708856881084323,229.39158608470686
48005,D,220.99189458271275,1951,32.173317394726865,221.4358513997506
48005,F,28.480443404542598,1989,45.49357727058087,169.6225258738036
48005,A,187.8039073403354,1997,20.647299825559102,138.06468367366978
48005,D,80.27197362957229,1968,71.76914578851371,210.72070708830702
48005,D,116.01793043771424,1970,60.76298836191735,114.60223967724276
48005,G,142.6185898124867,2008,21.356338404773552,52.52150399515181
48005,D,209.64612956654366,1983,24.682706337857695,125.80542524381949
48005,G,131.19776390448672,1958,67.33444597031593,158.15875099710888
48005,D,104.8169238063002,1996,55.61675430944982,112.8121589985464
48005,C,22.236178684494945,1952,71.58753397661867,155.08698250913858
48005,C,90.08160948848906,1983,34.35589881075167,140.07019578108253
48005,D,202.0523314864479,2006,40.48538180787115,165.44994615372264
48005,D,141.4665510909951,1984,12.178091994215038,197.85894703295463
48005,B,139.12207089096492,1989,10.2671993887043,186.333896480324
48005,B,163.39234715156476,1996,31.37174736877119,92.52887527421922
48005,A,101.09569495083328,2002,55.72139533718981,237.66096368969653
48005,E,156.18052936144375,1955,56.95126183340838,162.08812619608798
48005,B,153.3730390819656,1995,42.22507898413484,222.91272190453398
48005,D,132.646840713254,1974,39.50108291054732,55.43500321816883
48005,F,116.8276968027927,1971,70.08391737593846,108.44364609237955
48005,F,156.94052404437514,1994,77.39672499518181,195.33419841406464
48005,C,150.76837420065266,1968,71.09276876962895,72.5160780823874
48005,D,74.46480884676339,1979,13.22864950350137,163.43415598387713
48005,C,124.59323728242468,1963,51.885023900843116,109.44756154172345
48005,C,167.51537959867878,1990,79.23198508451217,175.23523431862765
48005,D,205.53066862909628,2011,65.62047950901332,56.93405334529666
48005,D,83.31060131073181,1969,25.41577109641206,147.67492579658773
48005,D,121.80316957348137,2022,73.67387736056148,183.84005258761567
48005,E,129.47908082993717,1994,58.61153192914961,66.44141274235633
48005,F,170.05230462835706,1995,64.17157590111094,170.38468620302632
48005,E,225.26012006040054,2000,41.16722785993517,207.7604527810719
48005,D,64.3472786468144,2004,45.86546442820534,70.84496056166954
48005,C,228.54713587489067,2015,29.00981353257279,144.57942656218097
48005,G,111.20570937838318,2021,54.38728219634319,64.18644322675469
48005,C,98.0205644484113,1976,19.801686828732237,105.36286155826116
48005,G,9.612454180871566,1989,42.882063409347865,139.49362826449158
48005,C,168.1334459792766,1998,10.536482285445773,93.81376182037155
48005,A,238.18589346483506,1988,66.1809975705869,164.40972867386017
48005,D,138.8675351381615,1958,67.16775228155026,106.9124603525795
48005,E,110.9755105534183,1970,34.165619996118444,151.4823877435618
48005,E,215.05953428765037,1968,41.54179132881938,235.8853388946228
48005,B,116.96695930926896,1989,39.527972497718196,132.20421505310915
48005,F,158.60107810017115,1982,67.66532689549064,241.0121022969978
48005,E,196.56618722897346,1957,70.40163520386886,50.420768635176685
48005,D,101.1502420416482,2017,36.86872181314857,141.24730179110838
48005,C,148.78898913332264,1968,51.742506320225786,159.91673134442874
48005,F,36.277786808615204,1990,75.92079981332475,183.71452934458281
48005,D,75.19052688416699,2015,72.16273450520825,169.73848046381949
48005,D,104.93723823365994,2019,18.43908914825832,230.49066145716836
48005,B,104.13272036356958,1965,79.38842587135433,214.0025258238712
48005,D,-2.6203461716131216,2004,50.40399207141856,58.747814461789474
48005,B,197.8984424576462,1998,25.123595550818102,143.32155693944316
48005,E,111.57051895946255,1967,38.27285049190866,65.52292894628818
48005,D,87.61559871582845,1979,41.24936614811075,209.6760681036705
48005,E,29.03460356676382,1997,10.861679211125292,124.01046693485105
48005,A,85.34065863817904,1982,46.806881921132664,152.33627731630236
48005,B,99.7891494013195,2014,34.21142225165002,80.89194944466476
48005,A,126.47056291377989,2009,36.52371946411701,51.34207806081199
48005,C,141.82125647465395,1987,69.29976427856495,156.21706897704857
48005,E,186.31710989936101,2005,79.16251763089143,140.80032423922296
48005,D,117.70149960414274,2008,47.233889456698435,77.15780941278743
48005,B,62.666764273954826,1995,12.166905364354047,127.59735198937389
48005,B,29.810928911091082,1986,76.91431802687235,112.79334347547056
48005,E,102.25063579433561,2017,79.64005811415251,159.0762242436605
48005,B,66.23677058868324,1966,36.98583333158456,118.07742085090113
48005,D,136.49199768116713,1986,43.45149136155697,156.45150622979523
48005,B,152.82406059175457,1952,31.163327454604563,101.86697946341889
48005,B,95.46139350885596,1995,57.417112506310175,97.00744296076502
48005,E,57.919189010198615,2012,19.743769094198683,138.80874984044058
48005,D,128.3132822950367,1960,24.511630223129057,206.47766589201746
48005,D,67.57379433974035,1973,53.44623358772088,90.26242156448666
48005,C,59.94849169615375,1977,69.67904473310875,192.17694333646384
48005,F,132.8981080790829,1960,34.74225183827477,141.69328491385156
48005,A,69.0219184140057,1960,48.452573558222184,61.548210373834756
48005,D,93.82278093565714,2019,20.415717858358093,142.5351210130787
48005,G,118.13215793790307,2001,70.44832657601816,167.74630442626398
48005,C,74.71338495686905,1972,37.05783547761195,152.25509244015024
48005,C,87.31168306755902,2000,72.61167897769624,141.1958551519874
48005,C,195.8760054531936,1956,76.92330005283532,90.09490310568056
48005,B,204.76647664348448,1994,40.74048716436238,219.3937708414121
48005,E,149.6778361140431,2010,74.84678247110607,53.823218885952805
48005,C,-27.01943173321402,1992,71.04338369129053,155.44523616796005
48005,D,174.22635232475443,1990,29.51319106901871,92.14099277344063
48005,F,144.49702914000366,1996,79.33822229390934,90.13020348075224
48005,G,113.81358318664135,1986,61.83332923674634,78.57005746016772
48005,E,102.17641813158347,1954,67.53486451579508,211.8366342278062
48005,E,89.03817675102792,1972,44.13394667670476,65.529866934321
48005,C,135.6559414873632,1979,11.714891378735665,111.22746817591864
48005,D,174.83767133999703,1983,10.426212376788735,70.18823999550429
48005,E,214.02175732013274,2015,15.380345269331446,150.12485361408358
48005,E,111.03947626873057,2015,59.70770394951947,183.37088420285357
48005,C,124.12563496615947,1983,29.67031492360995,210.69654865937693
48005,F,161.47374209658742,2002,68.95615224407635,159.79608988832837
48005,C,110.30869306135982,1962,52.244516723036504,121.56281682270978
48005,D,-30.975607791041256,1959,67.50023941498154,160.93146960701912
48005,D,129.19247723768476,1963,42.422090172593926,96.93068835516988
48005,C,146.18855549164468,1953,20.00131729375882,205.0692300806271
48005,C,33.090976383172816,1980,29.89918650492617,76.76567259993863
48005,D,88.69049838892167,1987,72.7008708148321,166.6533035626091
48005,C,120.76894906860528,1955,27.27767084413316,198.1808112304143
48005,C,106.35123000400824,1968,49.54890503726775,223.30959634981738
48005,D,81.12304800775112,1964,76.00886717712298,134.47690443686116
48005,C,129.24066353820928,1966,58.091348655226994,148.76280809138575
48005,C,143.0209864720024,2004,10.305428875521637,83.39061774943974
48005,D,129.57534693963655,1960,76.55408954119366,190.50810030696138
48005,C,123.41853146551306,1970,43.27846254950516,176.86794794224085
48005,G,119.824600399573,1977,70.60741156556486,145.19354620233116
48005,B,71.49980162454786,2020,63.72973399625428,133.3008863807758
48005,E,100.16689200890411,2022,70.88342236771976,196.09927219175805
48005,D,144.12620244142957,1994,12.515707244508734,128.94687076896562
48005,F,138.60843407360477,2019,55.13828228156196,129.02618152230065
48005,D,90.62510925141285,2003,50.54226787623055,67.06826729686497
48005,A,170.10426082952046,2003,46.11033318986297,103.5185353455943
48005,E,145.85984172695066,1995,26.932221848790217,232.21374055347673
48005,E,128.82436551813126,1984,44.50052091132127,130.85794945097382
48005,D,124.11649433585437,2003,28.66726376633843,194.97129986300342
48005,E,114.54457411737155,2014,31.830470054181824,204.7982756305525
48005,E,95.5701209003668,2007,69.99906918993976,165.07108065031122
48005,B,43.76472750060971,1986,28.590798307102425,53.51047267332578
48005,C,52.32200719328033,1982,61.73185904515711,94.65267710103926
48005,D,208.55479496552772,1956,71.54785803924693,185.11601839005195
48005,D,211.88033665323547,1957,64.82388893090382,206.07522471419608
48005,C,39.95480107617422,2016,59.70948022586461,237.47568763286415
48005,D,78.5751487609877,1993,14.049111461301242,241.55796019764077
48005,F,146.85454165305717,1977,64.38496072290579,90.99624190536329
48005,D,122.5813188355604,2020,19.856206422487325,174.48272831319935
48005,E,64.42710215314841,2002,46.90856266406796,231.28419278288737
48005,B,132.32523892160023,2014,34.16345459459474,233.49716862639804
48005,C,169.3667258294551,1995,14.354225831529192,79.46060885579406
48005,A,116.20244881787386,2001,26.117564449736026,58.91276468973583
48005,C,171.7791643811486,2010,76.43498374203908,242.46204059755684
48005,D,80.7160201694002,2011,66.48758436187956,141.93297408053223
48005,D,91.81499124710496,1955,41.187914711932365,91.83709308158556
48005,A,115.84831982536134,1982,19.589934413756996,248.9962738650186
48005,D,200.8285247058708,1990,23.784799311739988,240.28596207236646
48005,G,65.06487613076497,2013,76.71140148252294,154.50794334641063
48005,C,161.16144391734113,2004,24.97699270817658,52.60591355141675
48005,A,115.97240540903884,1978,73.55291556457335,238.74031856404417
48005,F,141.29436030965178,1957,21.317000536587333,145.38002129359398
48005,D,120.9573888707876,2014,42.07642552749837,206.26976812288126
48005,F,148.1158310311629,1993,10.84721817432752,51.807693815858435
48005,C,140.8631723929093,1977,26.007374572252616,176.87273777433742
48005,C,164.11665311617045,2021,66.57928076891562,100.76421563133897
48005,C,97.39548335834598,2016,72.62499583043441,50.08855628744158
48005,F,119.63999771048317,2020,36.02068464816402,128.49163724589602
48005,E,150.75150968861595,1984,14.039204989112921,138.87306984830286
48005,C,182.23440231825484,2017,69.30901674053015,230.44728069244763
48005,E,24.191641016706058,1969,17.126257806467585,151.19158154698633
48005,C,130.6951934100741,1990,76.5321419402707,166.3244585978387
48005,C,110.52931645092251,2000,39.92512819296782,115.26768618639744
48005,E,109.10239733656769,2020,69.20946853219775,130.18835249460932
48005,E,64.46739018751569,1972,43.343501331076915,149.50797042922045
48005,C,57.38032777934405,1968,51.56617365667309,56.56192482572169
48005,D,138.1815941312484,2017,30.666926174274952,225.89931414562528
48005,C,87.35210043710944,1953,20.611655236006957,225.1766167034114
48005,D,180.66906999524969,1972,75.17069796197099,128.3647926567
48010,E,86.2145960419194,1959,24.039217575108804,90.71567550927209
48010,A,121.70762087440123,1952,71.79140664713954,60.380188717461806
48010,B,175.34952064892514,1985,61.93274288711006,219.68507581810493
48010,C,74.63699766194388,1999,72.72285597600533,213.6053498277386
48010,C,89.16974729772515,1996,66.46854637863174,246.97168055249517
48010,E,101.19116986091558,2003,51.344648379624644,182.20285084946406
48010,B,210.10824042157228,2008,28.831375275881733,153.5192602631044
48010,C,139.15501060366103,1959,43.730723549223164,122.34205097191612
48010,F,73.77513953721983,2014,59.59427882449582,84.41784585905188
48010,G,136.50834205964836,2015,58.80465673367458,192.8653271469995
48010,C,131.5035379595701,1988,69.53301303325864,118.92081688951193
48010,A,144.88715445456972,1990,23.666842206954442,119.06839044897757
48010,C,172.91035234719538,1996,40.47269550186653,159.8619542960208
48010,C,166.87800611023823,1964,45.4670854287922,127.44745423561919
48010,F,132.80274321416297,1982,77.91799768082399,137.53226562964068
48010,C,103.8381017738955,2008,45.0761516183538,191.23863659267172
48010,D,3.3581099737875917,2018,60.291776312578506,222.5280942298358
48010,B,187.48697647753124,2013,60.00875345386188,240.49342333756937
48010,C,129.3582010243081,2017,53.752043025964404,113.309933053574
48010,E,131.49632339467152,2006,65.76769780339606,100.0935797584998
48010,D,180.59719926932001,2000,10.850974003417077,184.80398381175854
48010,B,133.0625265616928,1961,30.134291033057472,111.35531990442824
48010,C,43.88204068910544,2006,71.45891478893844,171.1009533231753
48010,C,175.63441874949626,1982,30.00308272148942,136.55337591985253
48010,D,98.38810804176866,1996,36.700872898931806,246.4099074031925
48010,E,111.83395963580509,1956,54.25975075463479,89.79842779188735
48010,C,99.3267419438362,1978,32.76777341471863,238.25448964837034
48010,F,133.01402532914432,1957,14.725178267867536,153.740198876119
48010,B,195.67989873263892,1990,24.31084017646828,153.94085257889685
48010,B,89.33195937408586,1952,24.373305709475986,146.607939511778
48010,C,167.42231749307678,1971,20.07593395005616,169.0719322517208
48010,B,55.70226131425869,1969,30.810355321513356,68.41339721649508
48010,D,194.9291286005934,1979,54.91423361791482,190.75846219810154
48010,C,182.38784170381078,1976,57.321840163678324,191.3259739757419
48010,D,63.87275968777931,1951,70.6266943528184,239.34674578467911
48010,B,74.12485894928682,1959,52.85807055332913,92.61700173696164
48010,F,47.77413314988635,1977,53.92406002489955,127.12270257312962
48010,F,191.51732994239637,1958,41.51779723000232,241.51620301676346
48010,C,100.73083362373922,1981,25.026750478077574,182.99890324755475
48010,C,141.0226238623779,1976,40.350795484283005,68.52509661027344
48010,D,113.42637021641661,1964,67.20766179567748,152.5452788523552
48010,C,161.30235857207532,1968,51.2617792639288,172.6583369774758
48010,D,160.37654999094048,1989,55.77958646378608,213.67391329626747
48010,B,71.33788433137332,2001,10.962188780794168,99.67525207396004
48010,C,74.19040422593787,1989,34.84025815223035,134.95430608501056
48010,C,78.40888958847776,1982,57.10101680186558,66.22983570724783
48010,F,140.39383911876607,1968,44.545069450808576,106.66095248498613
48010,E,142.62657181797422,1952,53.17485254967788,198.5762987335878
48010,D,81.83569479107092,2022,24.43521835588979,209.94375279297225
48010,C,121.8968917723801,2009,35.79142439416052,229.06921783063385
48010,D,108.45668130776156,2010,71.16060441275576,177.59085253694775
48010,E,192.66303316605172,1989,40.97818603703219,179.86446491537635
48010,F,96.0474471319123,2006,24.07691092098672,168.04653183017854
48010,C,31.32478330251935,2003,11.981789208186745,92.00586990325633
48010,C,156.8645658273526,1978,14.934436195020126,87.1293409802486
48010,D,112.06916614743392,2020,60.43958840510843,215.2976180391525
48010,C,114.79379228877387,1972,27.841757424041763,198.5061665680843
48010,B,158.98777481444105,1974,67.968178030444,93.21202324895327
48010,E,148.45396297678215,1998,45.394390739537116,238.2241625067347
48010,E,181.62624415589534,2010,37.49115202899914,160.67423794995437
48010,D,138.37408327371523,1991,71.906358291608,118.9562840145294
48010,C,104.32351569138011,1979,40.74474208748021,172.1093510030849
48010,B,70.60955827059901,1995,36.93625320547723,147.87528979413406
48010,C,146.73892729025047,2015,47.23223553052599,207.88643883903825
48010,C,16.933727202942904,1981,72.35988744882027,98.30736834033635
48010,C,147.54933287856568,1985,18.28905274231523,92.37886608802182
48010,C,94.58053143709658,1968,33.497168312734175,199.8780905602318
48010,D,86.96289819823458,1958,39.104257246632535,135.78886668602885
48010,D,174.29633481613988,2014,24.256699644087938,115.51043303602648
48010,D,172.76094256655213,1950,54.19932448528635,156.50081328319635
48010,B,73.72876869702063,1978,40.736689567557995,246.08711405407436
48010,D,132.76918778371586,1962,37.43015612316182,229.13495552375574
48010,C,-14.239402355874603,2011,65.4930679500969,63.80918126291995
48010,C,132.97867807401104,1978,53.989851963021096,187.7263258615751
48010,C,182.2249038010529,1990,43.95662619856781,116.72567916737313
48010,E,126.60104613087786,1978,22.840953748240416,220.99480391229486
48010,E,79.99807178011767,1979,55.34419630652395,53.10166612531844
48010,C,116.82377126923224,2015,14.688152841769007,225.47009062656772
48010,C,144.80824527989682,2006,78.7195139764799,140.09571429411906
48010,D,122.21339866745569,1969,79.80276477320653,161.81185698932043
48010,C,88.23188055871853,2013,52.58862551160124,191.32685269351927
48010,C,60.51666704548194,2009,60.591642656716324,181.3458969443216
48010,D,109.5522922387993,1980,66.31462497022756,204.56191465806748
48010,D,225.50677910428115,1974,50.671056536257666,135.2141955252194
48010,D,11.725920714349925,2007,63.09513166414735,52.925651775535144
48010,C,135.23181481740255,1993,61.957723103936104,83.97620121014705
48010,B,134.8287772570381,1966,28.0761713766312,171.08235150151745
48010,C,143.15923976337925,1985,69.68094684568399,158.32928364335197
48010,E,82.56598992474302,1960,28.96598888214558,90.45083610490698
48010,C,34.98951287411717,1989,51.983992047934855,222.30274144537873
48010,E,167.12842742680945,1951,19.35554069873626,138.77183768426022
48010,C,163.02280242111016,2011,65.73690153789579,104.38920788368975
48010,D,124.91550961190512,2010,32.71582601227395,103.90237245845452
48010,B,117.35859977126155,1962,55.829635274940934,214.7534791598246
48010,B,150.70128236292402,1972,78.83139597729271,207.3416681414618
48010,E,146.41964059338602,1982,40.26423584823431,56.22981855867821
48010,C,137.48250236498467,1995,56.67931739139606,114.60546915081878
48010,E,41.75986143189725,2008,45.99407280065375,197.24577650571
48010,C,86.52621874554283,1957,27.430611527636295,165.34047977155126
48010,B,133.76106443789152,1997,67.86564402224482,230.61874557530766
48010,F,150.12330478504504,2016,79.83398081815096,98.29929705137357
48010,A,172.09260718740143,1962,19.105646888026286,54.485177832411026
48010,C,136.69299832842674,1997,31.853745775232255,53.148582599135395
48010,A,191.56833909155918,1973,53.662015940480636,202.46052490019198
48010,A,139.34042603446014,1952,53.72298336801721,222.8866493736728
48010,D,174.54902125929834,1974,14.852983127143533,177.66444795836532
48010,D,78.05293739598488,1974,26.02128237384493,169.37037537755188
48010,F,140.43326416860842,2004,53.296894110272994,176.61453069990262
48010,C,104.9481944939548,1991,60.057011289859,168.63164380789362
48010,B,-26.44756823505486,1960,68.2982331308353,122.48626452316583
48010,E,94.0303506792812,2008,58.799506412426645,179.7277913537631
48010,C,127.67204879771359,2014,54.51582287786976,169.86042322788757
48010,B,100.11479430465411,1996,41.703774918732755,239.7488790299422
48010,B,210.9974425274835,1999,64.53718104770508,171.9394850305232
48010,D,140.74327501809552,1987,47.51545551964828,147.69912653198108
48010,C,143.1644265059053,2015,50.08250630174157,105.40250486519577
48010,F,207.7737849157745,1989,51.58579463987987,190.52804117164578
48010,B,198.6509862607428,1979,74.09705625831549,173.26289844657927
48010,C,161.71142032997747,1994,78.33308824916585,186.69075548150178
48010,C,202.18452476261194,2022,79.80665299325219,56.005201065878566
48010,E,134.4326965403742,1957,75.85413097826506,205.1823065614612
48010,B,123.73881339609844,2002,78.27401934353493,213.39478145436735
48010,E,86.68578997450466,2007,26.055604392637065,143.82144220951574
48010,C,111.11530114432999,1959,15.237484363648113,137.69134305011562
48010,D,99.43050849862547,2013,30.95683615937438,96.50119844156623
48010,B,95.79751818064909,1988,35.59169907027767,120.73933731614679
48010,C,129.9648654996032,1987,70.52612453006981,80.98506222868853
48010,B,134.33649195418957,1951,68.05199638880316,191.33510673553997
48010,D,116.19516156940203,1959,45.38561322729048,78.81575720263992
48010,D,59.1301940505367,2009,44.148402298080875,66.45446485541237
48010,C,165.7695137780081,2002,39.3025092442831,141.6862848262876
48010,D,92.52298627022326,1997,48.30662642944502,248.3545761958499
48010,D,128.69805748428539,1981,72.26635177306342,124.29345252487536
48010,B,68.04632168041094,2022,44.47983495273083,146.6361726627337
48010,E,167.57246385290432,1967,18.62628030014274,189.70612504182742
48010,C,101.67464898159741,2011,73.23086100629973,227.9767452946973
48010,E,206.4557384034767,2009,44.27371234351713,178.9490497153637
48010,C,123.71396220414243,1988,75.26259307602143,198.3205238903571
48010,C,131.62974541139081,1952,22.798644590817197,215.1421903121334
48010,C,109.01247520786356,1987,77.89485677416336,164.25209398741947
48010,B,180.8979576152779,1952,72.57896435328726,117.49606513497963
48010,D,94.3401817743302,2018,22.258619809124728,184.55292288249333
48010,C,140.43036538508838,1971,62.61733204160435,174.69556610385928
48010,D,104.6095764430558,1998,53.91302545634746,200.05315278776845
48010,B,15.648649069896564,1966,30.576437071182827,97.41694170346801
48010,F,90.76911346714002,1972,30.402263944565572,91.50818724114069
48010,C,116.5210895539387,1977,63.24029497186976,80.89844080098516
48010,C,164.499378110855,1966,59.285828992493734,237.03441734529866
48010,C,109.17944125037056,1992,12.13245804162721,90.88967449285461
48010,C,212.62823643875248,1989,25.87188290848612,184.00650756151336
48010,C,98.35495906074264,2001,29.49295102492866,220.5963990661183
48010,F,135.7224458675981,1950,65.72051816990984,200.7468140856009
48010,C,98.5827380147069,2006,23.239737001608923,234.47349693402057
48010,D,17.65326566386001,1991,37.44655038332009,200.15392984221114
48010,B,83.45218621422634,1989,75.04013020481811,127.46450359506281
48010,B,157.89609249618098,1986,62.459820418656605,136.22248101940102
48010,B,89.23854046460384,1998,33.254389966312516,108.75518123487815
48010,A,37.93733988200685,1977,51.81046942474285,180.67669969573612
48010,B,163.67582122348753,1986,71.9398582387203,197.8133951878745
48010,C,45.386560667006805,1992,33.783916960919065,141.12383128745032
48010,D,16.965074266804294,2009,79.3076192260806,112.37588715274504
48010,C,148.95038500746318,2005,40.99586955806162,102.20970524696962
48010,C,96.57830758598166,1953,23.894375222374435,82.97695531302769
48010,C,62.2652628683567,2005,51.664898388881234,80.0944542011995
48010,F,124.26047248169505,1973,42.967217670431346,182.3827265274023
48010,E,-29.556798545036173,2013,29.112843352946474,85.43850020223823
48010,C,110.2160720561524,2002,27.46207430052626,193.42411369443872
48010,E,193.9361804733946,1999,72.68939936922871,231.83505281071714
48010,C,64.77943612442077,2015,22.924272014315846,118.4215241727188
48010,C,166.1985229292202,1998,67.57462545031589,84.66861059505618
48010,C,137.41446650498793,2001,61.37181915617789,176.44763017357218
48010,D,83.37657714941729,1954,34.85921534276688,59.04983780377757
48010,C,122.15415040121927,1970,67.46867121093986,163.3210517810926
48010,D,107.1724509723563,2016,38.759996428834754,162.11596180020973
48010,F,110.96078180522545,2013,17.3118162670106,165.37147622654004
48010,C,104.67152764330748,2005,16.451757093070263,167.01568844124063
48010,C,129.53574833583974,2009,53.186081916915136,222.69314606829266
48010,C,133.30961240936352,1988,22.076671386245344,163.5948594632161
48010,C,116.70126895545948,1983,13.524466887854727,60.55305157192052
48010,D,142.53277776673275,2004,25.278191088561066,247.88635315592632
48010,D,140.7988310608901,1991,67.64865586282733,214.13923215335586
48010,C,80.10032989092618,1957,21.081273007393005,60.35717774656337
48010,D,134.13943482418384,1994,68.8636097282035,94.2477392892128
48010,C,105.46446283233902,2010,50.353070629042776,202.37672237248879
48010,E,76.50099037625458,2009,18.30506360191062,236.749884600294
48010,D,87.01868494700443,1983,12.28613425491471,145.11923836440167
48010,C,142.67543562772337,1967,33.24768483156872,235.6203671019573
48010,E,70.88529828726602,1956,39.23668970718963,73.27169703289917
48010,D,128.99155397689532,1984,34.8266343489558,160.1326758881703
48010,C,144.37069634524215,1997,13.275009148023797,113.9304110584125
48010,C,199.8024245697778,2019,57.307604757285155,181.63196485951468
48010,B,102.1630718370486,2017,48.94296050799555,55.8310372044178
48010,F,98.0870441310719,2015,48.99283592925246,96.2761272753696
48010,D,93.09204993966357,1992,28.3640076746662,112.61002901262938
48010,E,117.485851281875,2006,29.998971583133518,68.27482097208184
48010,C,88.04382387640177,2018,64.66747045511048,129.64555879160233
48010,C,135.11556525738214,1955,76.02223760728995,97.42889319554224
48010,B,157.64136069042365,1972,45.03341211067027,136.7541132036035
48010,C,33.90135179336403,1955,32.76478373933479,57.853882848330464
48010,C,138.11592293677796,1960,59.89921971026685,189.3390222873497
48010,C,83.88186302555002,1981,56.97652099601832,211.08600860919583
48010,F,86.75652286880097,1971,64.83085880692335,103.18569012642376
48010,G,123.67172596205594,1963,58.16318899518902,74.0775157578178
48010,F,103.1810668444798,1972,14.598448154276145,227.42386344473968
48010,C,162.61725832308835,1974,21.21579206835544,84.18728048416966
48010,C,119.68267894635825,1974,65.8047750805134,194.84650952238985
48010,D,174.16366217331083,1974,56.32030778507696,170.48988839331756
48010,B,91.67966285187572,1960,68.11056880985427,239.65030755801587
48010,C,74.75540369760667,1951,74.85246585693294,133.92547656136207
48010,B,71.59458558354412,1965,50.176490624830734,128.57902177863582
48010,A,110.87909322302306,1996,27.351135110989656,189.5432615106586
48010,C,121.5537983437507,1953,78.16602893500047,158.83973250074044
48010,C,69.02468988079065,1956,19.237572373677324,152.63661675135575
48010,B,166.72138916156536,1961,38.734705584238824,82.66732961781145
48010,C,63.41316403411823,1957,75.12788941185279,69.07218425460071
48010,C,77.09263770516685,1996,70.94819188202075,66.70498293600374
48010,C,-25.349410966082075,2016,43.907382992059446,188.76111139348234
48010,D,101.2588971689097,1970,66.38026305099905,202.03218595803182
48010,B,97.04548448905041,1985,38.540103946565765,75.11311572745028
48010,B,85.26998154184277,2003,12.427089295824647,128.3821125887818
48010,D,146.25951951688643,1971,33.61176679058593,112.38238110734105
48010,B,63.109642017318265,1968,55.36735241738864,225.0236089116094
48010,E,127.16719412979447,1999,37.78945135452319,81.26339414177217
48010,D,63.56885014936525,1986,15.74165796480296,56.98784928119769
48010,G,117.25094283495508,1956,18.209610346031155,83.81235568794325
48010,C,96.70889605401955,1984,50.44649351757593,223.22030907556695
48010,C,234.08259182694212,1959,39.924051786318756,116.05693350041687
48010,D,89.11791615331516,1965,55.140285597048596,54.70649888281975
48010,C,87.08548793703896,1953,52.223451593026724,154.72010943052234
48010,C,100.37852227710923,2014,55.646514331715544,206.1838712772181
48015,C,165.01992941975317,1961,20.624278689577146,227.91532366609843
48015,F,142.5612659659254,1998,57.77727216764051,165.07183462581972
48015,C,165.8983835333181,1959,58.46480143080899,96.66656452986533
48015,D,81.70699549568488,1991,27.575607256561742,180.08504976477286
48015,C,138.50014231051827,1976,61.390588132915234,118.26372919001042
48015,C,85.27558569861684,2015,38.796219998881256,75.27728448113342
48015,A,179.76103357608574,1997,11.949656857475208,176.2750652096502
48015,C,143.9101130950879,1985,22.22530301274307,109.18640588732322
48015,D,129.23552373905417,1973,35.392752027940645,159.33926565926797
48015,E,166.89577687553276,1963,66.01444433785053,222.6018092134454
48015,B,164.0561569639763,2010,73.01848778414492,208.4382389603352
48015,D,155.09378906539598,1985,53.014004425814186,166.2390847441913
48015,C,108.26703312267186,2018,56.32842095797987,176.7423199531058
48015,D,127.18940049627646,2019,57.92383359854764,230.54110208907125
48015,E,115.83031894355582,1954,17.240388040233835,130.40544337764814
48015,D,-39.39057380200717,1992,10.002150319176769,192.427409176121
48015,C,178.5099354598302,1984,72.91515228161434,160.6223942116743
48015,E,126.71482486238965,1971,56.638750303532696,247.76710627783288
48015,C,98.18202656408798,1993,16.76513840014266,85.37939016479679
48015,G,-0.39341634634428146,1978,16.13548853362573,63.162352138115295
48015,E,21.864620999578165,2002,31.402077021310376,130.54074419891202
48015,D,100.26865939008003,2019,51.4610959743467,188.93075456203508
48015,C,162.14156223642155,1969,62.74304774617177,224.5718843131329
48015,C,180.32400777075273,1994,64.6243503918111,184.7403467084313
48015,E,115.97171008438146,1992,23.737200169431595,75.10995797969542
48015,F,22.41964032299235,1975,30.865295536737595,105.5690326413131
48015,E,170.91776921141349,2000,50.99113787108288,158.86897752686423
48015,C,143.2673086763323,1975,30.69655274901334,236.50891787049017
48015,D,86.30378266352022,1991,20.77436568480335,245.4063353090352
48015,D,43.73612327419667,2001,61.115520243007445,122.96449404155973
48015,D,51.70879222922805,1975,63.931305475179286,117.46056729349728
48015,F,112.55153451163515,1986,11.465388247871328,113.1546302498992
48015,B,158.30980045870535,2006,77.65832615864576,175.62390624871438
48015,F,170.5206913125328,1956,41.79285639156943,132.45594556633313
48015,F,94.03018140869366,1977,50.58118162939344,119.1249987152803
48015,E,102.95460613269601,1978,33.75136871166972,151.18633086391168
48015,B,16.75213062076324,1994,18.06023248766408,226.65472028524476
48015,C,85.70009791402893,1996,53.149972416030906,141.48861117397763
48015,C,6.255661808881882,1956,55.41357703115702,240.91318577176216
48015,B,60.32288627824846,1959,28.372940958488517,155.05168375631666
48015,B,99.90062211621824,2002,57.29349167187703,57.61726011986386
48015,D,156.51810951669734,1953,48.6656296472064,169.04594654388032
48015,E,27.697587477797228,1985,47.819522523119474,65.85605692623835
48015,D,165.9851657042151,1967,22.046022271683853,225.7538499585829
48015,D,103.78531415913788,1986,15.643078361872123,237.91371780503314
48015,E,166.69725830508682,1988,45.17436137788524,90.15419495133571
48015,C,50.40268796484217,2020,57.494381805540684,114.61994033326745
48015,G,69.44791176950946,1955,60.544624494264966,58.05710375559969
48015,C,251.67689700158024,1979,57.05754811059363,146.2555902438474
48015,E,146.58724415628294,1976,33.92930998486645,224.77499110420368
48015,A,138.02576074722487,1964,52.72642467228293,54.82203868173337
48015,B,46.35068061291223,1967,51.962279776110165,230.48065522213494
48015,C,105.32972420789775,2008,23.78215102429785,138.23011044612647
48015,B,47.52901354112909,2017,34.71720222568726,209.95667288915666
48015,D,142.2099163645336,1974,41.17705681845105,52.91343095025578
48015,C,175.06614788678812,1963,21.523989978106812,133.0249879069442
48015,A,99.54416931723743,1971,14.171096814720059,170.87186394295423
48015,E,119.07476983851686,2008,25.8740837723752,183.30439533860698
48015,B,59.18370836024505,1959,24.160576441074255,127.34141140879558
48015,B,109.49165461040492,1987,45.81952129802906,146.65885699326503
48015,C,110.11154776471929,1953,10.513390558532619,55.16187857263635
48015,D,129.45556083019704,1965,49.62128974214747,225.6067025688914
48015,D,128.7643389466962,1993,13.190961056406817,239.19417796911986
48015,E,53.16372805620347,2005,41.60959106239026,237.38557274622778
48015,G,152.2584562686409,1990,21.62523966334596,61.8211641751309
48015,D,157.2495709807041,2018,76.42864669329009,78.51131100662312
48015,C,80.53264939745188,2009,21.891081608313343,61.083177688448885
48015,C,125.10374581236918,1981,44.27508532224228,133.0886001184179
48015,A,69.47008900355434,2016,77.74619163539396,159.97283567287963
48015,F,94.23908030958786,1994,26.584679572770643,69.39313419308495
48015,B,151.0373777639712,1994,43.256291100673764,234.4868567312249
48015,B,172.0094282396376,2004,64.76980685489515,248.50292403239428
48015,C,122.26113544999913,1993,44.290933370242115,176.14348889838584
48015,D,122.55989509405427,1972,11.167306944288741,88.95469953744518
48015,E,166.91578579822522,1982,68.28282413282918,210.83311299677683
48015,E,73.93774442785468,1998,77.00378744634642,228.0276106893828
48015,D,218.42381542132725,2003,14.142395030447927,176.56052213230137
48015,E,97.40155051927553,1994,19.310685923513013,81.7473526748619
48015,F,188.40492408819063,1992,59.050786489898464,167.8040181961823
48015,F,61.56294857534368,1967,50.29154000480574,82.29156681284802
48015,C,224.79217509045793,1996,11.763936637474874,120.96637110863253
48015,E,199.72211958745984,1955,33.13927016144036,198.947345565842
48015,C,123.046454692468,1994,44.17243727175698,76.63642513350467
48015,C,49.650021101846036,1966,58.58121898740194,86.55023319748719
48015,C,161.81114684107646,1987,16.391616178126917,113.73792079810471
48015,B,111.3423449100151,1952,22.208648697804968,144.32989815011908
48015,B,162.62979016475515,1984,72.76022609283072,89.2588604622134
48015,A,226.0284060215251,1965,51.78616563892208,212.03221799194048
48015,C,136.0392862966342,1950,32.91946711134136,82.92410264730097
48015,B,129.7025971802937,2004,36.931280355521146,137.19903611411718
48015,D,85.55838028377048,1997,22.41285872567576,194.61432720993378
48015,E,127.13741680224783,1967,29.829908244480414,130.06256723459882
48015,E,173.41896668470082,1953,28.61983851648606,116.5561737921591
48015,D,150.20604447942588,2018,42.09629935309108,162.9181277866927
48015,D,143.98398697549817,1991,61.51425674863921,91.67991472366631
48015,B,129.94748482416549,2016,13.445464017853313,96.21617057489924
48015,E,78.80322565140003,1991,70.13782303528416,150.01165183821735
48015,D,84.04452742754071,2022,63.20038814734689,112.51960498166002
48015,C,147.9850236205711,2000,72.04017515190023,80.27423425265499
48015,B,129.3769392206981,1969,37.54887352744208,76.14346471795146
48015,D,146.55483011423038,2019,35.687298490504034,79.44541488210339
48015,C,201.12491704505067,2013,54.52478942465579,129.6561098178109
48015,A,161.07272146267027,2017,65.65406123242917,114.74616512208473
48015,E,122.28082146607719,1963,22.796937197745812,241.25837630267227
48015,C,95.15339874410108,2000,27.39778746491982,113.38852435345628
48015,E,110.87155128102295,1991,48.21464733163,235.24104037686902
48015,E,84.96736728277227,1955,58.32259928305103,239.00481291611376
48015,D,164.13240385065598,1974,13.764061816338836,183.87139684814966
48015,C,79.91474786755137,1977,66.16772213875427,222.28360921910348
48015,B,67.00249605076417,1997,33.017583249402655,182.462747746144
48015,E,160.84339847661312,1958,79.05941798800873,169.567997369137
48015,B,98.68657216617873,2017,53.74858238632246,177.67011548408635
48015,C,116.92233310324026,1990,67.43864974790031,185.3289269639695
48015,D,117.89051497697325,2012,60.4268799010512,152.2227276979001
48015,D,183.76953689995074,1952,59.65721752770703,71.08027547929245
48015,E,112.41427832113854,2012,59.39447774582871,234.43838561025686
48015,B,80.95224040670277,1999,31.441069782127627,115.2215705025147
48015,B,98.81122721960038,1976,57.5413797823694,176.27519552867534
48015,C,169.82623169482903,2010,19.74778495492928,52.14305953907179
48015,D,83.51676880894367,1950,13.931340693231917,101.12781875907231
48015,D,101.51514720144567,2020,71.59402387089102,151.10415834469808
48015,D,101.74508886296682,1987,14.419093644557652,129.35101129110586
48015,C,173.8193769804433,2010,64.95447447325019,89.14252801992981
48015,E,112.89550624551673,1992,42.0620031608708,101.32944143721916
48015,E,19.07560678056811,1955,31.810021770756027,219.13070445546848
48015,C,127.25318729796908,2013,34.15117879471963,60.946541384997175
48015,C,49.544653612201145,1958,48.76764084436079,152.59586996418147
48015,C,99.5682043731665,1983,21.747021695222003,74.07271524199722
48015,B,136.083927068825,1950,18.339847039723374,152.47856414642132
48015,C,128.40299029834102,1992,62.08200062433737,192.20019238996224
48015,C,134.152241006824,2011,26.290984424088627,60.76610498169181
48015,B,128.4464495685427,2005,53.726478199860175,66.2328448927429
48015,C,163.4967826224013,2010,45.62258490489161,222.28913720426485
48015,E,175.75833870445067,1979,64.46324145382394,142.14672004833477
48015,G,136.10411553834928,1989,29.56117151232318,206.5000288760587
48015,E,119.4453998025699,1998,70.02714254263466,69.47337875824422
48015,D,48.942342992718935,2000,11.279254880645436,230.82707051563813
48015,B,94.14314597756189,2021,31.54734050182834,98.23304286155239
48015,C,31.446572345595442,2011,36.38068162430319,225.1809849999789
48015,F,143.5771190209103,1978,61.618696101836235,157.40826294839485
48015,E,183.43105123016042,1966,32.02402362546391,184.80350697679347
48015,E,71.2112746304523,2005,18.574850337619246,176.98133183063254
48015,B,144.2500645761614,2019,15.449956372613872,241.0896382876135
48015,C,96.6088908583867,2002,19.73015436393544,138.0142150132997
48015,C,103.89934113960818,2013,73.6441495344541,213.92497390952897
48015,E,107.9503403072402,1993,52.41483367899731,150.74167741681413
48015,E,226.8260372645051,1951,21.729657751315454,112.0616964209095
48015,D,56.81458530104991,2019,55.83077439489101,132.24081344237084
48015,D,107.82368054073663,1967,25.43561509956536,87.19230151148354
48015,F,72.80677047885766,1956,28.264300575511765,243.92318778086758
48015,D,159.84979318611374,2006,59.416936560600504,150.73772186564779
48015,E,142.53693950217735,1987,36.713154937639445,205.0469077798112
48015,C,61.19133317226097,1983,41.519773868206805,156.22189926750553
48015,D,144.37801485433593,2007,53.78034151166154,211.65364224325566
48015,B,57.53023984702361,1955,34.91704414294483,79.70135632873615
48015,D,64.60084789785462,1970,36.74864461219812,76.45374301969633
48015,B,80.93516465884707,2013,75.30696378697591,167.30235620748974
48015,D,68.75038430906186,2011,67.67983563159848,90.81753223115206
48015,C,93.76687964665985,1985,46.21054375065772,132.62147954542883
48015,B,144.68274238215753,2009,11.774402298475694,188.00937768188993
48015,C,127.14046962212916,1992,16.094984390411575,90.42987984505416
48015,D,91.11247459229116,1966,26.211931733472927,219.78477389521456
48015,C,156.03447355971147,2017,74.82416918727859,82.33891065479737
48015,F,90.64303340041685,1989,60.028697266501396,98.04388664167712
48015,C,98.77032102599033,1966,23.68206002578799,83.24587241033174
48015,F,108.97434576711646,1966,36.04575784740271,201.9647316856777
48015,C,167.50079143348228,1958,31.983066484290273,149.83978936826637
48015,C,132.15023610272,1968,16.097650262300384,147.47688833440856
48015,D,156.437964157189,2002,23.32358825665333,233.44411836497255
48015,D,50.12513380403678,1982,40.16007927675895,112.4383767572776
48015,D,145.3302013750992,2021,65.5754593416296,238.19846451488743
48015,D,142.54284332442077,1995,48.121681409752455,58.21363455808108
48015,D,101.523457687182,1965,41.524527004655496,199.7926301720797
48015,C,117.91957711344696,1965,43.620598115394905,182.34076909626936
48015,C,131.48207081949346,1982,62.40260960072827,146.52024713230412
48015,C,73.90252364674696,2001,47.19497822268867,129.15553593208614
48015,D,89.29956964642975,1993,47.49441504113021,173.6581597509576
48015,D,166.8330154923396,1975,45.76795201315434,135.7528582229367
48015,B,118.47798342486168,1972,37.13866083873047,77.673640177638
48015,D,114.87891169915102,1969,60.96815061353165,170.0502820199166
48015,D,26.97760000378466,1955,44.80777206136146,85.68321931269915
48015,B,163.21218073671133,2001,67.10217664382847,169.46247566614238
48015,C,178.2291735600974,1955,24.489552087154074,220.2811495782948
48015,B,115.63719934085272,1956,69.32833431383155,86.36353056746775
48015,C,145.76471608122336,1986,18.33745751137014,78.10942559910859
48015,C,78.28590949826877,1975,12.904812785693446,114.41350703914594
48015,D,140.5266007204626,1984,31.438752090323028,103.01625686771452
48015,D,164.01425394918903,1987,46.931158129051596,101.78085495862791
48015,B,89.58867462776203,2011,66.81004030460836,146.4548000163087
48015,B,138.15578138722617,1991,21.637873124479043,125.94748096432976
48015,D,123.8491570703577,1955,23.44163583954412,183.33713037850262
48015,D,126.20363628597468,1961,44.285010759176856,155.73132079785512
48015,C,49.38528400350722,1957,64.20936462244123,127.11071288026277
48015,D,124.50913187484498,2003,62.496757726168546,211.02337026323553
48015,B,44.25378623149737,1975,61.59926897696474,57.342588696613326
48015,C,79.9466504800088,1993,69.65486738411718,58.18678887486908
48015,A,90.11198336117857,2000,15.978212111390516,244.49227800558043
48015,D,128.44998301555768,2006,26.562684789525512,146.69961702136078
48015,C,95.58630787742277,1976,27.874734516023103,215.5952927004503
48015,C,151.66634130356192,1975,42.63772970694848,208.38712459275283
48015,C,24.763056028263037,1980,13.160595508860435,137.57997742858245
48015,E,58.97379126409771,1967,17.039391245841102,128.65229701984305
48015,D,100.67723846220372,1967,33.26986845220556,113.1066361326271
48015,B,165.32828803418505,1993,26.195034958158633,130.8483284214078
48015,G,129.3006689099547,1982,52.05545045377334,190.173139448776
48015,C,173.02961679911834,1968,57.96221592944464,108.00880563559731
48015,C,82.63108856268539,1961,74.72492537900456,61.24485897019445
48015,C,93.43180665681555,2006,48.31272790376403,82.91985473991494
48015,B,66.81770616350279,2007,46.03195356297459,69.91594270800579
48015,A,85.2758562068891,1977,47.2978926180976,222.13356435777703
48015,D,99.26921251115135,1972,50.72050692314337,203.26944262093048
48015,C,167.20030713307455,1962,55.40780673501551,229.8497836578405
48015,D,100.19269550313392,1956,63.228004710123784,185.2796737820012
48015,C,81.62441766162823,2019,43.191056211535575,95.15791043012582
48015,D,115.35086042052494,1989,24.420397498642792,240.41913033058475
48015,C,107.70606221247829,2017,68.70262212737735,211.71410682947806
48015,C,-7.815893373566695,2003,53.483042553585825,74.14932717933603
48015,G,127.07202564616773,2007,35.43827523995989,237.6362345049445
48015,C,181.73759570223976,2021,74.65653862847569,249.503626234535
48015,A,68.40223789527826,1964,61.698223737787444,62.75891125071958
48015,C,70.9796295100981,1953,74.29651219393625,59.398500200623495
48015,C,65.53250017072503,1985,54.02110278917228,178.0761493288482
48015,E,134.71705938091995,1953,44.245907832494346,76.66889346327409
48015,C,203.26545230300457,1977,25.98318766580276,61.6915974473754
48015,C,56.4289611437432,1966,37.9988112805498,61.478368737654705
48015,D,115.0803508624381,1991,57.182650719746974,53.3320942488432
48015,C,151.80777425197178,1951,75.37845819011635,76.21172616085808
48015,E,38.8233307800797,1980,62.52315430739692,112.14306566228949
48015,D,114.66621590278395,2006,65.84632769387508,222.87325329119466
48015,C,177.46296750153172,2013,30.646207682963944,145.09272123382408
48015,E,159.55149299789517,1998,17.78056158483183,56.0831761615936
48015,D,140.56979385791806,1993,24.279622252657116,215.2929218984366
48015,D,26.90249325629763,1986,70.05004484622424,110.9806248770127
48015,B,125.61605827349062,2011,45.92329241968808,193.07620343573103
48015,G,110.1905927073767,2015,34.011869881301706,247.62481519092708
48015,C,86.44281966184393,2018,41.51654006708321,100.94974146734377
48015,C,129.79610741771387,2014,60.43197190239293,106.36500065909439
48015,B,213.46346416081207,1998,11.529269839034127,204.8971206239582
48015,B,237.45378933503787,1987,41.99417614860434,108.05102107450588
48015,D,84.19782818620799,1962,63.33229260642388,228.66089875762455
48015,C,34.59403026959352,1959,45.67595155626324,231.77308126380072
48015,E,251.88474439819507,1970,76.17601547303445,61.44733870336188
48015,F,123.32591369803399,1974,77.1210311233287,78.56286089457348
48015,D,88.39696210564706,2019,76.6500741953446,214.72911895061816
48015,D,181.64605475236235,1989,20.81645809933633,137.91258835457973
48015,D,136.8496455447202,2004,15.203422622025002,73.07256026114078
48015,E,211.17457346497204,2019,33.441480309588954,164.17078725575232
48015,F,108.10496241154122,2015,75.63478459705314,185.94095571536678
48020,B,122.2745738165376,1966,11.682886615650647,156.82793922713944
48020,D,147.91682116058527,1968,61.32122646957597,249.08430258509122
48020,C,219.41669967902982,1985,16.788513376126676,61.14136722304904
48020,B,234.0249653238804,1979,44.8833119805966,170.64908453680596
48020,C,213.44089202719266,1967,16.339162732064434,183.6006501486028
48020,B,140.9852804178633,1979,64.05064193310866,84.0925023163284
48020,C,77.4418429875147,1964,12.267239644319654,117.16869740786319
48020,D,24.489403560676507,1976,33.944860426028875,211.99574873669448
48020,C,121.26054337700411,1996,20.048132916063754,87.08177007481086
48020,B,42.84408860285649,1967,69.13583068317023,65.92101539850113
48020,D,162.84696518590545,1993,41.50769010795207,235.16547488870347
48020,D,137.752813911946,1985,16.47146619259466,141.5800590254143
48020,C,100.95017970333046,2000,77.06966838631473,99.52632861428773
48020,C,147.31368047788328,1953,68.62147165584233,114.59793663537367
48020,E,103.11746352034257,1980,29.143216076248585,197.29463492381456
48020,B,102.47772578818918,2017,67.52266918897732,77.79379837732492
48020,D,124.25610286489075,2015,41.1298943800835,165.30899799022802
48020,G,199.74767257026602,2017,38.35756382114997,50.54162996409042
48020,E,116.02363661459007,1983,14.486629772532282,169.2285299099794
48020,D,0.3157924132935648,1983,68.91354052799419,56.070761106600855
48020,E,45.797166753783245,2000,15.086591130680969,89.81868398718512
48020,C,109.5765894729796,1956,27.778932736337744,225.53843576556966
48020,B,70.37221931180602,2018,60.56879691244812,51.4783802888586
48020,D,166.7016879986168,1970,37.36421987888136,245.29130588708205
48020,F,88.49875102330529,1989,60.16244092720217,121.73227260529183
48020,C,156.5977751254923,1989,16.40412628712211,199.32064092884076
48020,A,65.32566331570166,1951,10.687928679885148,131.83651749169772
48020,C,144.90930711280777,1992,70.63630091873694,138.83678958430085
48020,B,133.0313928800013,1961,60.89129689098937,188.58404584495773
48020,G,134.93272241297453,1990,17.309075864868262,163.79663886082454
48020,D,6.531303542291084,1994,10.145356232005685,102.14175482657043
48020,D,73.78521384241856,2020,22.19096846767774,159.3762347574866
48020,D,98.04203645615598,2020,30.751142142090718,235.92992154026567
48020,B,117.4290222796579,1969,32.59668554134952,101.62152863468295
48020,C,140.21064326386661,2019,31.126003910280858,229.94861568177433
48020,D,155.793637234548,2021,50.41473808537674,179.2814750456178
48020,C,93.71845330073077,1987,15.968783912817418,223.2367417738059
48020,C,121.62035066700682,2013,48.179956514819914,76.68326710464142
48020,D,94.98069549397829,2003,50.95246181030633,147.70849328805144
48020,D,141.92508847828688,1962,42.70826972052518,71.34236382047085
48020,D,127.85639594954704,1973,55.01730468324952,113.14868049680742
48020,D,128.80949112513463,1975,28.02354515447285,77.13229343207556
48020,C,148.7952218466168,2002,68.44816499780737,192.07030014246644
48020,B,112.52842569944553,1958,75.26436991435976,221.64135819540596
48020,B,51.32218040339356,2013,52.202501782380466,180.8440924058026
48020,G,-0.6496344037941526,1976,25.61068764736131,131.57918747430938
48020,C,157.61624465137183,2012,18.984494863028637,180.03743328913066
48020,G,137.94448799734263,1974,62.62562111570794,167.67313784353132
48020,C,180.17682909533463,1958,39.882630947631185,143.8049879435767
48020,F,137.1616899200038,1959,29.26190787416476,129.59206927615145
48020,F,151.98797208911222,1952,43.450714843919506,121.05679484738452
48020,D,107.49707721040511,1975,32.09679368148462,75.05024621924159
48020,D,125.12423210791037,2001,60.10151484875567,244.5587403312888
48020,G,95.85862045965408,1970,70.85466106946433,197.3652911503008
48020,D,66.19786102756768,1960,34.635083951224374,139.2298512914339
48020,D,130.79097366093015,1970,27.798141269225138,176.20987865404413
48020,A,125.72643978932912,1995,40.66308531337686,118.47902465917193
48020,D,210.1330475587717,1964,57.86517406229122,200.62376943593483
48020,D,107.9516434143992,1986,13.99016712863538,167.55968987433695
48020,E,134.33964487720985,1977,17.664368078812352,90.57064774557304
48020,G,30.97714239967435,1978,61.46599626711173,175.1299825882906
48020,D,137.05192552537738,1954,72.51796189257308,187.88342677426493
48020,C,65.17993177474443,2022,70.10200748877487,242.54651677222782
48020,D,174.72879102271625,2001,34.03106784370186,115.71412654645886
48020,D,174.45046622732255,2007,59.229405941271615,216.89165057121932
48020,B,85.06061907362725,1986,44.806043651399705,240.06140274723623
48020,C,117.60742433354403,1952,59.855414362401106,85.17805668373242
48020,C,103.0845966768276,1994,74.03844649978147,92.34287442959416
48020,B,120.19403083402035,1965,62.760412359349075,100.6758797658669
48020,E,201.1087459434927,1964,57.84005906100894,168.73692398174666
48020,E,94.61333483851217,1962,78.88626247765599,108.44979134787758
48020,C,27.029333702686998,1999,49.5215856903225,100.46454885274905
48020,F,144.85774141767197,1997,55.95938916797566,231.39710368764875
48020,B,105.28474950698994,1953,48.196806547804435,186.79502598302827
48020,B,-13.512299871340502,1984,31.261453235756957,68.603481852535
48020,B,210.12559295373777,2007,45.928235319930955,71.44447884169749
48020,C,204.3151787101432,2002,48.148759467001256,67.35659081299809
48020,C,102.81049312798703,1999,18.723054423238732,123.17985972356152
48020,C,106.96150768719659,2009,49.864808096300315,216.47820834038157
48020,G,58.07184054826664,1951,58.42443473993876,184.85871474000493
48020,G,157.12294567963102,1990,64.648951292014,232.0392248289393
48020,C,88.12062289620181,1961,44.246720299944215,93.54974096680439
48020,B,75.72545567060759,1981,75.85256014641227,84.95625697498676
48020,E,128.09440931201283,1958,53.687939403195806,144.81525282157153
48020,E,97.59830702831445,1955,60.35717089023742,55.624301255584754
48020,C,69.76514501728632,2006,16.689137277083468,229.62928896402016
48020,F,160.94018878686316,1969,67.37739019463214,249.87006009444005
48020,C,127.8978801390477,2017,38.95942223370213,185.777467437757
48020,C,124.88991567013554,1954,19.50220971699307,245.48763684080245
48020,F,112.46582206888351,1981,61.4045024734707,154.34668377064912
48020,C,87.48499950017732,1979,16.47699880567034,129.8864558061709
48020,C,150.92181552993847,2017,39.13126624843105,83.307702699454
48020,G,91.68027043926384,2010,20.053496464817137,181.58989715632518
48020,D,161.58083930902018,1996,75.01343948438446,149.3486856011969
48020,E,208.80436401900323,2005,22.177459413233706,122.24321179516235
48020,D,96.96124931341735,2020,18.94682910522679,166.44748976051727
48020,C,124.89816322380634,1973,40.24470995466324,209.2781445239418
48020,D,103.09809795450269,1991,66.95261693571491,192.99056471035541
48020,C,104.9198933178477,1993,71.14739849716503,97.2949824477389
48020,C,124.05712594777054,1979,45.42312846882856,82.50221305949125
48020,F,192.0972502900945,2021,58.28538731190063,239.09897211190003
48020,D,94.38128796616532,1976,41.87764336735586,153.60306978170394
48020,A,202.7377179425271,1965,66.91994031372079,167.68624809069047
48020,C,90.66636128473954,1954,40.81262300880352,63.86155460765897
48020,D,195.27411423556728,1977,56.84878042255844,139.61709745661528
48020,C,150.7587219094336,1979,73.8209493839143,190.4165133768993
48020,D,66.76219223261612,1951,74.17292021831227,210.16361997195006
48020,C,111.56790656758632,1967,51.036484914653315,148.4734097402498
48020,B,39.16433125259928,2019,68.22072419135628,142.6398872617841
48020,C,108.53088340722664,1961,54.20810650733122,158.58808889786556
48020,B,80.01850879164806,1962,42.109358096727675,86.32628437576437
48020,C,107.61430787485232,1958,21.519624090053444,131.26644619275356
48020,F,87.91665899348088,1952,15.894910782396884,246.9151792752226
48020,D,203.26759588117653,1997,54.17819195245644,192.97968761545772
48020,C,143.41216490357672,2012,38.887477386540446,70.09150993619369
48020,D,118.9911674149365,1986,27.380123574159217,247.60279241308433
48020,C,164.87717851518974,1995,69.19494641370949,177.05299747181618
48020,A,176.51098859187405,1991,74.75451895129385,123.22262358575024
48020,B,67.21912640251469,1973,10.49642689420597,186.05013766607482
48020,E,173.2712216138129,1975,78.61828454715493,180.0226446838427
48020,D,159.43924915636507,1987,63.881199280781615,212.18703853452212
48020,C,133.15404008561111,2019,46.41623723528178,57.42266399246046
48020,B,180.4974629279356,1952,67.78743890642909,208.26214286253338
48020,C,175.1144687464576,1979,20.349670650366864,238.17525349894177
48020,B,21.1464513044822,1980,50.30547297856168,179.03001666018068
48020,A,174.20665437389005,2009,13.12116649139008,78.61239054468048
48020,A,156.14134474927562,1970,33.91722016729179,240.6632744401921
48020,F,125.58995791016942,1969,44.927756095455514,64.4426370670376
48020,D,199.63349991414418,2019,32.640999857013774,213.84684242048405
48020,D,120.96720354058772,1954,71.06761943483704,172.6232478138483
48020,B,121.10513749249279,1954,50.94516257851052,103.24630029976205
48020,A,147.821085272927,2003,67.24754514963334,245.78947117093236
48020,D,200.21695541542982,2021,46.461752491325775,183.85315916873154
48020,E,105.7452871478993,1988,77.41658916284618,233.50897891926897
48020,E,114.98141138613717,1999,53.61964976234778,121.21345982382896
48020,E,79.76075109016736,1985,16.764840891541,104.83280753446002
48020,C,155.47680853632204,1967,70.66169820168525,168.7150508828596
48020,B,150.8875089043642,1965,41.58996240243479,73.39660927705151
48020,C,132.72902163217805,1982,67.0237539218142,237.2326083101993
48020,D,175.2819255020556,2007,47.49822793192209,128.83809891998158
48020,E,-43.75053169567278,1972,33.70278603788428,61.08659778824676
48020,D,79.10364532072668,2022,33.33099019093675,148.38560480782587
48020,D,156.5479488188108,1983,33.383188389397176,71.36419859279812
48020,C,87.46700863158082,1960,31.35697807736686,83.77185787340707
48020,C,144.30923957809694,1989,15.740751884573134,109.69861961499265
48020,D,22.53141223387884,1992,36.41439340612182,101.64536265199659
48020,C,199.1277484656266,2015,15.363568139454191,182.8066066222635
48020,C,107.1224214427348,2019,30.026294542188243,194.55373520215912
48020,F,127.88774355801338,1975,67.28103566075673,186.665272525546
48020,B,159.43358421304333,1980,32.34577084503319,231.1823342469295
48020,B,118.55986526627892,2007,23.718612929123335,238.75327644240286
48020,G,53.57487354924382,1974,32.50731061868386,56.93014196280342
48020,B,119.32692727071739,2013,12.663442481706364,195.72740446337983
48020,D,163.23185919514805,1979,17.955222708770357,50.78367499021865
48020,G,149.39279440688676,1968,20.588499912387313,106.93494776929273
48020,C,150.98693923514344,1978,47.77632522322067,65.49672531109654
48020,A,110.07577707424696,1999,17.840819914774396,219.89288598571108
48020,D,75.90516892284329,1977,35.316625823653,71.68007454332454
48020,E,91.90789503241504,1999,11.922939375908939,130.72517905397942
48020,G,143.9680476714711,1960,50.58400092337357,158.04345335572373
48020,B,86.14048811733528,1970,20.83502243922784,110.23511739947176
48020,C,140.77753707371153,1962,72.2122561769669,62.33491672419149
48020,C,135.56963963204652,1970,19.952696347114614,60.5651787817205
48020,D,50.88486954316191,1992,21.16779696818965,227.11188871712628
48020,A,129.22726511696732,2015,32.31721260111033,168.69928316437029
48020,C,169.22776454820863,1956,17.709959804327653,127.90320518908173
48020,C,108.89450190337071,1973,23.93079060906318,249.96984889728003
48025,D,101.26730160941761,1973,27.04098317357875,218.4387461746229
48025,C,130.05074903543266,1972,72.58050385417641,154.34236027338366
48025,C,98.86427701536451,1991,28.099008454817213,117.44249808125716
48025,C,119.7447712217368,2002,38.067922868184624,120.14195759841687
48025,E,87.12931031445582,1998,28.755992507479352,154.0389215447771
48025,D,61.35080742673033,1988,35.670533601565936,71.16100497130284
48025,D,33.266803923350466,1953,14.928375368175992,120.98624019360325
48025,D,111.13532884050461,1969,21.14113587956809,120.830839351899
48025,C,119.87992248757241,1956,56.60815793563037,93.10257150955377
48025,C,120.11193754621513,1990,21.67511346285719,209.48411078833286
48025,D,208.3155303527937,1974,42.466687727206335,84.79547990436072
48025,C,117.44696674425089,1968,53.370781497896076,182.69806902574203
48025,E,107.65573017156548,1982,71.79762138749456,144.59811873963054
48025,D,111.63043303972792,1997,45.06136241227194,246.28428498440505
48025,B,51.77819638789036,1989,72.96589355674169,238.17598126829694
48025,D,91.39987808684327,2004,64.25572602373835,174.38734675134185
48025,D,219.53380085949996,1955,23.645993827911187,215.37356943467242
48025,D,159.4959861090426,1982,41.11086703700491,78.32344899732344
48025,B,168.47845128764533,1957,77.66135391563218,140.44302002034362
48025,B,146.1519816481779,2002,79.48378839170091,189.66759425588054
48025,C,113.59865660083811,2011,15.828036063544248,194.91158183176364
48025,C,105.2772121205983,1984,64.45365847239758,126.47266621232558
48025,C,192.63777725630916,1989,35.40060718965724,170.21823347926056
48025,E,117.91953445033379,1958,33.953048403106024,88.89270383646274
48025,D,170.06532685386128,2007,55.34040380944284,55.85988862068368
48025,D,270.7355854651105,2006,39.84084021823982,138.4670916100431
48025,D,151.32973999979478,2016,57.781949584691375,224.29770835147767
48025,C,117.10815251979874,1985,45.60941889513867,98.62490608453373
48025,D,132.18815107565263,1950,23.2954320562714,142.1424342696551
48025,C,156.64145409108724,1980,54.47995444920804,211.15278365866627
48025,E,56.28839404616024,1956,29.156646944502036,246.00109263936338
48025,D,92.22776035674993,2004,64.31106026808887,139.3567353016423
48025,C,121.09328710911113,2022,42.074336367655114,239.0034188496988
48025,D,117.10461250615457,1966,47.91178459589408,175.88474222342012
48025,C,83.2441599637706,2009,34.97393432444758,82.85408989118561
48025,D,144.55330217226782,2022,23.48837662850776,171.27722339661057
48025,D,169.43272396832592,1974,12.759230958425409,198.26174167015245
48025,E,155.78671205854204,1996,42.17303262130485,175.70078001671357
48025,D,239.71809502912254,1988,29.58368516209286,162.99052153049465
48025,B,195.4006136894888,1991,41.00657075235529,162.28767558662486
48025,E,93.97805073039444,1957,40.84221798414223,221.3900259738776
48025,D,108.91825567145978,1969,77.21526506679773,182.06716610282552
48025,D,134.29434836283963,1957,32.02113433898465,152.41771533973278
48025,F,113.07438776963876,1966,18.793092920936516,112.20140073417748
48025,E,98.80549788388237,1967,65.81357639549739,103.88357786591433
48025,E,100.34481248310605,2003,17.203356183940045,196.02603755528497
48025,C,76.43944988257718,1980,75.88952502347585,226.32706983508214
48025,D,136.72192574242607,1954,36.50719469809485,240.88455606421476
48025,E,193.9035949178222,2003,28.82030814853046,54.207380492093726
48025,D,124.32150945437712,1999,79.96275259418061,174.47518629463485
48025,C,98.79480922079505,2003,52.27443105635592,59.918701644017226
48025,B,119.95366868849236,2005,23.386949035328495,173.08578300658533
48025,C,93.92889779576821,1987,57.964101763890625,246.3794280070491
48025,D,214.80187475769696,1994,47.66847070278692,64.11001274197892
48025,F,113.79203962665903,2012,56.05649378432146,214.77927632493285
48025,D,121.6249931443931,2003,62.47299990714414,195.51260708644014
48025,D,160.2796917497588,2002,53.58027784829472,52.009396210966315
48025,B,152.25189277244988,1997,68.57107803006501,82.73513274594558
48025,C,119.37933902372026,1959,59.41896862355729,97.64188709512322
48025,C,167.96786797522486,2004,11.808728055400783,94.35589838670927
48025,E,113.09883622751168,2020,15.604438177027593,144.89063596890466
48025,A,127.4798978759394,1972,34.42092916237033,234.63374235083586
48025,C,124.89135873539614,1961,12.132046564934775,68.17530767392967
48025,E,187.41931859940783,1964,47.595841891307245,197.44384471426096
48025,D,155.60158604941938,1978,65.47778373349357,87.38145929002363
48025,B,98.75504553985967,2015,26.282270350412915,73.10117323129325
48025,C,172.90111940579064,1975,15.27885231949518,100.07174591417109
48025,D,114.89334708796494,1968,53.63882119353852,244.1109341456992
48025,D,169.49745199842712,2010,28.80192530402182,148.96519032010926
48025,B,126.8676239703518,1967,62.05217622924324,200.05436589435433
48025,C,265.9086777530046,2014,10.594690502504665,202.20119658991106
48025,D,94.82151905461413,1985,76.86226123346927,98.03031920440284
48025,C,112.46929926850335,1974,38.235501351844725,185.2944286984822
48025,B,115.82017858206835,1975,49.34776178362606,51.17294557743226
48025,B,123.47578118502257,1970,78.23388903942892,215.120684981403
48025,B,153.339267233621,1952,71.71962787470093,238.38111745208403
48025,D,110.30407290380622,1971,38.721260531086344,144.1401998982123
48025,A,147.80110484211454,1973,58.65838711620371,173.24812986612244
48025,C,90.43576055990528,1997,73.6343780027712,55.824756997821055
48025,E,113.94359370279084,2006,76.11245815174266,92.45550305710287
48025,D,165.3743793110736,2019,72.9720416334265,206.38651595764176
48025,B,129.8589871902813,1986,12.543852382136972,70.36945302847656
48025,D,81.36128032528102,1974,35.98896443537757,150.33983320128496
48025,D,108.75734721025741,2014,67.28524489766517,84.33563900864338
48025,E,73.56039592737707,1960,34.195985487930145,198.65889504481532
48025,C,130.18937766034043,1962,46.72706146799356,177.87496010855511
48025,C,185.64575198580684,1980,51.11589080029039,67.08049685817477
48025,C,157.5436389700666,1980,58.821347971501424,68.09926221917335
48025,C,152.72155135528106,1959,23.268885597585832,228.44758310762128
48025,C,106.02008566275926,1951,26.755888543943243,133.5937016027774
48025,C,51.881024008524534,1987,14.590535085264541,195.8830897453081
48025,D,176.678664539451,1969,65.71755627204253,111.15122550247494
48025,B,94.0831995062957,1961,62.11095174862876,80.39603649481023
48025,B,174.60533919912132,2018,12.915081563798623,216.12715293721786
48025,D,92.60473478965325,1973,46.621060056418784,224.8950206567285
48025,A,148.71789961455778,2000,11.235161212502408,153.40125664194173
48025,D,101.73643736962495,2003,36.085999092590306,120.34196359176165
48025,D,153.86042606750917,1981,49.33138693690592,198.1766413443971
48025,D,66.02247941802852,2005,52.70303418204261,126.49689211651886
48025,C,95.92696117336556,1998,65.89389700512979,103.43305251759799
48025,C,49.835670167344404,1989,33.74661383702069,149.63974391233708
48025,C,98.47811536495117,1988,39.05750237984528,67.86798045837337
48025,C,103.59270775867132,1956,42.80212670850569,168.26022978464894
48025,E,135.42729513196085,2013,16.275656186497528,117.47181567145593
48025,B,144.41253089924476,1982,70.04349020502207,144.8204151684534
48025,A,118.501746675563,1953,56.51154599652817,191.7598529812308
48025,B,111.2117198037344,2015,19.999213531434663,202.8503196138791
48025,E,168.75672606216438,1959,79.61949796791673,185.83433990759858
48025,B,139.21429440836488,1964,79.9826094400331,194.98623950392385
48025,B,248.47530762179665,2005,10.09998401554237,139.91667058405244
48025,E,146.944052801283,1983,79.94451092604086,107.36932912943999
48025,C,105.14713960636287,1980,78.07657469435634,158.80599305891513
48025,D,104.95639773042375,1985,26.260275786751684,226.25950912281834
48025,C,67.30822523178273,2000,30.108038641394735,197.3589137420394
48025,C,141.39071975764517,1959,13.832148758171659,121.00305322724934
48025,C,20.055554656937503,2010,38.00207451904039,205.66784581351175
48025,F,121.70147931733405,1997,49.49984512134023,132.0585605887893
48025,C,64.72076454930206,1977,77.31280095781128,112.56892560113363
48025,B,163.34730829552936,1962,50.58637416167573,175.5727652004203
48025,C,193.1242854239797,2022,39.842280579349094,116.74084151512598
48025,C,128.97912297315892,2018,16.983449039198966,60.90237798217184
48025,D,121.96695633887315,1950,26.48961542161509,236.5007906194765
48025,E,189.65843185837363,1958,66.65992419239704,210.03052967835012
48025,F,157.64613326439155,1951,14.194760872475701,153.51989301076156
48025,B,161.070032349588,1950,38.35007690112839,236.30888142130405
48025,B,162.11486635069514,1995,35.43258004603568,128.05758173262728
48025,B,121.15979892786874,1960,21.157641933998153,243.60443440914773
48025,F,102.24417172784459,2017,45.525636612853205,130.25051664074562
48025,E,55.01811650687921,1966,58.287658502834624,170.48822197228856
48025,B,206.68813457607706,1974,73.67106865376442,176.77789236648837
48025,B,123.0072338641508,1971,71.09811639073243,212.91304242270056
48025,C,152.21592470356802,2015,31.447915885337046,80.45804941353106
48025,C,75.17077932720272,1990,15.80402069761368,174.00026669548168
48025,C,109.73579902518743,2015,22.64456885589207,147.1261468064251
48025,D,175.9274972127663,1986,63.70633759114561,91.17746215331988
48025,C,154.18547684540147,1963,24.481031279560145,121.64380824861456
48025,B,117.33787149553987,2015,56.15501710951908,152.13659688943648
48025,C,145.0961579238534,1998,72.73653744022931,211.34156154901228
48025,A,152.84539394803366,1979,43.711239815355384,186.11336827214302
48025,E,185.69428105069898,1966,66.08148470226111,125.43575835684871
48025,F,152.20961055194206,1986,14.075225845273776,235.40083202028165
48025,D,188.424885065248,1953,73.75839588928277,173.06956812571485
48025,C,87.70020074364729,1993,70.62162334764373,84.43373771052981
48025,E,126.76035405318297,2022,36.756612401014394,106.3583295018532
48025,D,171.67819775325935,1975,32.43942570526472,68.7040247195819
48025,C,21.039707037966835,2015,44.85640148075847,112.00680480249001
48025,E,106.55419026510992,1963,57.11057164020739,59.39288448153346
48025,D,93.39137718782771,1962,59.76260313223791,244.67331323045747
48025,E,139.2736535228476,1992,41.274051118772476,51.419306498977434
48025,E,150.9844460806056,1998,59.1840703506541,241.19601176521445
48025,D,13.458100132206212,1982,77.82775034576098,236.61553061322903
48025,E,207.01322168564593,1994,56.23288049551018,144.16328387317964
48025,B,84.44445927234725,1995,50.39448316579919,178.52558704218632
48025,E,78.13790531973221,2011,67.95474681817187,204.2486148066356
48025,A,93.87974415388143,2015,45.60843585105631,194.22455122295327
48025,C,104.13702241537155,1954,40.06135279550918,144.1411894631875
48025,B,19.18075062773282,1997,69.82333180519345,210.4406017671713
48025,C,77.07113114857037,1985,50.58159804578404,183.40737142507078
48025,F,144.4527066685181,1998,67.45881656933958,97.26854866564192
48025,D,39.78755220400737,2006,37.1028291909154,119.22170003288153
48025,E,54.01908457833336,1979,24.576226602575012,100.0965893499527
48025,E,77.1825740859398,1972,11.474044848942404,57.28508866034403
48025,F,89.41831316527204,1976,34.94833150947653,199.53036491299557
48025,D,143.07124164792594,1992,61.28901287095649,173.3769511930363
48025,A,185.04707565158495,1959,28.15798171612977,177.22673354561311
48025,C,99.25876458637353,1970,37.63650980147793,179.2093888193192
48025,B,152.17525870260556,2011,15.48289386044529,187.64378388154717
48025,E,100.37614811912916,2008,71.47767274126426,155.45102999013542
48025,F,135.89738786616908,1972,29.095572488989205,142.71028357706484
48025,E,228.68550697763715,2007,42.208202824232785,53.03483980928434
48025,C,32.767487985067376,1963,54.365788319491024,140.01038611077843
48025,C,50.359544590576505,2021,40.27060167015521,174.63448490643745
48025,B,89.76075548472986,2014,14.079271109240214,234.23254733890982
48025,E,111.26655299445311,2013,63.557461414319164,136.55341634163875
48025,C,121.2645349667338,1968,11.285086879945677,180.79884428404966
48025,D,92.3411377326365,2009,43.73903307784842,201.20084835481543
48025,C,107.30241468013824,1993,31.672052155985003,114.02202820118023
48025,E,55.76531494620728,2019,10.641588512867154,90.27982055877749
48025,F,164.1150189772847,2003,28.316995664625452,63.39821887916952
48025,A,144.30842989832502,1988,60.679241496498406,92.40896987659488
48025,B,103.7350537838218,1992,23.389415972617794,153.4235861713839
48025,F,152.97657347945693,2012,64.10164042244627,148.37356438344136
48025,E,208.32559001638168,2000,38.70166507192201,146.39898354657342
48025,B,73.17769741754952,2020,73.81138594642886,160.82523267165485
48025,D,60.80786794741654,1972,44.05096709993121,197.70780789518153
48025,E,194.41973388457143,1962,64.19758033904697,181.2405960747213
48025,C,175.58110757543545,2001,13.248202021058795,174.79190188640285
48025,D,120.71601990178307,1981,63.89815327446207,70.79187518247792
48025,F,169.5208373920314,2013,50.90238122338963,151.7054863547145
48025,C,73.78896413624079,1987,38.76530334739308,175.84383860165843
48025,D,170.2701387414992,2022,52.771638807934714,174.8384145792541
48025,B,79.17988258490406,1962,67.24954643903828,119.2532083069497
48025,E,166.6791885200137,1973,43.32396915057432,248.33722807854713
48025,E,120.36813407117836,1966,78.70133168003905,76.94945302618149
48025,C,46.07265315006005,2017,25.96702645316696,234.44466363097203
48025,D,121.9249242847636,1975,74.01683076614393,72.61059356690203
48025,E,0.5853774624410306,1950,22.348833729952034,212.54658086093588
48025,D,137.98694875633942,1957,28.55624181264253,196.8619977966215
48025,D,95.06830521057742,1959,15.79168124409501,233.01666667161496
48025,C,-22.799462143059827,1980,39.42333166022898,238.71062912988188
48025,F,98.3535839800788,1972,28.704692684025186,151.8226770375044
48025,B,178.9629667305063,2006,17.08146680622788,52.26651864089751
48025,D,220.1341383204296,1962,19.209571464754823,110.4553400992897
48025,E,111.88587764162929,1959,48.07145448127823,117.71080548741027
48025,C,118.73263626247878,1952,58.71171020579395,82.91562894270058
48025,E,123.20640469199869,1973,29.91583718197109,59.41223957538948
48025,D,104.67028192551001,2012,47.475961084687604,83.82497252883562
48025,C,181.4684157179929,1960,32.446392831550256,160.46760269110058
48025,B,108.9724821510731,1970,41.113598458445374,101.25847507384351
48025,B,97.60193307750124,1996,72.69509071446845,75.23061925756336
48025,B,59.259693205567835,2013,11.640306875717174,136.03518168886262
48025,E,91.29587114563651,1950,79.48184030071621,181.80693621980026
48025,B,105.94372575559568,2008,71.67028593702955,155.4991889116523
48025,E,123.79455192603874,1961,60.5661455342959,65.59877328188182
48025,B,151.13315969725733,1974,54.99435850419055,167.53695007900217
48025,E,55.530675447854506,1999,54.75704950178686,75.80728177788498
48025,C,185.4258578173081,1985,36.14782074200069,183.99398481933133
48025,B,163.49358088106158,1999,65.25034582739733,56.24271206774951
48025,F,70.5246087572256,1964,63.94843795321637,102.8025692143786
48025,A,73.21101420667519,2022,27.219981821475663,156.41736478760225
48025,C,133.1507340884874,2010,24.54906049937543,212.68137871293592
48025,D,60.89919762709684,1961,50.144423472368366,93.04876410019074
48025,E,156.22103523662898,2002,15.649591793579019,248.55419730254675
48025,E,184.4781612082723,1966,45.880335114694816,103.5548629208235
48025,C,121.77612153889785,1971,57.28726580340397,205.46650281643866
48025,D,131.19595498767973,1994,60.170301003734934,191.1980805923987
48025,C,93.44815246911584,1977,41.76925946648381,158.1221988649458
48025,E,4.789403202801665,2010,69.89505649014626,152.9339048103655
48025,B,101.94953883737152,1951,46.34141277021783,109.6115143589619
48025,C,67.55231323220113,2016,35.39369931962331,100.19744126321415
48025,D,75.36762882838889,2003,22.23507005316106,247.4200171848233
48025,D,64.25889063237929,1982,72.64084404938639,54.84120888450597
48025,C,179.84554743806763,1956,55.49047451918025,54.939459537222255
48025,E,31.777591388472075,1968,19.000570495816838,53.67619795504841
48025,D,134.55034312319071,2022,14.592053546152068,188.12306247732727
48025,D,34.093125481198214,2008,56.87278795762624,244.1336055587741
48025,B,59.85984026773335,1966,16.26641377577896,136.75565488143073
48025,C,23.51115725898481,2001,48.03840965387849,110.95218255946514
48025,B,127.97711634986088,1993,18.132640197786237,173.2508081141625
48025,C,146.5741191103295,2000,48.80104940935668,155.42967632505292
48025,D,65.86075258654166,1996,72.15110522959313,190.5983452293639
48025,C,106.09621639758433,2008,11.613296188462519,229.3493099815489
48025,C,55.588567223875955,1978,10.38105964341834,57.03492630631932
48025,F,106.56864140567052,1982,33.77624343370099,191.5895653402378
48025,D,195.02102188440742,1972,21.774776470347913,216.71482192914735
48025,B,114.90874671197855,1987,52.28034984176501,224.2667184680565
48025,G,168.34047854920595,2009,78.86122977979042,242.14295033396348
48025,C,97.12766988993341,1993,36.14112138018048,126.70690248679539
48025,E,125.51867399664383,2004,68.31043506407602,189.634772142981
48025,C,57.107178393966635,1980,45.892492985575075,129.65004697268256
48025,C,66.20006621076041,1959,19.811580336791124,158.83662979536035
48025,A,100.37191533350867,1962,57.50620656788279,134.17930575184522
48030,F,130.56403622207762,2010,66.52345549563363,71.87118062189577
48030,C,159.89253506910694,1967,24.890887629119117,170.71715753164113
48030,D,26.32793480226917,2021,38.340192273270105,151.27011065616247
48030,G,163.9308205300957,1975,57.702208079769036,100.72312552771282
48030,E,86.38058473248739,1982,75.13140203815217,217.38556656892473
48030,G,179.0494952652836,1991,26.74477616239531,207.39515987624017
48030,B,140.16372815185858,1958,56.04521460253303,241.82245839925878
48030,F,154.19488821713534,1973,69.21756792689733,135.50114074267321
48030,C,164.2951161555604,1970,18.349017042782037,94.91647653078022
48030,D,144.64419859259348,1988,23.702222068371576,215.34848571517128
48030,E,161.6801602418674,1974,23.431122908315107,62.2433316287144
48030,D,155.1532573370551,1952,17.36856137362977,164.5365631713379
48030,D,93.61574027915204,2013,42.539834656928946,176.1177394617087
48030,C,121.74439735447042,1986,17.93709668868008,194.123258132743
48030,D,51.22445552156286,1961,33.94158649735871,216.44782134168832
48030,C,97.74663696022012,2005,20.367055903898923,199.26276251381537
48030,A,132.78128927748588,2011,25.66448703896834,236.50721716044478
48030,C,188.96546677753767,1968,37.6038802445465,50.25688510536028
48030,B,158.4015760064195,1966,44.2460930143229,126.58747645832342
48030,C,139.49393778574418,1955,76.0797134697428,59.56776250140776
48030,E,178.40556721185567,1998,18.22900743846556,248.04450692301478
48030,C,166.93618081190795,1999,50.61599725393992,230.80699729091185
48030,C,58.84305927952884,2006,69.33482306564787,204.31394521116525
48030,E,141.05248255824543,2002,22.518874795545955,230.38322156757656
48030,C,182.7904155242787,1965,41.388548871115304,114.10723336129911
48030,D,117.06397864476857,2021,57.3472564638437,68.45380091255255
48030,D,142.32682534703557,1982,45.94041479880741,180.12130465042068
48030,E,165.25332741797737,1988,50.381829248386204,58.190306429895955
48030,D,113.28094659099688,1995,78.8518109817142,183.4702326100792
48030,A,173.57579677905193,1972,48.990476441919,228.79453368488583
48030,G,44.67329849048005,1990,40.68090256232161,102.53866197600104
48030,B,127.5615536083421,1998,32.37125983819988,168.36158153266518
48030,B,218.15429423407522,1992,66.86221328998832,200.48184664240185
48030,E,167.7042551078314,1990,54.959471445498046,57.67231095759493
48030,D,180.92401074358432,2018,30.930887572654225,113.3196120821138
48030,D,105.1563710321297,1981,49.294907693253656,226.56729813561583
48030,D,178.75117909804192,1985,50.451395700863635,199.86307102848687
48030,F,122.46640828974218,1984,48.886754764390375,197.924336930599
48030,C,156.12234926104895,1992,31.81923250449684,111.24784904568008
48030,E,148.82256725612115,1964,18.879074882481802,142.385040841147
48030,E,44.57220158935718,1985,28.525465349913304,192.25316494209062
48030,B,123.17507323357283,2017,65.70507118235514,118.04324769106694
48030,A,95.47927696257898,1958,12.339857316525514,123.35041528518802
48030,C,81.71273406468718,1986,20.12057971677093,189.0516801510867
48030,B,115.27908689319761,2010,78.98668932786526,160.81167669204217
48030,F,111.86481492154542,2004,42.38814821814789,211.29918922104903
48030,B,76.44034849961847,2021,36.96138394407784,118.31392658885503
48030,E,155.48867132225615,1968,56.56909853658376,65.73971534150189
48030,D,257.83197385029194,2005,61.51674923606246,110.24625895878164
48030,C,61.337715502616604,2010,31.184823844577018,182.4743719825507
48030,B,137.74369014680232,1958,67.0748236698893,227.8637519856639
48030,D,213.94233546657273,2010,52.18689726611536,161.89505189126925
48030,A,156.00403260744784,1997,16.140234920397504,128.30741992032586
48030,D,178.59050716369222,1981,65.15516569064368,218.0800662978681
48030,D,194.90488167438923,2011,42.89849042604561,221.58341444871354
48030,C,155.12754488590895,1995,72.8108947024817,153.6436631271855
48030,C,187.1335054706301,2021,30.18070631879794,177.69101413042875
48030,C,81.39363915838884,1995,74.6952904389862,54.87819862201935
48030,D,40.64756729846981,1968,28.4523807864817,240.92803214324627
48030,D,70.75811359588131,1965,66.04647590677178,140.7737239991872
48030,D,148.42403859031356,1996,18.071076323733454,71.39825223492466
48030,D,98.02098622188798,1975,25.616301291174906,61.30313815935146
48030,B,152.06395097052877,2005,35.375681192548655,167.329265554985
48030,D,91.46871658593592,2012,34.80967943911703,126.22937640694711
48030,C,130.1797548467653,2003,41.614729686318654,221.3459893011795
48030,F,155.55962267107878,1974,38.365058630949505,75.10483624557517
48030,E,23.88429472730172,1987,46.975862540900984,182.37567760893825
48030,C,-3.153194992312592,1984,40.76554463132862,63.448126810407324
48030,C,79.92022161231318,2000,70.64991820291294,56.66463988790169
48030,F,136.037992905807,1956,65.31819327591856,109.15056692406588
48030,C,78.0081064609805,2015,49.96940999281849,131.57652203939662
48030,D,108.64219579330289,2005,53.90808804451848,113.27508147753657
48030,G,167.87044634808865,1967,78.91093675083577,109.55083073444887
48030,D,156.37256768863585,1989,72.44520457655344,157.10438321719272
48030,D,160.3621193886765,2001,25.69913927693337,127.7264580797678
48030,C,100.72679713894172,1980,44.591032248626306,196.37465061254403
48030,C,131.70456807288824,1967,32.1621704379189,130.0310545730798
48030,B,191.07914283363368,1994,44.34295031287394,219.75351705626284
48030,D,120.84125331439053,1958,37.937654540231044,133.08780325193217
48030,C,174.3447806293404,1993,13.126285146522912,111.91186030261468
48030,C,86.15191645412477,1996,66.39727653298928,183.8367304398286
48030,D,211.51665976541685,1998,27.135991110120813,186.11661858375345
48030,B,85.48284783614005,2020,59.845039457355135,85.69013481967497
48030,B,89.75466180359126,1963,60.97283500319376,114.82703476655927
48030,G,144.88941547088888,1955,41.157466460259585,72.62718753480473
48030,C,124.20523448914082,2003,73.08814454575943,82.78405240938898
48030,C,89.97270672700834,1994,53.74606392854824,195.77410189771916
48030,F,127.55164545275679,1987,72.56419314333614,155.9618114140108
48030,D,87.98406204102922,2020,20.521743573877814,57.71831238762677
48030,E,81.2769178037845,2017,72.85286733419764,75.70313368882329
48030,A,100.68477507610469,1979,52.28914401995746,237.16312482222918
48030,C,109.95548968632856,1952,73.40945729995141,153.2495646400121
48030,B,102.66243607098404,2022,63.02283355061721,196.3410545446303
48030,D,90.28945638091668,1976,25.380592507727783,137.73433936060977
48030,E,89.19282709755282,2012,68.72797676718476,109.53474311856914
48030,D,140.6022081073825,1970,29.180824626988326,112.96823108174706
48030,B,79.97694582278439,1952,24.666345701877248,141.06574996172043
48030,F,135.3349186829718,1960,16.702793906435037,234.51448098116
48030,D,92.46416059407125,2005,14.371327183825521,214.2156723996482
48030,B,99.5436795758378,1953,69.01258628493923,129.76430538481148
48030,D,128.02574341661264,2021,43.12492308190791,173.54538481235886
48030,C,119.73622014454772,1952,33.55228138040486,167.83127547875765
48030,C,168.7856268991333,1995,24.94971102353346,52.13445756976682
48030,E,42.09007851248998,2012,69.57026367580744,205.44084947017043
48030,C,190.94645020893677,1959,47.34349331344049,60.55132296641816
48030,C,133.73717365119492,1996,28.997173176573536,144.32171414821846
48030,D,97.61914219562982,1974,59.41177112772051,232.3277379470607
48030,D,88.04671952741833,1957,26.413880474821894,146.1296056624818
48030,D,181.76919470609482,1972,18.583963498460463,136.69273994662473
48030,C,94.40987669974135,1983,60.08053422935783,63.834838101083434
48030,C,148.19587015524084,1990,27.49712868676469,171.90570195081273
48030,D,107.6832359410076,1966,64.43762633924248,197.76027665363793
48030,E,4.926414116500666,1985,56.25091751764061,240.12127431597457
48030,D,111.41631730376083,1955,19.41430745468516,114.03724388081106
48030,F,174.92424380259092,2009,40.852846040892246,166.95136166746096
48030,E,56.6551643536703,2015,53.86610473639387,186.9546316558397
48030,B,141.933398127913,2003,78.16198074269454,182.67252219129858
48030,C,168.64555351841184,1968,22.01969922815817,155.96677779241406
48035,G,73.78905180099923,1960,78.94652214531509,55.76726538434107
48035,C,104.75352404602175,2010,12.262628572826323,154.03658714647872
48035,D,94.84653002224539,1954,43.2707951676279,208.12059295395107
48035,B,166.97986859359327,1971,38.29039022439394,225.07425266544664
48035,C,43.10230364637495,2010,55.13992304008087,124.78774272075492
48035,F,108.34515394814254,2008,47.39542869518731,214.7603499841076
48035,B,147.4063164363645,1997,17.391887721829868,191.3099604565654
48035,C,156.73425598191312,1968,18.865911099303574,134.12604737576387
48035,C,210.69280684990827,1996,16.387616138333367,53.900529522104044
48035,E,196.65019753634698,1975,44.047413966222564,109.6901322295521
48035,D,180.63687571312147,1955,78.76733881622967,89.60618932621873
48035,B,86.45945489198604,1961,20.44876088684731,98.19925159918358
48035,F,61.94438049333892,1959,11.380802252422285,77.03661083428601
48035,D,104.53972432003971,2021,57.41127715086987,107.91654093414542
48035,D,98.196168592089,1960,57.85146976553083,50.56843073279449
48035,F,108.94777761489146,2013,76.2789786167261,143.51778969975334
48035,E,74.13168354239029,1956,63.253151587086506,53.167614188974845
48035,D,126.46840033519092,1961,60.862310613230825,235.7458738554671
48035,E,0.963044723825135,1983,16.833313237460427,229.55916127840518
48035,C,16.805747662275436,1955,10.315313668620206,112.65520222763574
48035,D,157.7031063615562,1981,27.727697187600135,231.84647529230028
48035,B,179.25098189762056,2015,38.82233673131702,116.59004939247465
48035,D,56.48456365582222,1986,56.74643539906319,58.11919706047468
48035,C,150.12227064547045,1967,24.296703439890507,99.44102378612665
48035,G,148.9137899121776,1997,27.62702914063922,246.20589782301522
48035,D,148.4092001670199,1997,12.431796321134705,113.97591533355268
48035,D,85.19899191995242,1969,43.608836030994645,213.13310816292673
48035,B,118.8719979333233,1978,51.22552157937835,154.1310707468223
48035,D,187.83971839039853,2005,39.57120530216154,129.61743564724617
48035,A,101.56903171071502,1960,18.929770595499896,230.66022547775188
48035,D,160.35232083033435,1961,45.727490494409466,243.88787513517568
48035,D,148.94643242856174,1989,58.879081547138256,91.55412588794567
48035,A,143.0021161930233,1958,45.959270593578886,98.0525168997863
48035,B,192.84563064771504,1968,63.0811832047363,208.7264828511162
48035,D,143.76444046592903,1975,12.041946800185212,171.02032444743014
48035,C,156.97047443082312,2007,70.04358838607095,148.9965589424922
48035,B,99.71558100968734,1973,24.42516459560227,138.24593381834336
48035,B,113.01005404946252,1970,70.496142158309,142.9165528878492
48035,D,126.07895002696911,2019,40.00653770726394,75.34254704684777
48035,D,42.110065176448884,1966,42.383349035361064,207.01437231270253
48035,E,83.26171526296073,1993,18.74438675184434,55.3353525217745
48035,A,150.9044008103716,1983,55.263479356028874,216.00653672561495
48035,A,139.20977460515303,2022,44.27928223004985,202.51422255831056
48035,E,158.78232463968715,1978,13.617997593779227,81.7072316999847
48035,E,104.97048626556911,1965,26.33773886206889,140.67412112083144
48035,D,104.56612951626086,1963,41.4182185226454,62.57149749447619
48035,C,197.2492397691183,1979,52.53968657589032,157.62741354217698
48035,C,68.16343512351793,1973,50.28507129283413,134.6877609799585
48035,D,71.98508617423236,1994,51.09929611089406,63.336460072604915
48035,E,214.46613109902734,2013,30.403889578977555,144.07431347697332
48035,F,154.49487066289726,1955,77.86898126562298,199.25086902925767
48035,B,126.14601828739647,1989,41.49389467598537,221.67467595221248
48035,F,85.53797438674077,2002,32.190067881401276,219.9975186338021
48035,E,172.12656365635,1955,10.260376257264143,98.30124537121225
48035,D,97.4822771396252,1987,46.63047240222965,118.81509867407114
48035,G,156.70339559279313,2001,72.14070785253246,113.63749589127774
48035,B,158.2676919708025,1990,20.490395922058614,164.36575423653818
48035,C,100.33088511276715,2000,58.85802536465295,50.31588421558237
48035,E,81.87910246985427,2003,51.13922598390335,62.808704772957704
48035,E,100.14423342160735,2011,62.31210779010205,60.60917623940567
48035,D,117.92641110004261,2010,51.13830892918732,102.26567918818037
48035,G,66.34609357849037,1956,72.75310000815068,177.24376573386894
48035,D,80.4369424346599,1962,76.14893498890902,78.32227012357987
48035,D,143.3222900419903,1957,62.002916986890234,187.12061330897487
48035,E,113.97459016170518,2003,66.24792437784994,249.12084036070118
48035,C,163.21241923493182,1955,16.69021133638208,54.509844306017285
48035,B,-15.377192769058865,1969,21.97717348893813,224.65087133833453
48035,D,132.04383786002037,1996,37.43588328519061,148.0008501528687
48035,B,86.71532675532265,1973,75.2493740778798,194.11728387412748
48035,E,121.52382069603145,1985,66.72123093863328,77.0076273361095
48035,C,75.13734969193716,1976,30.128502759781025,116.61742626769541
48035,C,127.85156784632406,2003,74.88919323724568,183.02403562272315
48035,D,173.54243737841222,1955,10.02872026074224,169.23653388047538
48035,F,76.41989009213499,1999,41.64619572372807,221.43859071736114
48035,A,90.61170475144202,1997,38.97773889388379,146.67841333642528
48035,C,68.71788787310793,2011,65.56903050075029,182.27207873226115
48035,B,98.17420568118662,1957,41.08791036227845,206.27124367904005
48035,D,156.5141909653482,1984,48.99333103345639,207.46976968194141
48035,D,132.05001266986227,1996,22.36501209093287,107.07227719957093
48035,F,162.67209011985966,1969,57.19344816305006,210.85223087569
48035,D,181.7830322691872,1956,33.473030522125484,213.17105114913807
48035,E,91.47629880347156,1964,38.39335731788097,185.91036731453678
48035,B,110.63479101025548,2012,30.174188569502718,101.39834706218952
48035,D,143.50546045978467,2006,71.7298360574478,147.05614342203967
48035,D,115.92870094872745,1991,44.14759861673167,112.91630930924546
48035,C,116.2769296612063,1953,23.90554568767974,106.1419484929188
48035,G,150.0868553194087,2019,57.43278274697159,84.56401029129046
48035,C,115.40521872921559,1952,71.9510727183081,94.30543038047341
48035,C,111.24181321105216,2012,19.65264596902036,205.19536996304845
48035,E,24.589871083446766,1977,10.667726781788145,130.57800621000973
48035,F,139.00979467557187,2008,10.606836289159173,235.50340314156492
48035,B,57.88448610618994,1975,44.796251654555796,200.56179890220199
48035,E,34.95979875760838,2021,41.60829159721971,131.6040182570162
48035,D,156.46559082691394,1969,35.8750182335765,115.86106257291986
48035,C,54.964911512292815,1951,17.426443496356647,96.61063759697173
48035,F,180.09658347697717,2001,68.38781082864276,209.95254855904795
48035,C,120.43942213160359,1975,29.842280448485543,187.35114405638177
48035,D,38.94958577118305,2016,76.29281947010514,150.97496301906142
48035,E,85.1085355873051,1973,39.75016898862383,105.08933595810181
48035,C,2.477207368781947,1986,74.90445253535817,167.71721946985085
48035,C,203.64341009492648,1970,23.786754114610495,132.55166405547868
48035,C,28.980097596408214,1953,47.60185251228202,90.70710449636097
48035,B,179.38205696794535,2015,40.36065919819947,132.41872192650783
48035,A,268.9527481900694,1959,10.91535739222304,84.3401673100618
48035,D,114.43535461973465,1995,14.452629732355051,94.21577473868838
48035,D,94.4044669257398,2004,32.78523366882948,78.73752503684256
48035,D,122.52265922259662,1977,37.918898836287944,230.88028730339047
48035,G,200.161559831128,1953,55.396891877694195,111.88649419389665
48035,D,74.7407546425447,1993,11.713618606923998,208.14058074922275
48035,A,90.12544921482564,2021,42.98207915646993,164.68032517954077
48035,F,111.53366990830199,1959,53.925430794123635,206.88162332364075
48035,D,138.98803823588761,2013,45.225344502807346,63.55927916562251
48035,D,131.6090443251097,2009,60.205346170729406,216.58632967858298
48035,D,177.7963900940643,1979,70.60090659747556,194.884468053863
48035,C,172.6053411237318,1973,34.91778735825656,106.8208298454866
48035,B,76.9318473525226,2013,78.4197529182595,106.33587089490499
48035,C,162.2695691639036,1951,15.598773795772836,67.9651505144168
48035,D,46.18687279991103,1964,13.775280798860985,153.30930207785246
48035,D,210.27872163434077,2001,63.24629394165245,146.14469129379464
48035,F,170.55526063358806,2013,27.600110653122442,84.71442883028794
48035,F,162.3899158986392,2016,26.134638614606462,115.5132587844252
48035,C,100.0358928457249,1970,66.42081973419391,100.64149632847148
48035,C,119.662379742243,1971,14.908263202289277,55.25954533693371
48035,C,164.52087619976353,2008,48.93654758180409,132.2821863520931
48035,F,124.15783263569979,2002,33.74151727675236,72.21266065633094
48035,C,86.74783882136369,2001,32.36650162652331,82.71100768276364
48035,C,180.7095277743864,1996,43.0229416573612,149.16389452970782
48035,D,132.86865532086748,1954,77.52359989319126,151.8445076654156
48035,D,88.45767985264057,2001,32.64414331502023,54.62935438300167
48035,D,58.57600514182678,1993,28.078505052101445,146.15723363594546
48035,G,117.05759586835684,2021,68.8949739913639,132.96952131210915
48035,E,98.51825107362457,1976,12.55642655669617,174.05773051771698
48035,C,54.94453668043273,1969,51.0327647861839,121.44839363402724
48035,D,88.08483792845581,2019,18.90277175427576,64.46967676721147
48035,E,107.90242376711085,1981,33.0304010763563,128.29085415889423
48035,C,70.09526861154824,1976,10.578570856210089,205.9920921080786
48035,D,32.285757358875045,2013,45.21478258424197,166.8449577663436
48035,F,124.83719564695235,1983,49.1877352217953,51.673131996828836
48035,B,90.32896949110383,1967,22.978827247902196,152.4036253350938
48035,G,94.36444191138906,1998,42.92073558841024,55.7993488671896
48035,D,128.9179826179939,1993,40.85356733727583,248.91182812194793
48035,C,76.95158163682723,2020,26.71361258027813,217.112959714247
48035,E,131.75852184892904,1995,60.6526606430566,216.53664472401024
48035,C,213.4372381270811,1967,74.1968953620256,76.79497334995624
48035,D,96.64336751970855,1954,74.17646046523434,162.0343791134717
48035,B,140.47102431041654,1982,73.99095231574509,159.28420247202055
48035,C,98.6890113097663,1955,58.86818468584665,112.19460427660665
48035,B,158.45158277211377,2005,44.569291031909295,51.94007098460845
48035,B,93.63054691801901,2021,50.50097440150648,65.0187291610628
48035,F,155.73728249444724,1953,62.88060907609068,171.3439159564464
48035,D,108.31379710741373,1979,58.11620923884583,72.31646262664827
48035,B,53.31696386608802,2005,71.0723970558572,93.12795254516983
48035,B,104.24885258574935,2010,68.04272459649424,138.75671585646714
48035,D,92.16106135783168,1986,55.70949120792024,150.45497291907748
48035,D,121.63194183454357,1963,21.492947483945112,74.6927147461472
48035,G,51.794700309082074,1955,56.73211995082645,171.88905946545577
48035,D,93.40611248553357,1989,14.402483571674079,187.3173004228866
48035,C,102.86866401562645,1989,28.631087023582353,93.02411940920818
48035,E,84.42445146923802,1962,27.202521853012147,165.39183002419583
48035,C,24.54718248244326,2017,11.862179451759472,162.39626832527586
48035,C,158.47825718905037,1964,46.36512983354868,140.10730781341522
48035,A,217.6553599136287,1958,61.5395929148395,164.2679056906154
48035,B,154.34783160493387,1998,57.489347619959865,171.54182236638545
48035,C,82.8288757445608,1956,36.07692169619564,102.481564514149
48035,E,93.70588711374334,1960,52.833285933712695,124.70393284634824
48035,D,145.01604662279357,1966,42.10605716446592,178.46393019514886
48035,D,164.61712207797422,1953,43.3597560506013,109.21310200778942
48035,D,122.65296564663095,2010,58.27911496552363,220.42954956000233
48035,D,163.26448780676247,1969,21.311856917061483,73.6708202653175
48035,E,116.21468657510506,1950,27.74199907711114,64.84937186610915
48035,B,158.79098031375344,1972,57.87253483443738,208.9595509641553
48035,B,72.96527360388825,2006,45.53457058594431,211.59313785215147
48035,C,123.9541852364464,2020,34.37614477951581,192.04196966325298
48035,C,111.4421806624818,1999,17.521725150932056,219.22383711102236
48035,D,182.36926459873314,1959,78.92510585613564,77.65306877537421
48035,C,29.348888212549326,1958,12.101415800213541,129.4455059132465
48035,D,37.848818764234125,1975,46.17152314580451,213.82146523553754
48035,D,116.28273351207379,1964,76.54157761517871,221.82607195024667
48035,C,110.77242789070274,2011,30.694683224574533,166.20929825678303
48035,F,149.81837412086796,1965,22.461422700458925,214.9362478455873
48035,C,158.4470725045565,1996,35.52479937096481,221.5320794084513
48035,C,71.06153854419958,2013,68.52554926167869,193.6894562604832
48035,D,121.80844399317311,1962,33.657898546833515,143.96908699673497
48035,C,81.12334380225724,1954,53.75187514672302,220.8032667337573
48035,E,178.08044068285687,1970,36.52209632328237,56.94323043677891
48035,B,168.76690905521843,2009,73.76152333645106,212.86019673431755
48035,D,133.2295312290708,1983,50.34838860175434,208.40062522603918
48035,C,85.0348280448747,1951,75.1370487371813,209.9356827307203
48035,C,140.73126996336418,2009,76.03088780719568,155.55444181377538
48035,D,20.93781897231098,1997,49.375848339472164,130.42623100577526
48035,D,97.82951633907257,2004,70.35070708051853,227.82610714097166
48035,C,157.3722485713528,2014,72.51009536775479,193.83560481039592
48035,D,134.89380955119225,2004,76.54144091531569,98.92325481045322
48035,D,32.8163698801732,1995,51.07120691728263,209.18262848403128
48035,C,127.84115080490966,1997,43.689176627932355,173.4708501976134
48035,C,206.98326259852254,1952,39.39092602475899,151.63275809163494
48035,B,124.26420343666202,1951,48.09260811593675,158.69397399627263
48035,C,119.39782235200343,1994,31.727866670709137,181.22223009563342
48035,C,63.961617465187516,1998,26.804875717502505,161.38502047804133
48035,B,110.22327431877173,1966,77.20083165733878,214.092258031663
48035,E,145.4454718815346,2021,28.967424550985367,107.12531993671541
48035,C,110.59485622274742,1952,48.22349523179362,168.0626344650137
48035,F,102.36575505022093,1962,10.40394629050776,135.86455314083906
48035,C,136.81389446237813,1983,42.163831073511574,248.35577566693863
48035,C,83.14853194236514,1990,76.77445626927056,212.8417534109326
48035,F,141.83662777824176,1976,67.99111769880699,157.5544982551287
48035,B,140.06035817414977,1995,49.939298323722454,239.1259355497994
48035,C,90.77995117019844,1952,38.30551009868033,82.39343688058807
48035,D,242.61849564343618,1968,36.276414772952386,98.31700013416669
48035,D,182.6775083248684,1973,41.59961025234792,99.39264483236418
48035,E,205.31653097693254,1993,16.5121262318627,167.85346775133343
48035,D,144.01675234767382,1968,45.10131938891709,154.1657461081483
48035,C,105.9536687896113,1990,18.42383081701364,69.70745343354814
48035,E,97.06539332315256,1969,17.037125108428512,149.24389589798488
48035,D,139.72445309550247,1962,68.87314877587923,152.69959226837145
48035,B,104.68211451108115,1986,23.956657330743887,111.5310174712673
48035,A,42.55799627406202,1972,27.3975020748965,110.83105089709302
48035,E,62.63292418393354,1976,64.24008815273692,75.94125159800538
48035,C,81.55291875530388,1964,40.4260122635759,116.15899895620865
48035,B,156.49289572115933,1997,29.609388314276583,79.20338111842165
48035,C,153.817713237441,1975,57.42267382541233,201.68172815994095
48035,C,121.8483760274554,1966,11.660145221405342,65.95782472680007
48035,C,126.08793051547147,1987,67.77248993892837,213.16410465259338
48035,F,141.31405903398036,1953,67.42050724264242,130.82196954859143
48035,C,170.57425927881044,1962,48.41892289154317,157.6652744019824
48035,D,132.09010357778743,1997,16.19408269893098,55.27672360110767
48035,E,135.07035348905586,1970,69.25741451863837,151.03314230454652
48035,D,99.38266532882963,1961,71.64679237851038,129.44842629336705
48035,C,89.93497677441337,1986,34.4903185955735,191.66480981559405
48035,C,74.22614854548537,2005,65.00269067207131,239.50677014668904
48035,C,126.3229609530345,2001,24.676264547819027,226.93499699067
48035,D,56.08686853712124,2019,69.0510861915478,85.65002879159266
48035,F,105.65972953332304,1996,63.604900490100704,138.24022044258646
48035,D,55.706799136014254,2009,78.32097479191559,112.12019427906591
48035,C,94.72551222777444,1953,58.57164820958256,226.84147036586373
48035,C,50.04112093863837,1950,32.726288702963586,129.2471049074607
48035,C,87.0813393186794,2004,24.115864788682458,65.64841971600455
48035,E,104.19585194385134,1957,61.451623872471934,87.72410380852622
48035,B,135.7169341565715,1974,39.3474474523276,88.79879124467945
48035,C,283.81996725565,1963,27.171330194135685,173.0456405600407
48035,C,147.00120984946216,1988,23.42414208055697,60.01290541865887
48035,E,114.50679384490321,1992,55.77519520119842,234.52462982582148
48035,B,110.79565664920403,2012,10.83099426685515,110.13112811214882
48035,D,151.50897961825567,1956,73.87395379612579,103.19481293082242
48035,C,7.90518226125856,2020,14.935346889778012,166.0076975801845
48035,D,132.41618224290943,1976,47.773109542128594,75.80735756208733
48035,D,82.33778954582414,1991,22.62491777971563,218.30314481242462
48035,A,105.75476166892345,2002,51.76413726499988,67.37258159723656
48035,D,91.63691426712091,1969,62.77563791089968,72.07884684998675
48035,C,127.95885579612904,1965,19.908647663397424,216.82508664944916
48035,A,85.21404377664572,2005,48.435825579810604,166.59969594366314
48035,C,158.8114252362053,2007,14.165870979478205,104.66577533317813
48035,F,95.80332775243835,1992,59.079879196850385,108.12859386130623
48035,C,172.37484574379954,1997,21.52390725957906,79.73451273923642
48035,C,72.71392062407637,1955,17.313767671548426,97.50322411881203
48035,C,89.7160000032101,1981,60.12441373936907,114.63881306486724
48035,C,118.39788146597566,1985,72.12937208888782,106.60339317675391
48035,C,89.7106736897392,1959,36.61364985826243,224.25437019002342
48035,D,109.72494601269885,1980,15.309609009764845,182.35814276290418
48035,C,32.274371105554096,1958,60.08939791325627,194.31530521700537
48035,C,9.40030833889658,1972,32.1791460555231,195.01862479730846
48035,B,94.42887600107895,1954,78.51992106247643,226.05035465633742
48035,C,74.00938620648557,1994,58.21372611714061,184.1990922260632
48035,B,233.52472801306104,1969,13.037802500499259,119.69559515913106
48035,B,122.69157759337247,2018,50.87228763604339,91.95508275582162
48035,B,233.9708368425681,2003,48.97910891941938,235.80417714336022
48035,C,85.22553554512959,1987,22.561166630659713,55.08413703590498
48035,A,87.17661818370578,1992,47.26171843659374,65.17432824480952
48035,D,126.55275998637015,2010,23.231209792254802,143.88697243080878
48035,D,1.0501979623387854,1962,52.72757066508375,237.82173966204812
48035,D,153.5024835907762,2002,35.43612459486684,142.90245010081549
48035,G,96.87262372788152,1983,15.47921365109131,236.682664089911
48035,C,66.83613596159893,1984,25.798627207330114,54.186405898414705
48035,D,169.40355564290692,1997,51.5209196868994,87.3465988194742
48035,C,202.2556996255202,1993,21.15731860242448,58.818443279506425
48035,C,55.14947516167685,1989,16.86037904096592,190.78841648439243
48035,C,9.555557859978393,1999,54.62491620539142,179.05555106471257
48035,E,120.5931339590392,1954,65.04050248173945,226.3445047032521
48035,E,70.96059957932204,1980,27.41714207367555,182.24667665237314
48035,D,118.5434475757503,1989,44.27113173701331,112.27508843266423
48035,E,108.27588816865587,2004,14.305401552104698,60.26687426473551
48035,C,182.51434564706167,1979,13.559777818361788,94.224652577803
48035,C,73.31231319299515,1955,33.60539369371582,52.84043123415294
48035,B,84.4070347747115,1976,38.45974655338436,121.1243998515131
48035,E,113.49472330768083,2015,18.949481589542692,197.79841263124877
48035,C,83.25945512329045,1970,34.018086149190665,98.38115451835156
48035,C,50.03858703876844,1958,46.399868682584525,207.58818413458002
48035,C,8.085582944597803,1999,11.582310755145864,98.76854599322107
48035,B,112.27790653706141,1957,58.979915400803606,99.25414682063465
48035,F,141.0659897116218,1987,21.562109966291345,234.28672580489066
48035,C,160.38867156458917,1996,42.96445784923448,233.56948456407042
48035,C,187.85097114091488,1997,71.05431702992266,59.51663850922249
48035,C,134.02879620923866,1968,69.04354183878598,187.67477587718452
48035,C,108.2154808469919,2018,75.54467904774897,53.704915349191175
48035,C,141.70647125279615,1999,65.41865694412226,88.63155022419598
48035,D,120.87787749649125,2015,57.05840579527962,206.47916172889182
48035,D,74.53772707789707,1956,32.25718821617324,156.3911397566353
48035,D,118.55263425943937,1973,49.38821290535106,238.9894841643009
48035,B,150.70960781209925,2016,67.2081488291266,162.04829275661052
48035,C,173.64648072536733,1994,38.839579264452084,165.7833065185435
48035,C,77.33002629804443,2019,58.86520369350542,127.5904337309784
48035,B,191.77854965818116,1996,45.926700046752146,167.43582562713937
48035,C,28.57970595790185,1972,60.51539809762151,64.93232892904481
48035,F,1.693974321506218,1996,36.81710035134091,217.11414199291207
48035,F,69.00313309479749,1963,56.18745898853763,113.81499446414524
48035,E,127.16645446683293,2017,62.04517750453527,156.39766365415636
48035,E,114.75215174453882,1982,23.977979831772544,151.27394753044177
48035,D,120.23164073519386,1995,75.91443964513581,223.01250599687208
48035,C,164.10132703542746,1967,25.253312887076945,179.53400054239512
48035,C,116.50875881171977,1955,25.0559660149565,104.37214534518316
48035,B,61.297877018925234,1960,65.51072153379195,76.5287748907931
48035,D,83.90067061122303,2018,77.63246173841758,214.2063894192862
48035,C,162.08670895234224,1955,19.16134334203809,141.51376953479433
48035,C,96.0867482171242,1955,39.99952288212545,195.31715316529065
48035,D,163.87242610378337,2022,31.824435276351537,177.56443585188202
48035,A,63.42971949324813,1991,34.44122705960248,184.06392679630855
48035,D,164.3691182070567,2020,68.8991505217745,179.48938475024963
48035,C,139.20209878377713,2011,79.41711369821748,89.48074674610851
48035,D,191.38115186537885,2022,10.135234000405363,195.15420939155547
48035,D,78.97117222070523,1957,54.383853920768836,202.17829459224802
48035,G,185.91649439695613,2021,63.62181296635075,117.76023398542259
48035,B,188.10324784637388,1980,46.008270812232915,101.35390310758262
48035,A,101.77729325255292,1986,37.49499524300934,189.12815068908162
48040,B,133.69530002409115,1976,12.313653641560784,50.226295024174036
48040,B,85.13335307062368,1994,50.9203530926055,57.62364903769832
48040,C,154.81695738494386,1954,39.03150617709956,236.07023542661355
48040,E,140.00864394864044,1973,19.158965294417385,185.16232714854658
48040,D,154.0519798022261,1962,79.04675201402246,156.71794602208172
48040,B,161.3054918346935,1963,12.244388741476353,66.640363301787
48040,C,136.26944067763193,1974,42.22703229725284,122.88197319908065
48040,C,143.20496002833016,1965,79.61150619819091,245.99722145742186
48040,E,25.50156005438258,2014,56.2885714385564,131.86898417647853
48040,E,189.3676181005864,2014,52.25424699251466,233.28443783350673
48040,B,140.8647865456253,2013,66.77107624524484,221.79727820642336
48040,G,95.13315633120989,2001,67.63432338622982,186.12077402383068
48040,E,205.69629002134968,1995,70.41201454751993,146.27654234968549
48040,B,130.01309357682538,2021,33.5179215166358,80.89864724120764
48040,C,165.18788105686338,1955,66.42115532221484,188.59435875473346
48040,A,18.734565344522565,1963,33.45647039878398,56.9007752996652
48040,C,84.81512269023284,2006,28.43545332986555,91.97293545582423
48040,D,152.04753041666984,1974,39.286229357549324,205.71276950935192
48040,D,182.61996898143792,2018,25.2056869405757,192.82639872043055
48040,C,134.49028709991967,1980,66.27192961146774,86.80820696428935
48040,C,97.56521586902579,1967,66.12231917920326,199.65536405087508
48040,E,131.71296322283828,2007,50.129368212724245,94.04877548057212
48040,E,92.87503468061358,2000,38.78766789352083,235.98843204580083
48040,C,196.83432078111855,2016,69.1465264090823,50.0481749035733
48040,B,70.005235387595,1971,76.34858298928998,123.42656706205301
48040,F,229.68013078050356,1997,29.448302969525802,223.98118677806417
48040,D,152.32246842711305,1965,41.151307860774864,249.9010379417033
48040,E,235.56295024714396,1980,31.793747005059156,163.55539128637565
48040,G,184.54778231374996,1994,15.791455814356876,214.79607783141307
48040,D,94.3850713464635,1961,13.772880327565215,52.435967083308284
48040,D,69.96853137583797,2002,19.435847989363396,232.73391948854388
48040,C,77.24522627953976,1975,47.1184257946844,120.7182291914637
48040,E,26.254115279614837,2010,66.11239736291301,208.3432335168543
48040,G,90.48674132686645,1998,63.895340516408034,221.49705074724403
48040,A,187.0042116340254,2015,62.47380265043166,77.17723002551884
48040,B,81.20557773526043,1992,68.21188075087535,236.49835595553597
48040,E,114.69304950876673,1983,68.11240700997112,240.12235494857805
48040,D,180.8620322663287,2017,50.56459279531828,183.0265720367451
48040,C,126.17221728930697,1984,32.73592407662524,108.67793511659568
48040,A,145.84753442814616,1995,15.574912440231621,166.687126942177
48040,F,165.50070555573606,1966,70.0359191769279,229.5017670216708
48040,F,118.32745628750874,2010,25.199828282637032,124.7281636933397
48040,C,139.44094551318565,1980,32.19512531345837,237.86700314859738
48040,C,61.30633368469856,2017,63.16405984318149,227.21479341910504
48040,D,109.39551650397871,1960,53.721807606410806,133.36692304455875
48040,D,147.11015034545244,1970,77.62392929356393,170.82178023016942
48040,D,126.95510849208291,1983,12.400417481737964,190.46768682037236
48040,C,153.13168987732743,1971,28.91742125431999,150.92821118961507
48040,G,150.9047920214404,1975,34.13508500581756,228.72972981809616
48040,C,128.2387502090678,1979,70.67348016039406,153.84534883790553
48040,G,91.67184915122016,1995,26.24937389601093,50.18860850549807
48040,E,233.60907263323844,1953,72.49197800974487,226.97482475669176
48040,D,173.70871025727794,1985,43.39908371769783,139.524774533105
48040,E,-32.80060807324739,1983,74.03277309365718,157.3846522840234
48040,D,133.46852975941923,1994,55.76809746793744,186.24185156430977
48040,E,73.0259385936073,2015,72.99000972944364,213.6805294995647
48040,G,78.02801730740617,1983,40.9507879650608,61.368114142477694
48040,G,101.5595875738963,1974,34.360934763444504,193.7984950796122
48040,E,106.22296269472878,1967,14.4166276828251,71.5711552307029
48040,D,117.60782153251233,1988,21.299189138130178,124.39895195783237
48040,E,99.76023102898534,2012,60.45714215324409,98.2413549256046
48040,B,176.64023485874037,1972,53.229011924673294,246.28314436673278
48040,C,70.6067044930114,2001,47.91168239588401,185.0378831023248
48040,D,156.1518969789932,1995,28.40164913925282,57.149678893172926
48040,D,74.32874368413486,1988,56.82675970477922,199.40169991939186
48040,F,119.11266537908031,1970,62.799763312465124,54.102183864078235
48040,C,136.23791197667708,1962,20.184401307347848,217.4660307866082
48040,A,149.02838435178074,1977,40.43610736388794,90.15334581186703
48040,B,68.6161412352129,1953,53.765194105699656,215.47683872147164
48040,D,111.8329774441809,1980,48.74006928146092,56.37135250565202
48040,C,111.3812521273169,1969,64.58730729362006,206.78505582837752
48040,D,155.736586375885,1974,69.1557146414851,146.05080021723094
48040,B,79.09723397092228,2021,47.71408102805813,101.53140459823102
48040,C,-50.448336872531684,1984,73.09799588604632,216.7833200922074
48040,D,94.12567258371521,1997,46.31658184590474,56.73006642701133
48040,D,237.01482490226533,1950,41.1834378158342,224.73454543595295
48040,C,-9.087880128763686,2000,14.538395315033386,202.53051175122818
48040,C,78.37395635480016,1987,60.931534031332035,185.8633330627107
48040,C,42.34823610800896,1988,44.63560484593114,219.82644959770212
48040,E,49.822068521816874,1962,54.12806482251997,110.24514961245589
48040,A,106.97902334237307,1992,62.054007502052265,247.16136420168502
48040,D,138.52992069901057,1972,26.393609793176903,154.25355076481316
48040,B,65.97963353607491,2018,77.33843583138881,194.5802014895556
48040,D,61.129174737535564,2001,78.3188183574715,116.24276292462427
48040,B,163.24246116494572,1978,53.57611078889012,113.01129932151989
48040,D,127.49031534705426,1972,29.806329762613185,97.65755528961361
48040,E,136.6646858306389,1951,59.47533530777701,208.0814951765976
48040,B,166.81981424806864,1969,45.881364768710746,116.12016199400037
48040,E,191.0309146387004,1994,15.869200260313672,119.40940519075541
48040,C,113.7784607928095,1974,29.22006208857151,159.21976160065816
48040,C,20.765602927704506,1955,45.6952746785354,75.95244669925287
48040,E,106.64312570291227,1976,78.89154716382504,53.98029674801557
48040,D,153.0210467970656,1951,26.49508275949953,228.90464738219453
48040,B,112.6319932621856,1962,57.60767889032941,183.81600337245663
48040,F,0.19588558347918195,1961,41.59357076078681,126.83883698519548
48040,C,86.0509826768434,2018,60.33233371529212,149.35402262543272
48040,A,91.33109440705202,1970,35.23241204044788,136.08438161759338
48040,C,125.35156994016211,2004,74.78705251528265,215.7859782386024
48040,B,111.37519828012718,1972,76.88623944920685,183.55544528915226
48040,B,73.14244210828387,1980,10.505396290260244,113.31926968252935
48040,D,140.93522891461842,1985,48.092750796191055,80.87235397918008
48040,C,119.30133857619633,1964,73.786401722027,214.12547868380736
48040,B,143.40759898421268,1993,10.304084744886294,179.06391666752336
48040,C,132.86188753382612,1958,73.88907072499774,88.56055893532132
48040,C,114.4949954385962,2021,25.6446019979088,191.1191579552984
48040,B,153.25290405950233,2003,66.03605872189384,100.75952851119843
48040,C,143.25409245713797,1967,59.844439498641954,165.99239610702222
48040,B,28.661900300321307,1951,12.655681905515486,79.3920811807623
48040,F,83.787539532116,2007,49.5951417669352,78.41232188861244
48040,D,40.86463683638938,2013,78.25482458191019,224.69463421120085
48040,C,119.79602642479843,2017,24.087525518581874,106.93487838936353
48040,E,107.32700606217344,1974,40.485351921728146,64.4697019794971
48040,E,79.59056708759309,2017,61.90620766288932,169.8856784220837
48040,B,107.55761405044854,1984,70.73938218366817,50.428183869095044
48040,C,96.4622450437609,1987,66.56543673904378,74.90105087313844
48040,G,176.05940712849522,1955,45.22598417702823,142.95684118750017
48040,G,53.59895704378876,1978,27.010133989015007,209.09238424429347
48040,A,118.6580215841424,1984,59.56166487985382,100.84356581333765
48040,E,116.45815760419549,2009,49.83748862539627,99.19852001425085
48040,C,124.55624336266884,1967,42.937655435319236,239.7954688239192
48040,E,70.0765836639028,1973,53.83256170471603,107.35914583770796
48040,F,36.679040512608836,2006,21.119688436076906,89.13325912506849
48040,G,96.34392476953221,1992,52.71250033656493,80.7948259487658
48040,E,84.43466600005615,1969,76.52404335597335,64.48446257213696
48040,C,131.91732328588247,1977,15.756325505742037,133.65281618051515
48040,D,52.16710862769473,1984,29.23153759074107,145.95427155647556
48040,D,87.07769807391416,2008,68.70600081447199,70.71531322060301
48040,E,73.1462859926016,1994,79.95554525348751,184.0707279323598
48040,G,182.23350884087475,2008,45.05144343009388,141.18923715373228
48040,C,162.64221350471706,1965,75.174132162104,174.68762673882242
48040,C,96.25570620584969,2020,37.59807648470216,185.41639439022163
48040,C,85.0187100642172,1974,10.07156097161136,170.03638886286512
48040,C,102.49649627109002,2003,35.92241228153655,54.04724652799009
48040,D,158.55827034139608,1986,46.767532538134176,244.80624499441276
48040,F,99.53297123906879,1982,17.228116660525778,60.41758138543018
48040,C,67.19442154064566,1996,68.8387349725885,186.52897645862626
48040,C,163.77468184763381,1977,44.9111255564352,241.71306692873935
48040,D,115.92176203539113,2000,27.663380308925934,132.93962366102562
48040,B,77.06899349671167,1957,75.59787457450304,175.52397479654118
48040,C,131.5407792415865,1991,11.790528823661772,209.3417335085145
48040,D,69.42600994917149,1994,42.37943158196597,170.27684455374617
48040,E,174.3727869340346,2017,11.844313253574231,197.82493342730925
48040,C,104.16602270328752,2004,54.76934686237724,63.43951415047475
48040,C,188.72424907137798,1974,48.924013463402304,115.39552464854785
48040,C,115.5813356236802,2005,49.04618768464028,222.25726655095275
48040,C,230.53448630078822,1977,47.393292426603345,185.78060417194138
48040,E,22.93315809640724,1952,41.182108185965376,192.814235228467
48040,E,44.63957170718825,1987,62.38774493468202,201.75882854086257
48040,F,126.42255336231466,2009,33.50506084519853,50.63485963690064
48040,F,90.43476805605272,1986,67.36625430970498,215.06031246854292
48040,B,93.86133601593522,2007,38.662951932214405,240.6145537244274
48040,E,74.45094419748813,2004,40.477257728960936,130.37974159119332
48040,D,195.9161412283657,1976,59.702054337266034,54.004706903941305
48040,D,145.32276232538814,1999,18.25020760758391,241.65023444650063
48040,B,159.39656262480264,1971,51.32093502289197,176.00142708930463
48040,E,143.06817605400465,1987,23.439436516155304,94.97501836113918
48040,C,221.0236988546398,1997,30.09922860310003,86.74566806828747
48040,C,86.45611896201598,1957,43.05966750301607,160.76721650044414
48045,C,95.92789548675378,1955,49.4165994510745,168.73752386740412
48045,D,74.4116632085075,2022,70.18101484515627,190.03765185881062
48045,D,80.5989190612172,1985,49.4662373778151,92.12634445486019
48045,F,130.55701065384798,2014,73.78793062840018,130.7513220956693
48045,C,163.87737767257104,1996,31.444120264150243,183.23859205328623
48045,E,137.58311774870296,1968,19.804519155125554,119.6549230726383
48045,C,159.05394906076367,1985,73.78647908133851,236.62717368124373
48045,C,121.02812352149137,1988,17.684806756928314,164.60559204634436
48045,A,40.19870742857623,2013,44.21118882841012,165.82285397512106
48045,D,78.16223649790146,1965,35.78172674607122,122.80549384291326
48045,F,198.70733930162044,1990,63.52331138095329,83.58063932041777
48045,C,102.7046359666586,1950,43.26384036198646,239.0235014685092
48045,C,142.16454633037128,1956,44.770667826872476,170.0028954961271
48045,B,129.10530160286635,1973,41.22800149876314,162.96366279203943
48045,C,225.96201936144752,2022,55.60424074707291,101.80784202410294
48045,B,53.754199028876826,1972,42.324470904634296,101.281431637738
48045,D,99.9585496358527,2012,52.99138918313392,87.63999633597246
48045,C,199.2292632385347,1974,11.04082820418638,120.5754701008668
48045,B,53.01223733519252,1994,65.90811596512538,98.66038559659343
48045,D,92.53648319398651,1951,76.85689893159802,88.60299708113972
48045,E,208.08351160684387,1953,22.905776661378567,138.61518658668976
48045,B,111.43583377679064,2020,14.550384258756441,123.77581833185512
48045,E,179.3495059796309,1996,32.17230282802045,199.9505757394076
48045,B,74.75741297996996,1975,26.980404202855564,120.6275586562353
48045,F,26.70177258528652,2014,16.640949887262586,249.36977757188396
48045,C,174.55075547041204,1983,21.58785563761611,196.2707943554756
48045,D,121.98180325407415,1965,69.66557444834305,201.31053201156325
48045,D,138.0400484232605,2006,24.695228217143907,205.23037282112458
48045,C,87.08086410297773,2011,52.79221709371569,58.89543776063199
48045,E,90.27481520254963,2005,41.60824526811395,165.92217984565679
48045,E,112.79572147737528,1991,52.433547619689826,161.55295181961236
48045,D,174.15253277767914,2014,62.6731163655032,56.12109926738085
48045,C,89.26951443674129,1995,13.350591923427496,131.5720051181827
48045,D,119.907695581794,1994,27.6540035431839,102.1034890871938
48045,D,198.14278628212926,1980,24.159122721942126,92.78675656020945
48045,A,118.7717896495058,1964,66.44486965555127,82.82954811180042
48045,C,21.145965015796108,1978,74.18851243129518,191.35305637232622
48045,D,116.75675748134528,1991,54.28152878134979,96.45314515950506
48045,E,121.41693897417976,2022,33.72553539559184,213.86675045977222
48045,B,176.5927417508047,2014,57.00206219102529,100.48623882040799
48045,A,169.47744905367188,2002,68.60679996608215,63.3594154524344
48045,F,188.07163456394255,1988,56.0518754735572,62.78226418982822
48045,B,138.43083884716555,2001,55.10559903447972,201.5019645637012
48045,B,26.83900331307592,1971,27.822653050671413,239.77276917895932
48045,D,144.22434249169754,2013,40.08217667529667,148.80857338714665
48045,B,82.49440064226043,2017,17.47294313460892,213.3241008184273
48045,D,12.530150316942184,1994,69.62857661732532,154.8515855807671
48045,C,124.93173457042495,1970,14.191223870496996,242.3333544364993
48045,D,20.721000323970273,1964,43.26725686110403,220.92151254667425
48045,C,185.2943847150087,2018,19.016915163409166,221.06289287258767
48045,D,120.0731427406895,1990,70.01294764734871,70.89459716318724
48045,C,86.31715641984042,1978,48.975886906122014,191.74571598097992
48045,B,140.5191638393446,1983,42.22360621219146,73.20347742460064
48045,D,180.7333390066451,1967,62.74527307751156,155.0204796284488
48045,C,128.69736042064056,1956,29.661829114731983,232.04434028206242
48045,C,89.09124789499155,1993,38.357148893298444,242.39878197336452
48045,B,207.37484709445948,1987,52.01417829648065,152.7305343642659
48045,D,19.60800501677754,1968,55.13870172141375,96.88976976160791
48045,D,83.40040537321013,1979,68.99510722797504,146.30788953931489
48045,D,92.6061992576276,1968,76.9081580778093,210.07213073131925
48045,D,192.10530583840716,1953,52.61308275906871,132.35640549715492
48045,C,129.42610464323946,2010,26.10003167838799,51.144186308392925
48045,D,130.93591330707437,1993,47.49303473120323,62.04407288904726
48045,B,111.65926296508033,1993,29.24358362375685,193.35954333987414
48045,D,80.49914515923959,1984,74.6246185110533,211.00225981634472
48045,C,154.64076051504614,2010,12.241263732361567,109.3434903158082
48045,D,141.92358784982838,1951,73.30977396220052,89.62083884821747
48045,A,116.3018077299654,1981,10.207390439227776,98.56029996525504
48045,C,155.8707056615454,1980,22.006588565103087,204.3092914624755
48045,C,106.88886524538702,1974,71.24533270454542,221.75025183817837
48045,C,145.2555306041537,2015,32.05391785230581,154.73447999979703
48045,C,209.57396701820682,2011,36.51947283455323,84.71213601456378
48045,F,133.0927782139335,1971,38.80890225815192,81.75158302241667
48045,F,95.93657858103096,2001,32.18745575886011,190.8568539758551
48045,C,138.2668867013467,2010,38.01643275463582,187.97774644768072
48045,F,197.3397793369687,1980,13.010977506603874,224.01103862185656
48045,D,176.0468256203123,1958,22.246220958372085,169.27708368064583
48045,E,198.48142934697466,2021,74.86952530373634,189.73139601624803
48045,C,183.75622023305715,1968,32.034993660187055,60.46975336192048
48045,F,243.6979390208358,2016,57.31243220958054,248.7270896985884
48045,B,144.49549632027907,1959,70.24563211713318,154.36464498999044
48045,B,103.15735176114298,1959,12.174315949612344,229.07925352868864
48045,B,92.83056289521664,2016,42.2228889344483,163.29332119592686
48045,B,130.52023569856595,2006,16.541773886821453,191.3638890020288
48045,C,79.71550034989443,1963,52.59532290795506,100.92537333057909
48045,F,112.02791479909986,1987,50.20999381022012,189.12804314378718
48045,F,76.12747094152596,1990,31.781687534000504,148.07160703303748
48045,E,190.79375746323046,1981,21.678676409458426,54.617096110354034
48045,B,175.38605479912243,1985,39.560447898508215,100.51221425390509
48045,C,148.33010741963628,1966,62.848511320441425,67.79510717386768
48045,E,125.90079820539529,1981,35.01634824135736,243.19874848166523
48045,F,15.02141787098455,1963,65.65612224621817,52.65370817217501
48045,D,78.99543592349681,2012,79.73016694869344,115.90842670477642
48045,C,155.2451430105438,1958,36.66195854761379,137.99475340847602
48050,F,33.10387770171026,1956,65.6186606095194,58.00262610702487
48050,C,225.1022377918903,2016,47.56402330112628,241.59641072181992
48050,D,113.33876237258629,1980,61.38871805598781,70.8151912836494
48050,E,99.42584773785188,1952,11.687828752847848,229.5527155038376
48050,D,176.53031505114632,2016,40.35358108311717,163.90237386888424
48050,E,114.79885981153785,1993,38.228229485574104,237.10910790235323
48050,F,191.7428189813434,2000,11.271057592495518,194.4922620677908
48050,E,55.38122729474037,2014,73.15233119842387,151.6694349814686
48050,C,139.89429644729552,1991,57.52147626734177,162.63961848963226
48050,B,150.0464423565189,1951,27.91894676535449,182.12957782771352
48050,C,101.72086877488366,1979,64.0039412371848,54.043504029559486
48050,D,133.8186861546676,1983,21.1974042227358,52.8456447458332
48050,E,98.83923500658544,1992,35.74825570246695,133.13220030008983
48050,E,139.55284538726238,2018,76.0134167446334,85.92676527442815
48050,D,61.6240439961577,1964,73.1536003085665,52.38089376957007
48050,C,160.54318663802616,1963,14.317620737716682,91.74917647972585
48050,C,129.60571335393342,1959,49.317697255522724,168.62255566494548
48050,C,124.72034767020801,1960,78.38797382383827,178.42582937285206
48050,A,144.22956894196375,2002,49.83468987694627,126.51776473418401
48050,C,133.37376944490308,1997,56.707138004326765,106.67953891411877
48050,D,65.92933096303564,1997,14.401304748014134,174.51176066432885
48050,B,136.79236323600344,1996,68.46718834166018,115.41830120032772
48050,C,195.4724525201325,1995,10.565927357100762,137.4978881726266
48050,C,41.75118142499515,1977,36.86417512489366,78.30977019756466
48050,D,102.8121740244945,1972,30.572305823952174,61.380296099524315
48050,B,126.07305320997729,1999,40.059315079657736,138.2575605599887
48050,B,190.79561810099125,1955,58.75829449999928,104.23007223544391
48050,C,93.65519973314454,2021,75.99404007736936,103.41218804787204
48050,C,143.56956313824955,1978,53.9412914893586,87.34925691946538
48050,D,183.59497727119717,1960,48.06589463632255,184.19178020871044
48050,A,251.62903866650768,1987,43.20608479822333,120.2287381113624
48050,C,122.99996044282531,2019,51.697644507618065,244.19506597201203
48050,G,127.84419688710446,1981,68.04365987111568,129.966491870041
48050,A,164.74544339746544,1957,31.18355995573221,172.46267696938446
48050,C,146.517145083529,1976,32.66956205899022,177.3060618827967
48050,E,135.22461008400722,1988,20.49260067297107,67.99345577219218
48050,D,66.61791183337124,1977,67.1721695630877,202.26993124057847
48050,C,71.11088776601272,2000,58.59587712291931,228.52015794550812
48050,D,94.68179654609162,2001,59.498442976106666,167.53381029465206
48050,C,126.44009960604733,1992,69.72017215910141,100.80707968950166
48050,C,94.6289000275622,2003,24.98367193592039,136.5702213591342
48050,B,164.3548351392879,1951,60.71784718426869,179.02742478714413
48050,C,133.10809802203474,2012,43.14044322635855,210.49034909629873
48050,D,113.97916429900505,1965,14.099389736433483,78.511251426988
48050,E,163.61587079434352,2012,34.93249740298947,239.4175093951111
48050,D,181.3661219069049,1980,26.23307852382404,59.339563577022616
48050,F,91.41115456953062,1952,63.62852259415912,63.66952363793823
48050,E,27.246066825663007,1950,19.819950895157675,227.3128225262304
48050,D,131.88213281499796,1957,21.032794434400767,168.06240209815235
48050,D,59.46286866854177,1965,37.898060005576774,83.977334961324
48050,C,103.31206972546815,1950,18.079929249298743,137.58615276947415
48050,E,165.30910786741495,2010,70.38718492323224,128.55218378494385
48050,A,153.3532736364177,2021,11.321057821342368,75.46385245105827
48050,E,42.74717962967824,2021,51.28457205446549,203.8373579991856
48050,C,87.04880866701647,1996,16.121435905822068,161.58015576210187
48050,C,186.4323205772322,1975,25.32861609240903,165.5526134995415
48050,B,66.15712355229283,1998,23.352803082028473,226.59509996617945
48050,D,110.29021264826532,1993,36.842398418338476,112.68267297073402
48050,C,53.18374067420963,1980,78.65903577567289,121.25060857976027
48050,D,66.22966039430787,1971,54.389016760676206,75.34433419053542
48050,D,101.19205406194882,1989,20.30916659488287,140.51290068711654
48050,E,35.52910052598793,2019,13.734429618490253,219.5148059580525
48050,D,169.79229626051495,1990,37.90489346374688,73.92608790321407
48050,C,118.55795346604421,1973,67.59347548271592,185.0911236046501
48050,B,158.53649567568868,1961,47.11732684563699,190.8171337284671
48050,C,207.6221024904071,1995,41.2383576266929,188.95779971975693
48050,B,199.70587307610117,2017,35.894966671396105,139.79595481276795
48050,C,204.3182729474326,1990,78.55939111964965,142.8805812641292
48050,E,25.300320357889177,1997,72.2976108122677,207.1600930375949
48050,C,297.20325054798906,1954,25.67280633139795,138.78333960930797
48050,C,105.85950024787269,1999,22.199507495095247,174.3763927780787
48050,A,117.49673208847511,1963,17.048552077266216,134.73863039992847
48050,C,110.82298389917672,1981,33.545809831859685,184.41687812121262
48050,A,114.25245342540786,2004,55.152193418636514,219.71448191640923
48050,C,104.58940169919347,1990,40.31532718107549,190.5931327089287
48050,B,134.71372256022312,2020,64.84892116496982,165.01727227702304
48050,B,41.52296268349714,2005,21.587470488570624,130.54647397339323
48050,C,92.77930074662638,1959,50.15092248676524,238.64685666939377
48050,D,100.95349408937537,1979,13.733811410362847,129.71993254369116
48050,C,135.66555064281857,2013,58.78952638495605,249.50964433624821
48050,C,172.36527290880034,1981,17.64830896136001,239.7871750003008
48050,C,121.94285102838104,1988,53.48401012229275,50.70732474064492
48050,F,58.45703843542216,2016,36.295411484510055,78.21195989845941
48050,D,37.2711299360908,1994,45.506628864529,210.8045579038262
48050,D,47.593629458988076,1992,68.68364744153698,161.10179567909665
48050,D,61.43822763853808,1993,16.667671843302763,73.88012841526273
48050,E,60.03032443179172,1953,55.17315689806652,159.35742496565675
48050,D,87.38721184743525,2004,68.29310679169,74.30223390753324
48050,E,-20.190785167895996,1999,52.896040049529155,58.600433088914386
48050,B,66.83893796010896,1975,76.72242767841975,86.05802612312812
48050,D,148.52430430398454,2004,46.720990535146704,94.54975405474077
48050,C,169.72072641037923,2021,32.181988652058955,117.10553826997968
48050,C,171.7159708200911,2004,17.0159779650019,200.87519110498192
48050,C,33.89491876632849,2020,60.69468815693519,123.26570493975169
48050,A,124.94096105897921,1963,44.686723631829125,150.32596178461884
48050,A,150.7896674105682,1988,60.057392953266245,177.91076527546224
48050,D,92.92634967464156,1985,46.78847691051607,155.6704245102472
48050,F,114.89968599363692,1971,33.53117654895692,108.86434884624718
48050,E,123.63136940897014,1979,25.055003002553672,181.24559808176133
48050,C,191.99502781784054,2022,76.49685065325428,211.12738505498365
48050,C,89.93225914645123,1980,12.337524340610017,127.143342552204
48050,F,178.42923075977072,1981,68.17276689749897,209.79298050674913
48050,C,77.57353395106165,1980,30.534925599579132,213.82604431220025
48050,B,39.400399909593574,1973,13.494573996436536,73.11133976726776
48050,B,115.53983511541661,1985,41.501995841308116,166.75083775661398
48050,C,200.51464902414355,2019,32.37536193113374,126.22186520165657
48050,D,102.75751237967297,1950,79.03262181260865,214.22472522354488
48050,C,236.48087417268565,1985,57.48520628480314,107.23724933682679
48050,C,120.94790703263759,1951,63.347592668820624,135.86423338754105
48050,B,0.10008620688169856,1959,41.91470970235919,212.76518001974085
48050,C,168.65744151714438,2007,65.65985057580656,206.3491717630549
48050,C,124.7808197364512,2000,58.70616203780461,240.22244019525328
48050,B,47.39290322915855,2008,53.18188503764764,156.8203380171731
48050,C,30.736747607922382,2015,72.0890948666324,89.67129364986661
48050,D,162.74495183691042,1993,61.04864840856434,115.76905764179793
48050,D,90.25092853954146,2006,22.12528668308304,107.1329977693446
48050,E,43.72298778657287,2020,17.463349096379645,119.1161746697395
48050,B,243.56235224556156,1962,76.46468022174132,249.3467540588763
48050,C,172.9237386059482,1966,47.58308893642953,162.21056790477581
48050,C,134.7083769000801,2004,19.426141296911982,153.7230063270668
48050,E,145.05831182189138,2016,14.194865376131844,53.75686521743637
48050,G,86.7845647828428,2002,23.47709408066976,199.02654969967998
48050,B,135.46413016067964,2012,31.474092594698263,145.04549340034805
48050,C,90.8499075817002,1953,29.21164351433683,225.78664369046115
48050,E,116.30846238102369,2009,40.659842352688784,111.49243460670522
48050,G,158.32133560043505,1950,12.681522678776295,82.45451451181493
48050,E,196.9771993844867,2020,75.51099043751206,223.52880658239997
48050,C,98.61943012020033,1996,73.68028183354431,151.84905010057503
48050,D,128.1106458623112,2000,54.75972481235997,139.50179313726798
48050,D,71.77515900051989,1967,13.652954045773276,52.046771281751504
48050,A,82.00989340061125,1957,70.82746409938058,89.05466664943216
48050,A,84.49922785542239,1975,36.88804378706385,93.85314031851601
48050,C,93.59472592887467,1982,61.75410330687134,181.94900368132645
48050,C,133.8237813066589,2022,67.27484009593242,51.13042096823695
48050,G,113.72697304239146,1993,63.13364070469758,63.58516287326099
48050,D,53.13787920405774,2017,64.61343506276222,108.11270231549106
48050,C,155.85106766315215,1987,18.035039506242867,195.19375586566946
48050,B,135.14437603432214,1984,17.3733725971475,243.0971314015868
48050,F,97.55458063434969,1957,67.15176989203907,94.39900900379513
48050,C,99.69448214882983,1980,62.963595166296166,111.91063388053016
48050,F,80.82751295498025,2004,67.25402382326654,108.09632112178873
48050,C,216.4545700609285,2020,27.034071844308613,225.4958391817665
48050,B,110.24691767516688,1967,74.36714402389828,156.64013287380806
48050,B,193.27828261829825,1956,54.38212748235235,218.73045130569952
48050,C,131.66726564204902,1966,72.0714074362133,184.1326632004199
48050,G,79.51330766215284,1989,53.82416720099804,56.113673469525985
48050,F,146.033448898814,1994,63.03603316220807,162.6940947625704
48050,B,9.798712324432927,1989,49.50374562275214,208.58249484332953
48050,C,175.39512491375493,2015,66.63722517761323,237.69241062493376
48050,E,141.3600041759153,1973,52.13914562530471,207.12355080372876
48050,D,173.04575558949327,1965,37.8630221872867,116.38125697949934
48050,D,169.39810796564058,1974,26.874573123262643,80.91280132997656
48050,E,85.98926888638485,2001,44.34267818182176,93.33732874107854
48050,B,98.83197218626216,1956,18.32097739187374,219.93267552718103
48050,F,116.491319189048,1983,51.979289555752125,120.00778027719059
48050,C,147.73496692542432,1974,44.94480524732867,117.39295756936596
48050,C,83.84157805853036,1973,56.41441343904344,155.34909916098798
48050,B,138.33031235069024,1988,77.01217959033865,249.1096150576505
48050,D,104.39243913321042,1995,74.85899805992867,170.66157567778862
48050,C,109.31744065692523,1997,53.10434202883566,76.06567291793846
48050,B,124.40493064251567,1983,61.40685489484653,187.24998717150146
48050,C,90.318733140937,2011,78.55943595743197,109.20491030412208
48050,E,40.64059651607731,1984,62.0365415482931,213.11662804705767
48050,D,109.63419519958777,1962,37.163448904088995,87.12081279108664
48050,E,77.76395146160462,1975,16.358672674298994,75.78746108396344
48050,C,111.28101462980497,2001,35.90406252323121,84.67785616826595
48050,B,77.98739646023606,1997,19.209949831524835,59.858399804760886
48050,D,100.06114560844401,1983,69.14398595127773,115.84869575271539
48050,B,72.82118550358352,2018,69.30102199021755,111.95171265172412
48050,B,189.13830017713224,2013,65.51504233264203,159.303209003446
48050,C,70.51959438592705,1998,16.64906514841185,114.15288280434004
48050,C,224.5107343568584,1953,68.90769273839359,136.2164092966981
48050,C,148.23670293293006,2021,17.23054272868502,164.5717503237079
48050,C,173.08768027791095,2010,51.24902328659607,105.13717938054006
48050,B,100.91844522933943,1979,14.94696752865739,158.19450118289336
48050,E,157.0062832052622,2016,26.96308680176173,204.73586929585014
48050,D,113.81414149307568,2018,65.41025674750938,73.05825197672004
48050,F,157.15660899291004,2011,72.01465692917623,219.52227484312985
48050,C,87.22969801976961,1994,22.21821184524476,64.1629402771529
48050,C,129.53162978156055,1965,69.84418709918397,244.8485051043473
48050,C,36.44063335516836,2016,27.681656518339338,241.54082140129745
48050,A,224.509241238303,1993,48.072558754484874,225.36955483082238
48050,D,149.19185407695295,2015,23.77530935142596,178.51598316090815
48050,C,98.23759014974158,1992,41.730981705258,195.28827162148335
48050,B,130.46744286673444,2012,29.443483463407855,115.96316177127221
48050,D,117.7477940994538,1959,60.86256148268925,151.94849000852412
48050,C,50.30692666221944,1976,49.51092891576693,240.46027692022133
48050,E,95.65025413791959,2015,18.776686007353632,87.91909803533855
48050,A,72.87917941916737,1956,32.61305092330217,142.75611947218457
48050,C,203.2625636910849,1988,77.04735266692813,130.86248624395176
48050,E,130.3771147444371,2022,56.977874886210515,56.47507545488162
48050,D,52.66071689422827,1966,13.620461778825742,92.20766604172309
48050,B,163.4563768609097,1970,40.836522078890255,100.51090948172101
48050,D,48.020319608489146,1955,64.0774357288642,114.93579126756022
48050,D,100.82527920402255,1960,71.11249210682956,198.54617275266386
48050,D,164.89927738920358,1970,18.307074445026288,55.79611804999524
48050,B,210.03730346180595,1983,63.125236403027706,109.41610997559968
48050,C,86.8882449799732,1950,76.790896861059,204.655244533363
48050,F,149.7992400859706,1999,15.363386975075407,144.60702501674007
48050,E,135.6005256303358,1963,68.61292036771626,225.52777431755501
48050,C,102.94204084458858,2011,50.54874807026395,165.7390157435293
48050,C,135.95846252824583,2011,52.937329964452346,104.50623380804136
48050,C,181.0711796695976,1959,66.31728170201868,173.10171105300861
48050,B,84.60843608830325,1959,41.6527879753186,204.91006549473832
48050,C,60.09891768325233,2013,11.043718490836552,75.88060011971358
48050,C,111.83734204503082,1970,74.62976909922013,64.58340238540109
48050,E,86.70245019472364,2015,15.435354074730352,128.3389551021679
48050,B,66.11614407404304,1982,76.2551694982247,99.30425916787367
48050,E,42.44292612591691,1954,41.26195109440388,105.34399950845986
48050,B,190.59211210089248,2005,34.32908291181214,172.95147774812972
48050,E,104.81065501012668,2004,43.93446420633129,71.1557813788134
48050,C,56.21655594825278,2002,38.939160262173615,64.53643116816218
48050,D,162.8579194211644,2001,14.130233379937021,231.2223502893315
48050,B,196.2319298241378,1955,75.88813449243534,167.75890583604593
48050,C,188.26828223205797,1980,43.56713869049022,234.8163868181527
48050,F,108.76205075707969,1989,65.47511773030263,76.09069743547217
48050,E,129.1085313856051,2000,26.28162458746953,173.37715665216322
48050,D,164.59388172851374,1952,46.504203519412265,222.38881831619824
48050,C,146.95627857654432,1987,15.269056870252271,64.6721519033839
48050,B,216.07197632766432,2011,33.52759424548002,125.84238124712688
48050,C,36.39182899826655,2011,34.888045437972195,95.91746177850327
48050,B,108.51505043214594,2003,14.728701808427406,56.581504596194335
48050,D,148.56107437297877,2015,79.44269316450162,70.56656321283148
48050,B,235.0110486814296,1963,57.18160960755155,76.67931778816185
48050,E,77.64644468856386,1988,24.659387176019663,244.0153237820002
48050,D,121.08627908771024,2014,24.88373245544551,124.95018323521873
48050,A,65.8099002364891,2003,49.27770761378805,156.7017172269027
48050,E,179.18702430840503,1961,54.29098702052965,98.41773325710099
48050,C,101.71944954893912,2014,12.757311402278066,122.64923571243544
48050,D,202.12712255008088,2021,49.88778341324936,83.52439415108026
48050,E,142.00018874244563,2000,25.118969301065235,195.72846474338004
48050,D,178.8649781500553,1988,24.972701546235424,169.5769872725198
48050,E,62.85814459513817,2016,78.7314107446824,190.39070679406515
48050,C,43.53080828927018,1968,76.80552308860531,91.14496550593327
48050,C,64.64679927049278,1993,29.179342033081305,151.0233436941349
48050,F,69.57532885913142,2017,56.863652247015196,53.43033613932282
48050,E,86.28569783907069,1954,39.375832140130356,87.6349292105836
48050,A,9.147380414326975,1974,77.62679448615367,227.02099701810408
48050,A,90.59453511022494,2013,64.85920921326826,72.52142980786236
48050,F,129.63428711525435,2002,13.434085718605026,70.7207739139104
48050,B,165.35089818348268,1988,24.001138288607855,244.65603032668162
48050,C,145.83775134949332,2014,56.334241111054844,143.39988390664405
48050,E,140.92572795785273,1990,13.624841076014722,233.22983928941144
48050,F,95.16744739358766,1968,27.687573941754433,115.43832116578258
48050,D,149.7205176978626,1981,65.31510330863608,145.45552650664706
48050,E,92.45048045781078,1969,54.31747759024122,60.04262429151454
48050,D,134.10034933780304,2012,68.86222836980394,60.028804614362045
48050,C,105.1846298607449,2017,29.93602619746856,232.35086640029542
48050,E,127.42739517963194,1970,73.06075260811055,112.58912346967169
48050,D,104.91334730206822,1964,44.2692634359324,141.22107990344253
48050,C,104.89514794876972,1969,57.73110604477368,158.21357173136448
48050,F,199.37003012077685,1998,56.44208261112648,224.25458152347892
48050,E,180.12154528897798,2018,47.486811788691966,96.08439436286744
48050,D,36.00471267475524,1984,54.63385044623848,110.77071617364449
48050,D,94.77540902719036,1991,25.208018034570518,244.21449172556393
48050,G,95.01019707126136,1961,49.57118840223153,104.01915045672911
48050,C,59.853822708843175,1992,69.72062669783051,193.00039377953766
48050,D,101.42897942432624,2010,78.45271914502885,136.8840276236659
48050,B,218.69492892212915,1982,40.96270823563471,161.2838262224299
48050,D,101.2390384933051,1960,55.626007236674695,87.75169558682079
48050,B,106.14144450086641,1996,43.834801214122926,116.33805033467712
48050,B,117.83602060559332,1955,28.565924676503485,75.87618621350825
48050,D,137.83225397375705,1990,10.4261271682913,151.57240752319876
48050,G,66.89554164398798,2005,31.587621437560223,225.37171660523433
48050,E,79.6745185487209,1964,61.094094065880434,224.22763003243102
48050,G,97.03898010053797,1954,65.81925361832741,178.69438644914564
48050,E,218.07745213929445,1950,19.56865521423254,160.26610993846026
48050,D,49.71805830259828,1974,24.851288405172046,90.38763238837318
48050,E,145.09710939785958,2014,24.883623273351912,124.86723073934792
48050,C,216.88718816348845,1964,65.68184374354573,127.59729601906446
48050,C,118.544405943532,2016,24.807003810438957,128.68709788737203
48050,B,103.28176324176229,2006,50.724642764800485,114.68547106444305
48050,D,91.64640831423901,2005,15.192084119944568,248.4343428896819
48050,D,133.94553590044399,2002,67.49306152451705,152.3612794877248
48050,D,63.915224824073476,2018,55.843371148248174,125.15186956079259
48050,G,65.34723046056111,1992,76.95842361104445,90.28929632915876
48050,E,122.93044586858963,1960,40.28497364228251,143.61681203752934
48050,G,58.608571697150396,2004,54.331232847906996,228.11875202438182
48050,C,167.62442302423145,1967,67.99497985009884,246.11158818185868
48050,C,115.73535284776709,1979,23.231194713418798,88.37750994361906
48050,D,112.98622072247858,1994,56.32356083091771,194.2271707198087
48050,C,103.22420839834669,1994,15.507855985932848,135.23030969014474
48050,F,84.60135264967988,1986,65.95030041329503,111.27620738725793
48050,C,78.92429437573811,1969,61.34908470548547,133.54043533572113
48050,D,168.44039070316836,1986,54.617359526130954,226.26497789299034
48050,D,49.11652993171498,1983,36.7751211480014,132.2321931692698
48050,D,152.67317544425157,1979,60.735251083680474,61.9052393743645
48050,D,175.66432638858944,1963,77.71234205614138,212.28150054013125
48050,B,132.08704042662876,1990,35.85246609481729,69.73618349677548
48050,D,71.60672865574566,1975,17.075354466021984,210.38407845119653
48050,F,154.41298553862066,1952,15.032261822000937,176.91002817232538
48050,D,147.38694893687804,1952,76.3541955254148,193.3674413467805
48050,E,56.11998674158532,1975,53.788950780574226,149.04303853430923
48050,C,198.86854350440177,1997,64.27086128782521,210.33155256161277
48050,D,243.57372727529696,1953,37.18990548594999,214.1350766802141
48050,C,67.38561818465877,1966,51.91838102554088,237.16019521092417
48050,E,105.07806584009776,1957,61.672720905464246,191.2244556983714
48050,G,104.06181555668738,1989,15.719277172156012,77.07571920222023
48050,B,188.84429430879248,1975,49.55858696881352,194.59410488859496
48050,C,158.14043447866476,1985,26.822601652138147,121.75231349322755
48050,F,199.45736508182284,2021,32.542254418284095,162.55910704165024
48050,C,145.0564638032288,1992,60.3152324374018,93.0661055057463
48050,D,101.95967530804111,1990,49.748712243751406,245.4077507232884
48050,C,183.61351888832746,2010,13.642648638619228,98.1919324562561
48050,D,111.49814652353925,2013,74.19319131081332,128.9209903322481
48050,B,106.18840858144222,2002,41.85361933656971,108.13006587307368
48050,C,191.6812509910473,2016,52.230405742841214,183.78002112372357
48050,D,129.57253579786763,1978,75.22480952933773,71.49972742188581
48050,E,117.07357369682789,1980,15.026528181182844,68.8551955797872
48050,D,58.22212123159182,1953,33.584881247482684,200.63994038284588
48050,C,159.08620941571567,2010,18.963859694781632,138.0718415937631
48050,E,161.92707387796304,1955,46.48895648243084,234.27951760003927
48050,D,146.20207186851042,1993,51.40701581487611,196.8128070046216
48050,D,73.10651984191804,1958,60.55089055216394,173.01466800370213
48050,B,118.16986686525264,1957,13.199337724701124,90.40356746447848
48050,E,63.49779154178176,1992,22.66811447846016,209.4518051296215
48050,C,73.7484676380692,1963,54.82874457785739,137.32291244034525
48050,B,96.75956098969937,2000,13.94647339033867,155.01277403813913
48050,B,138.53787794394376,2018,73.26220394262592,231.4234838360265
48050,D,175.3262462509458,1952,61.40614350737417,74.16809026679184
48050,C,65.16381746780793,1973,32.90400154272504,175.69908601781242
48050,B,86.40076242546618,1968,75.15905687782362,164.02539496578288
48050,D,196.2296515021282,1998,72.62973187988058,99.70720040256727
48050,B,138.3732332027958,1995,32.511178495683424,53.8870310364604
48050,B,142.65834481502506,1984,13.808708942512457,181.33139132456904
48050,E,141.45082459315273,2001,56.8883337171402,183.4723594983616
48050,D,187.96652674608072,1986,39.39087136092148,172.65666936837974
48050,E,79.6524547767232,1961,28.112615164127362,111.858612744606
48050,B,136.4246931198292,1952,22.497303317780037,125.22946200209803
48050,C,181.26451529248652,1999,22.479236582542853,234.88601835685245
48050,E,220.25981701177227,1996,53.94590533921264,50.02372898217
48050,A,109.61873716494532,1950,65.9307259946651,57.25097908830548
48050,G,14.869965403948896,1955,78.38519917581208,82.49204276736661
48050,D,86.32301760513786,1956,38.95513283917788,240.48413895069126
48050,E,221.8436085897908,1952,27.094313123156414,136.14106633968103
48050,C,108.9107399460804,2007,67.19594628437547,214.9893858921115
48050,C,109.268966730739,1994,51.47404832423475,109.55741464585978
48050,B,18.75233325533914,1986,79.70919212013911,85.72158186473055
48050,G,59.18238087129797,1959,20.279371835139827,160.2062705360314
48050,B,94.86556503960192,1993,75.32810673065977,89.13970786060793
48050,E,116.89099728397115,2012,17.02808003629208,239.3542962872042
48050,B,108.1012093437552,1993,48.96367427679551,92.64283913202888
48050,D,117.45384112681515,1998,50.01478062891035,141.00220646139144
48050,B,148.15499637753626,1997,47.99414515118628,241.35936490172614
48050,B,255.75746586112584,1979,25.754084186027043,132.15541790485813
48050,E,42.351509713122326,1952,34.25159151401423,117.81536967737726
48050,D,87.46307503109738,1967,33.39724619099919,241.9686853477037
48050,D,102.27122726313495,1989,69.71782769657071,129.9920146764948
48050,D,184.14947970727863,1976,59.89026020709847,226.39751815322592
48050,C,126.10404385167705,1993,46.88741460778441,160.7117587674521
48050,F,46.18391726112688,1953,45.11050549345193,223.32164578583178
48050,E,166.6181666236524,2022,17.975672818958973,66.79033229995676
48050,C,132.07774342381978,1968,16.99204225983247,162.3344414199115
48050,C,114.96413729720115,1977,78.49196705289987,125.008139648042
48050,B,173.86468365078463,2001,10.767614123951308,227.25914895027995
48050,C,119.10689225561333,1958,70.47067291917458,169.24621596847
48050,D,147.34448517258423,2001,48.69232133176924,243.52941854656174
48050,G,149.90508898805777,1959,63.52637886604713,98.78651276204324
48050,E,149.26905670634875,1955,45.452278313695594,224.17811400533333
48050,C,7.075032184522598,2002,75.76366214004128,135.71276756113946
48050,C,164.82498351000828,2001,66.04849606417118,140.42044115286285
48050,E,-17.021321101746565,1977,33.69363572575844,181.59016562388283
48050,D,86.86542582559824,1991,47.113548815033134,230.29291522894144
48050,D,124.33805377313233,1974,62.89772439346639,103.06849496138663
48050,C,45.48762383504767,1957,15.97581455285957,138.876472460213
48050,E,127.32071459213017,1970,31.832310486309716,138.74765548223286
48050,B,137.92028958779477,1972,33.97029658676637,249.63957585757151
48050,A,89.84960999631348,1965,67.66883606198357,89.89253736661041
48050,B,98.94848270687525,1952,77.97036285477493,226.67729740980448
48050,F,45.122551941991944,1971,70.77039060779322,75.8181323456612
48050,D,81.33396966927407,1970,12.461249930204708,83.68158980200599
48050,D,145.09107064194856,1983,22.021181403130843,63.053998490065496
48050,C,157.89309842181882,2006,42.48946310391124,54.931211141378576
48050,F,106.30676032964783,1963,17.71937097935968,126.7018048985478
48050,F,158.18340748594977,2007,13.024958968499883,244.86352744088282
48050,A,140.03686268458065,1969,35.80741966944013,52.018081004376306
48050,D,101.64886926391792,1964,25.10857376911742,219.32881286653566
48050,C,100.47954067891834,1970,32.499489446816945,202.71024681187706
48050,F,73.13017752470097,1986,50.74849595738853,223.37471655983578
48050,F,78.6070132440683,1969,48.42570749630725,50.702170182130125
48050,A,92.6888157766947,2014,57.581839049945955,102.05663943300469
48050,C,93.97985048802747,1958,12.965335236694742,184.7888898146047
48050,D,222.57871609101102,1982,48.30722294702011,158.65749514269748
48050,G,77.38159379789997,1979,68.77371471030925,135.2001621004819
48050,D,131.93689626456782,1991,56.11070339591844,80.10816265290721
48050,F,56.30813374328979,2016,50.54540246592905,58.45379884718691
48050,D,91.65933410988303,1997,21.60643652212046,80.79759805549136
48050,D,160.5456886307848,1970,52.09633480102123,171.9962985628943
48050,D,132.60018806009643,2007,48.096573032729225,240.11007438875126
48050,D,149.9542092647411,1983,28.929288728157058,188.5414702286882
48050,C,63.80120700516223,1964,30.783875554080208,214.717964834126
48050,C,93.85315553062676,1999,77.8201534827452,188.99349212116934
48050,C,93.61492940396971,2009,66.68588305616353,75.60354172833313
48050,E,63.6357238146535,1994,13.816579121479581,115.94622142924247
48050,C,87.43562675084091,2003,63.63559726028323,124.99842898931792
48050,D,71.59357010738367,1950,37.105249995544334,231.80818826284718
48050,F,94.49567116405109,1952,16.143869463737218,145.85521605877764
48050,D,89.9494939684054,2022,23.750233635091824,180.96226000607155
48050,D,148.08990821638992,1996,17.345742622956465,54.46935768537146
48050,B,133.13161835540828,1967,37.597246238841606,234.97648865353847
48050,E,177.37496232892585,1983,38.83717759270592,180.75990186672334
48050,G,24.243387282801677,2019,34.735862167922576,211.7216063818913
48050,C,31.233948407986333,1955,36.74243812878896,68.32764103514558
48050,B,-5.152579655433428,1997,63.337882121800746,102.56285491058834
48050,A,111.4094768098663,2001,54.99478824301589,190.67613711602755
48050,C,112.66841129781989,1956,24.392344332739334,158.85027545511477
48050,E,164.46429246070815,2015,49.31427732990659,188.5616787698201
48050,D,124.03365978013414,1962,37.11333945996847,218.33835361940075
48050,C,164.51910478825238,1968,48.74230303474547,242.2207749941073
48050,B,160.4967246250418,2011,13.2151022560363,72.32063989037836
48050,B,179.91842846867297,1998,75.46134075227447,240.9815817870007
48050,F,120.716821108788,2022,35.576416217445384,129.38525612476278
48050,E,108.02939121577337,1964,45.57101145921033,119.04080620795685
48050,B,92.66648787550295,2004,50.724986833616775,69.90960770177641
48050,C,41.101766289831374,1968,53.965843360000484,218.06724764421662
48050,B,120.25435160907384,1962,15.98420461461,93.32320715521726
48050,E,86.28376263988079,1983,24.683096050793452,89.81927881401396
48050,F,130.52832286557796,1964,35.22646850895987,135.38041746456744
48050,G,132.55017715750733,1977,37.16674965907137,105.52250059226671
48050,D,128.97070855244206,1991,17.660128338518554,104.09382112330177
48050,A,182.12186432628454,1958,24.522144103591486,136.60098602249602
48050,D,107.16524859378059,1966,58.55443885093537,245.02038022004007
48055,F,106.47203519686488,1966,37.90440343918741,117.83472400044882
48055,C,120.80735237761358,1965,50.65327643665772,146.7360891515733
48055,D,22.827842384454144,1987,72.7556884929705,217.20139994446998
48055,A,84.68668260479454,1999,12.559886865407073,87.28276943326536
48055,D,179.0500265501973,2006,30.14737293633054,99.68112104937097
48055,D,58.74082507141628,1992,61.70568554116995,241.7573287880816
48055,E,95.14846546670456,2022,19.634729862895497,133.72140185860988
48055,E,72.3421247622454,1999,58.36443990498365,134.26796332220965
48055,E,53.11629069561579,1963,60.37585512946799,54.42573488431633
48055,D,150.6085809309292,2014,26.40840210857813,156.502973951304
48055,B,65.60534939453709,2004,60.90696236989853,119.93067609244754
48055,B,85.78789097423783,2006,55.389709285954766,185.59900751177898
48055,E,81.15652582089099,2017,47.8721202343968,235.45312652628184
48055,F,76.62090169817938,1953,25.93966852878379,69.78088930741022
48055,C,111.29812118192568,1967,49.647350444176816,186.30700004169415
48055,C,68.11346110078817,2007,56.13909388362125,60.115113215802076
48055,C,68.7874344686063,2021,22.788636889796795,112.24905051571938
48055,D,59.891581641283004,1966,22.83914066230435,228.70600036362598
48055,F,66.68648143064493,2022,13.104280336752081,111.68421776573601
48055,D,79.03548572117904,2007,67.68205047056269,160.99506697050964
48055,C,93.70444396952698,1979,41.29430888785765,236.8119640168972
48055,E,61.52295097744121,1980,19.206765671999698,185.24783706002216
48055,C,141.0546785724575,1994,34.931687572011015,124.46756367707621
48055,C,187.0716409006569,1973,21.498456460443677,219.19625848920262
48055,E,178.74976811257903,1985,65.01067996941194,161.17421927930104
48055,E,116.08310543119426,2007,49.701518240710946,229.8678818036806
48055,F,184.45659177187224,2013,47.09204197861322,181.66580458462954
48055,B,152.8203282744986,1993,35.240948361177274,224.49112625026163
48055,E,170.42351449198082,2015,14.467822429679952,116.0715377398122
48055,C,185.01232416128528,1982,75.66196891551272,194.79997482391252
48055,D,89.17059553947479,1990,10.507669961060113,247.61358839222999
48055,D,184.57046215645767,1953,58.081429175512916,141.85871223591283
48055,D,172.0660989846781,1987,22.88910161568294,218.07230107706374
48055,B,157.74330998867106,1985,12.602270163475218,78.16237241859989
48055,F,79.66147739987404,2018,71.5294615431055,200.93650417362824
48055,F,116.1258612834057,2018,68.54585051070605,187.99823927086123
48055,E,90.85498994232833,1951,24.348596024304186,187.1823211440327
48055,D,176.37271835612748,1957,46.44357256200163,128.26656729323855
48055,F,176.73198499105285,1979,63.836557123753835,128.78659572924943
48055,D,86.40413447675047,1954,73.90271862143638,200.98634661444765
48055,C,107.178741543571,1964,68.20049335048978,87.67895348009844
48055,E,164.28631769409276,1977,27.758600656195835,148.77827044124962
48055,D,128.54047619090002,1960,17.854095673594998,248.11304255134695
48055,C,101.90919554976539,1984,22.777208570607172,122.21888860146713
48055,E,166.54436913959188,1961,69.04083105653181,96.98971256667855
48055,C,210.52612392104965,1995,42.59423450913959,249.93392862460675
48055,C,123.86288330729596,1974,71.34130960714106,164.4535577728897
48055,B,-1.8695070087269414,2021,12.403251979999727,246.51284011708546
48055,E,72.89230724051993,2012,57.79456501358913,97.46283217895031
48055,C,129.65163144162238,2020,41.092080933746736,182.31291363468108
48055,D,187.66652579276632,1970,74.91328306218078,190.55887196360047
48055,C,97.2642986885192,2017,55.28498387687728,160.85904230175134
48055,D,130.07545640995463,1988,51.486105351981266,148.99042674099832
48055,F,143.1415036613334,1994,21.312670641675474,91.32241613619516
48055,D,180.90114023598218,1968,14.174770924014005,113.54610932352796
48055,G,171.73366986527276,1974,38.29839005456071,128.7352367778043
48055,C,38.08771704527332,1967,37.32963283357242,126.2736928973429
48055,C,107.0201639095365,1955,71.16738433960366,60.53466636593943
48055,E,154.2357427024946,1986,19.190080975784745,238.11630734705957
48055,E,66.15227295610268,1951,34.29196177279452,157.6505492689531
48055,E,151.52721043417262,2004,19.91926866191603,169.64975857583647
48055,D,90.48901310353213,1977,46.03371618528101,62.775156772377684
48055,C,178.7380900116519,2020,76.77265447284184,96.0629350779691
48055,C,225.80060284154973,1987,69.53170424486532,79.04657381526876
48055,A,122.31058018354585,2009,64.65025969945657,112.93779477426531
48055,C,157.44680569029634,1997,54.67756897778922,227.15233882252386
48055,C,62.08284832189354,1990,21.879939147643746,51.91163722961372
48055,C,33.75425080404253,1993,67.51141018823063,244.5166065102664
48055,B,166.37170719667043,1959,75.74568953198447,87.33979697543455
48055,B,200.23123540274733,2012,62.04564065006995,227.01517250858964
48055,D,79.37157163135635,2008,49.01415453015268,227.7184989246584
48055,C,66.0809898330346,1961,44.24905581283257,199.34432033681242
48055,B,104.64039453098222,2003,17.996334908952825,78.17992761462523
48055,E,117.601003304072,1975,41.775307322009326,131.58707421085927
48055,C,182.73724186688267,2012,59.35120486824421,102.93897928723001
48055,C,182.57644346069495,1960,45.89155291996576,145.13019689032734
48055,D,220.5075425044567,2011,60.34375923595583,178.5607017565752
48055,D,160.13153506618085,1977,20.091428212202977,224.60342198821635
48055,C,177.30347113251923,1978,60.6351028203169,126.33766114979919
48055,C,232.0307832227543,1956,27.477674503752752,171.7809722060076
48055,D,172.87136435570682,1975,29.943603612923557,229.20310459232448
48055,E,115.95922134182211,1963,79.8485477404093,230.00591410694352
48055,F,144.14630270200462,2007,53.56193082191144,61.19117208292533
48055,E,182.3406230447297,1951,75.88536701219601,219.9035332385356
48055,E,193.8095049864902,1972,37.275914029222776,50.12789217210698
48055,C,123.13272463893287,2021,65.60466304733725,148.09568144161346
48055,A,87.99267474531501,2008,44.71550841838656,211.83625950176102
48055,C,145.40061455273,1986,19.039548284643402,239.20043866780955
48055,D,119.78990423044219,1972,63.02333114818846,103.21038448786896
48055,E,205.2681178256542,2022,44.59920529842872,237.38747300653466
48055,A,104.16309186169345,1958,23.253362744794934,92.30410354884549
48055,D,153.04235853997247,2001,32.00204151072845,66.93396285505789
48055,C,79.56699791711432,2003,21.84901741374948,152.13388048731343
48055,C,156.0421801065343,1986,66.53617211023462,87.63683383358911
48055,C,56.01760758253785,2000,27.514314094447926,91.2583630144727
48055,B,63.789995152651095,2017,19.487870916358574,133.16328251904525
48055,B,177.41289212922703,1986,57.60398123984281,237.6757474168122
48055,D,151.56187599946836,1987,79.4970123578877,185.68533340174739
48055,D,72.84952980100475,1950,32.2744757197261,79.17182680183006
48055,F,78.1078351988722,2009,67.42415105332714,86.7894835694768
48055,C,119.38170308788177,1966,36.30090799437052,106.42842574434201
48055,E,103.58395286547201,1989,11.879355409096645,191.59288136767933
48055,C,168.3955895049032,1952,66.2094412507007,225.86468497394395
48055,F,123.8278671971708,1966,17.514778225226976,189.4439321617179
48055,C,76.9649265444005,1995,28.362109511587423,94.50595649977716
48055,D,68.19206290090416,1976,61.912618376033684,188.6851684032547
48055,C,155.3385193530948,2015,18.76873158927256,172.6546538653069
48055,B,52.21753483659907,1963,78.43674023893422,168.97110029260458
48055,E,36.63471486523143,1980,37.715876706978186,104.29213260419819
48055,C,192.63265391923466,1991,29.112718302037326,231.69897349065886
48055,C,176.51421707649322,1980,27.797668183018068,101.79969090561994
48055,C,107.74482057170846,1967,18.49132931956145,85.10229049309923
48055,C,116.27036614959619,2013,14.130732915610047,157.49361290106106
48055,B,137.1798767589108,1977,42.81134687750221,129.73185750368242
48055,B,201.26651545375975,1976,68.20744807128128,142.71044466053715
48055,D,51.91624847681845,2009,78.57297223692588,246.07830387213866
48055,C,130.94148590798864,2020,65.35283856719047,90.14898983390592
48055,C,107.62157867942021,2004,30.001199999604687,223.8918233075775
48055,B,123.43140999663778,1968,31.67763950460191,109.42343162556838
48055,C,173.10956538135957,1962,45.02962705427736,52.85422691272892
48055,F,114.59181824053181,1964,46.248897202480606,180.89197856517495
48055,D,106.12138457202157,2002,24.07547314557103,231.44941381509972
48055,C,87.96986759715577,1993,45.509099109626824,183.00635234042628
48055,E,39.407678328237424,2003,20.33451748561846,141.21342899418477
48055,A,117.9164272463814,2011,30.45237623674314,236.20571925551252
48055,D,103.21847377575935,1982,13.377088619557918,124.32460207155354
48055,C,65.30603856786938,2008,46.46891797558805,194.07626217327888
48055,D,101.67866596834554,2016,74.52918496834495,57.25046350295897
48055,E,148.1667751529453,2003,23.867610027010194,59.8117707492529
48055,B,98.25866043661317,2018,63.0885971063898,116.93145742490023
48055,C,105.29881308794404,1964,20.02382527161695,161.5897482868961
48055,B,82.79865887450813,1997,61.44975068062013,62.37228487665875
48055,D,121.25272360198302,1974,14.913762798539953,246.06441454556517
48055,D,116.03356204289756,1989,57.5348369283878,202.67625195671252
48055,C,95.56723016941334,1962,55.63054633670313,198.57064622287928
48055,A,106.70723522765708,2020,39.91905841313966,156.4797374453826
48055,E,111.2778032857359,1991,45.4547267342871,122.19388272970804
48055,E,82.62853733753977,2001,63.84618424790064,194.5454556089254
48055,F,47.86821644934096,1983,62.09160337371263,201.96138142006396
48055,D,124.97787987999834,2010,10.644396717345009,90.0441871577332
48055,B,95.82654900112499,1980,77.19556002592189,125.81734460977043
48055,A,154.30608043869353,1996,19.279858234159427,181.94562808097683
48055,D,105.49295485913859,2016,39.703669785739294,233.13827001032752
48055,C,112.11159098551902,1959,30.090217385643903,232.09432523425681
48055,D,152.54357769728028,1989,65.32906752234472,233.2541674687063
48055,C,43.654490745554895,1967,68.17590851496166,232.3475416554707
48055,C,82.54236725664694,1958,50.16057838573032,165.25065901771845
48055,F,163.5267771519126,1975,20.448332789216437,213.88761635865364
48055,C,60.939941342556,1977,44.57341957365489,152.68458672969496
48055,B,88.86930500203405,1979,14.506241846052774,69.93223054624973
48055,C,121.63431172192884,2007,32.46808849428505,133.86939878518132
48055,D,121.32535896876522,2018,38.630541571539126,154.7948405371428
48055,B,87.23362383996027,2016,33.64977199867126,65.57401286127327
48055,B,129.74838529953792,1972,57.0684405516903,185.97549744461764
48055,C,148.1425533048355,1956,25.6449128048251,219.44189751467772
48055,C,21.913952286851995,1966,20.269040308356196,218.18497891797028
48055,B,113.77509659468737,1956,62.88176665276805,226.05825260268603
48055,F,168.2593646471591,2004,65.90932016898472,92.12911952710735
48055,D,94.78400155103846,1970,10.016846882003158,211.09474693596496
48055,C,67.09823705709277,1958,18.451684689629055,115.19580875376244
48055,D,146.10103175553832,1996,77.911512516686,195.9212574167728
48055,C,92.83992498118315,1978,50.25178193831476,71.83779928070294
48055,B,25.434792388489328,1989,58.62253281387098,193.83438456842504
48055,D,146.68177139025417,2013,77.8956047312964,136.98910608147494
48055,C,175.08027538220847,1997,34.066903254456264,194.9941609750782
48055,A,98.08575338286175,1952,54.90130139282969,87.19041960016094
48055,C,-13.61363991006391,1973,47.94247698542827,106.49976736946809
48055,C,96.0880525487388,2010,42.71070621175555,85.08225833108222
48055,B,113.34871620178882,1996,34.93737771613087,184.75012925177174
48055,D,67.29757523415893,1964,55.98252642582793,105.99750989081946
48055,A,43.852276402177594,2021,63.12540843589374,73.64763514525265
48055,C,22.411175820240985,1987,58.07748511946072,163.5652182799168
48055,C,136.74917777489622,1990,45.79271805627885,177.2696250534113
48055,D,211.99554995844417,2002,78.10313798376944,143.08779412006464
48055,F,131.63645873380267,1959,68.27426320936141,226.11648862419332
48055,D,102.9087065558814,2012,11.079047091388537,71.4471603539047
48055,B,101.91415060913677,2015,43.08948290454024,112.14070471164818
48055,E,128.9334887609536,1997,19.246888121011814,75.32396580900473
48055,E,123.30093746715984,2002,15.41054452053261,101.57400070960172
48055,B,62.73041390575465,1992,78.52592685269641,123.01632664675539
48055,C,158.43600571013238,1988,75.0860760415406,223.48462436694572
48055,A,153.13888250736184,1998,44.726797448494715,142.19110282263654
48055,D,132.41257508012987,1994,49.55124382342774,143.6452808185265
48055,E,84.84258350359826,1971,66.83595759112637,212.65246027013086
48055,D,175.2238851918733,1962,11.666423028084012,60.310974653250256
48055,F,113.64207015625578,1993,72.60646691333991,154.89783751830464
48055,B,219.481165989297,2005,59.10485303960485,247.27971529706
48055,C,170.38240137928065,1984,55.15722436105533,224.8774074605619
48055,D,175.72362652739693,1971,16.836642268828605,70.31132068583577
48055,D,176.20363053062806,1976,32.05501386992624,119.97047354073274
48055,E,64.31185781169938,2008,45.684379129245876,85.09099403938819
48055,E,133.13250683967573,1964,76.33245467834337,226.45391290391527
48055,C,113.48184493426945,1968,22.277200965396084,152.6425316863496
48055,C,75.58310071647725,2007,43.59881458702942,215.43003910077542
48055,E,107.79763135597968,1959,20.61668722503342,66.3937555186981
48055,C,145.1105022853504,1960,47.85685977377047,193.76285333884775
48055,C,136.74512859930118,2000,41.85228333853961,55.594379455071795
48055,C,103.31629345130317,1962,22.028418984184132,121.62937328033863
48055,B,91.9722715142899,2013,61.98422227692004,99.46035976554457
48055,C,93.4795629936217,1988,58.25380809428231,183.52144594540064
48055,C,97.27387964907918,1962,64.44685004107421,99.04599164633576
48055,E,130.00003329158304,2003,26.514407733136856,124.83421871831601
48055,B,214.69771617592642,1999,59.338533826213556,81.0802257478031
48055,D,136.27225941382335,1967,22.692809927301923,145.1593629989202
48055,D,104.58920359195851,1980,25.858769396840387,129.02982169952736
48055,D,102.66250544958787,1960,58.32643001419964,236.90364368087293
48055,D,114.72373359673354,1995,77.1025985031094,124.03267112727545
48055,E,99.98597604951554,1966,38.75902242366368,124.317168182507
48055,C,80.58924163490425,1955,64.97947648535018,141.64936838685836
48055,A,67.10316689955455,1957,42.033864281260875,114.91573183305583
48055,B,107.64602815961402,2010,35.47162755388183,75.81926997192667
48055,C,63.51662703447315,1981,34.633353903106254,68.86253029254952
48055,C,165.33921333377145,2003,22.118051815019143,101.5941679317597
48055,E,140.29251333464495,2002,64.57440492934353,224.97639348842884
48055,D,127.13442061008152,1979,33.46516793782058,69.09253573996568
48055,E,200.18509277334653,2008,31.320596296107432,57.12595907802787
48055,F,36.53547350277657,1991,68.06662158505283,217.30403888951577
48055,E,155.60933288135186,1998,30.153413307823808,197.12419555197698
48055,E,135.08633321103127,2020,63.317339981237396,71.31948996587
48055,B,185.84027361420982,1989,12.213050788986948,204.67844492575446
48055,B,116.08345755349214,1951,65.24007659050383,155.91261872966743
48055,A,94.22653634580703,1989,52.886797081763554,211.22236353168097
48055,C,189.2252481325517,1978,25.733216636117362,172.6104051738957
48055,D,132.60169899674386,1994,53.461193128976085,243.8484260916076
48055,B,122.6692136239511,1995,54.329845954778165,86.64614374843111
48055,A,151.40514849168525,2010,12.809757171578713,159.31885269944894
48055,B,108.66688981380003,1997,40.29256083776997,121.25934311037135
48055,C,152.45738605352102,2017,32.57914656432878,134.88677777151582
48055,B,96.59137421995783,2016,72.58382288915013,149.32476281263428
48055,D,171.23199124153578,1995,20.068987176350106,150.67559058884785
48055,D,131.52853208832397,1961,36.01011759613401,89.00604635783087
48055,B,109.47871362203841,2012,77.83090744520999,204.6836421810726
48055,C,55.8943094433468,1996,74.5627904754653,57.14771034549351
48055,E,65.60388107031719,1984,13.470947936680156,158.79471579529587
48055,D,95.0529384254412,1951,78.1365437042582,102.43278208175988
48055,C,131.31022811620352,2013,49.237212384684746,125.91818275094685
48055,A,132.4578220771727,1974,24.681729575699613,115.6617420715824
48055,E,143.60873847812027,1968,53.171095476278396,113.74053119227669
48055,D,127.49679069045041,1965,62.610629069798655,116.1405576798622
48055,A,144.247440380072,1950,46.68780788588686,56.56708581677552
48055,C,104.88252168341246,1968,79.30610719429399,114.49944367133875
48055,E,162.08161278825375,1990,14.402878032480142,125.6710848125375
48055,E,93.33336386422704,1989,76.93814386191669,136.74557657919553
48055,E,98.48629391552647,1986,31.644541557052865,124.94087399343792
48055,C,147.6271158532358,2016,35.25647783720258,215.27184203500082
48055,C,-15.073019340710886,1956,19.9724203660976,178.12778426402454
48055,E,176.79284724895538,1958,26.762534567412672,223.4808226449135
48055,C,209.07675656088225,1996,51.873571496252545,86.71258162398175
48055,C,29.36360174634285,1995,62.817053717871914,84.77843501294898
48055,D,68.37333618952947,1950,77.78518470567857,181.22900851187165
48055,G,37.781277938143035,1997,18.099867598446547,130.34318393707755
48055,C,221.32877068056337,2007,67.9369794898436,140.24306265567924
48055,B,96.77991092950447,2009,71.86509435821011,189.87419136219538
48055,C,191.19494686234256,1971,20.0345107837605,83.61948955332197
48055,B,110.23346460680104,2011,17.829216065834302,178.0521443768454
48055,G,108.74007475647907,1966,13.192190667826035,134.61176183934495
48055,E,154.59730139221134,1960,43.93189501797844,217.00599225336939
48055,F,127.43612953770192,1970,39.077540097815884,87.31600789862495
48055,B,158.78900147611625,2022,29.021696153913716,203.58751032360223
48055,E,98.73020097209286,1997,22.710425586809247,242.84403996760622
48055,D,107.05527648911733,1961,58.8463288946086,157.18719862581423
48055,E,120.58271189162485,1976,78.38492599636567,63.330359425608165
48055,E,159.8739931809215,1978,35.85311181737514,227.74715787732507
48055,C,34.83287983076582,1982,13.962172592382574,216.63873087863615
48055,A,54.07003197690656,1987,64.54421957355756,88.14965274116057
48055,D,174.34676089163418,2003,45.907252378146744,99.24742024124188
48055,E,65.22885738807736,1966,47.25643933736885,203.68210862280685
48055,E,79.98634742874178,1959,76.53092617838409,193.29559338278997
48055,C,65.04044544985807,1954,25.290677149207625,158.48202573566172
48055,C,209.8673512578752,1993,43.3055654214315,217.22256098553754
48055,D,67.53883749764906,1993,68.91726464900421,207.80097691213894
48055,C,154.22873625179238,2019,38.34251677761464,84.04988519234843
48060,D,60.75240293869625,1967,71.29638367366596,91.8372260161685
48060,D,200.2467250876951,1994,22.990222192153347,203.00863799409794
48060,C,123.57690812253017,1950,31.521471647294636,161.879048927694
48060,F,173.9297558055937,1972,34.181247006385945,202.25428592507205
48060,F,174.83065917310262,1968,37.44979475813049,218.82809200509496
48060,E,98.59940339728988,1954,31.175277224598812,76.3541777194072
48060,C,148.22491020237484,1963,35.87238088366882,120.50369220109103
48060,D,61.91243499117944,2006,48.05909937514422,144.33056026567772
48060,C,113.6875926125206,1994,48.534472862614244,111.45872864845862
48060,D,89.31843808098579,1995,40.68932052913381,63.25093939083999
48060,F,97.3502670362355,1978,16.69803451141344,120.91356422323017
48060,C,185.27479331876512,2021,69.67574454024437,165.96654825337276
48060,D,143.87944097765023,1988,31.800976703260933,210.04684278663254
48060,D,74.13691789113562,1967,17.199428044326332,136.15488244749696
48060,C,149.522007114171,1953,17.93788291414361,136.74541252920324
48060,C,130.82428172436207,2004,76.64541309618048,218.42172442585505
48060,D,107.99818419996717,1993,31.097886419202773,81.85233886821888
48060,B,-10.171157928569414,2010,52.67868186014889,194.74927708155712
48060,A,168.8631685151561,2003,49.77594709666629,129.68503374789273
48060,G,128.98476905531035,1962,48.658742671518745,192.47253268856383
48060,C,130.277472942629,2022,43.045448427600924,152.84143489545727
48060,E,44.06378519598283,1995,68.09456190884433,181.80682661666475
48060,D,124.43833429272274,1973,19.320719026940996,127.10960026808058
48060,F,136.56646260304038,1959,46.6561763444015,157.40145731878482
48060,C,208.8269257216714,2001,57.16865728168838,92.13758340606029
48060,E,101.15666752701256,1992,78.20012892088201,128.06798280239082
48060,F,87.56490161039176,2014,64.55653548123244,163.35291277047514
48060,C,91.35797602001222,1959,53.28021748337036,76.20744507310965
48060,C,86.87368142211365,1960,45.08683341977473,97.83535897147524
48060,D,134.48617242680257,1988,73.40566174142441,108.71712768485642
48060,E,119.54723963088699,2009,67.14340792265578,208.85614347253488
48060,E,44.075547643592145,2011,19.229639275037787,151.5367649270169
48060,D,179.1450244693762,1998,41.555701541426934,183.95740063548376
48060,C,145.34881729140707,1969,40.42216581025943,133.54723890231253
48060,E,94.84182404768217,2005,56.5889472152121,179.46409468408646
48060,C,69.31970788227656,1954,65.87195618324917,207.32261224358038
48060,C,121.28326189987895,1996,14.703796867189919,192.90834029000104
48060,D,126.68277505281235,1990,72.48743573414312,150.4362283078255
48060,D,100.55953295415502,1984,37.34020643147282,113.61530888562598
48060,B,51.696675008172974,1959,61.23774868468985,58.56746423779968
48060,D,70.2584504315363,2009,11.549796712370998,155.304942154228
48060,C,108.71133636420988,1977,61.687414585524024,204.84311163327175
48060,D,94.99236593926354,1953,15.15838766593043,238.28511896705444
48060,C,146.6011216136393,2020,15.274088230120551,239.3277454429905
48060,F,103.00081388242404,1993,65.35236830042334,65.0955828848058
48060,B,217.64722769997533,2015,21.208976812924817,51.5460534680698
48060,C,114.56916725308288,1950,24.356562760652697,193.0968359548779
48060,E,114.19645949397582,1997,48.162145506283395,105.46684120991085
48060,D,141.57667392957916,1972,37.44894984907518,73.66481460062764
48060,E,109.3344522775772,2013,32.660134967593706,151.83182584193176
48060,D,198.45868091277518,1956,47.45747460004224,152.30167295312776
48060,C,211.4204231279601,1978,45.177217897995256,162.25510297124242
48060,C,148.95307863473352,1965,63.25817210136154,147.07457903383886
48060,C,143.35454719967873,2014,77.10016901905507,194.96627470486177
48060,E,121.15783680353044,2018,41.646546567326894,110.12638571633511
48060,D,161.98000417700203,2017,64.87386664110636,116.48954364952766
48060,D,149.9125406840683,1999,45.22432690524747,203.7469586757605
48060,E,136.57999771395305,1989,36.939938374513744,205.22331968270012
48060,C,74.00460777130496,1970,27.52795197059482,227.67027540950838
48060,E,32.979426297197406,1957,21.399260269536633,58.46994949528286
48060,D,48.89707514160345,1987,20.195646374504953,116.46743604406447
48060,C,130.7515971471728,2003,79.33301706430797,124.85289357014683
48060,E,191.22252474536367,1973,56.74292176389749,220.95566925911584
48060,F,108.52199134981399,1977,26.6228235055922,129.725792328815
48060,E,67.1709282211383,2003,37.75328001063713,80.73522970031237
48060,E,144.7392717665049,1965,49.386674645943316,66.66051662235928
48060,B,84.26621051079641,2006,77.05387856231036,203.9273933582825
48060,D,78.57915347748448,1985,78.90669188330223,143.70938995829445
48060,E,121.97994090260688,1972,73.35186182102389,189.5952094679841
48060,C,179.94234378083743,1980,15.860689317623695,204.6277345770555
48060,B,102.05619575659334,2017,44.12515950341959,123.26062905246779
48060,D,154.93433546766573,2010,57.416274271077526,195.5511434657169
48060,D,110.25243550410664,1998,43.02900823863296,223.7701503602328
48060,C,134.62484656476693,1951,31.176857884329888,188.70278471499384
48060,A,149.2181744523089,2015,41.17838000044844,121.01895327263796
48060,C,71.9342304116191,2004,54.11988276474401,157.91512591241226
48060,B,83.72707537175106,2017,19.80274618850465,184.14390514140962
48060,C,146.88099017597946,1950,10.90002738818825,71.99584715308342
48060,C,54.74877071846488,1981,12.032793154645356,173.5481001249996
48060,B,137.04078124863602,2020,75.3165851176898,95.10062050419252
48060,D,90.18000470100964,1967,15.379462330286394,128.58888787467197
48060,D,121.50069213083123,1957,36.86055223036181,73.83140910809296
48060,C,133.4405598591021,1967,25.818486925862842,177.89368789842075
48060,C,68.59591200784143,2010,19.581520664607982,237.1751938812199
48060,F,126.67895451401904,1976,79.53940767077974,130.07613597274633
48060,B,126.926364305236,1972,70.63322406859065,226.56113583769698
48060,B,206.5879191590176,1955,41.21467719659399,63.8973649505306
48060,C,35.61475687870923,1995,28.31341941034717,234.3203199314873
48060,C,72.30828963946308,1959,12.497209145237266,152.7044153824967
48060,D,93.3120929136628,2001,54.824314240841595,143.66018951999166
48060,E,57.209160787883675,1957,72.83678422703969,243.27801321296803
48060,C,77.5856402752676,2020,17.723434167764207,55.49703896587419
48060,C,159.58726370043613,2010,78.712659913241,192.3025800623637
48060,C,91.4048575095038,1957,79.96213470304815,192.02837651250562
48060,E,159.3638146561457,1990,57.63883933511373,99.49354590026749
48060,D,142.97877441555326,2002,33.34199143721531,138.30373930217303
48060,D,99.88449886236387,1967,43.27522502189544,200.2047718276828
48060,C,-29.68533013303113,1999,37.086689286143184,119.96780510134634
48060,G,190.02200423991627,1956,74.84585359694256,66.97901089006074
48060,C,115.97883750720065,1954,46.65888703899164,65.82893365564189
48060,B,146.08373245858732,2007,10.739698594211006,184.7033054944218
48060,C,89.22420750031827,1967,24.98813703890549,160.3564456788207
48060,G,110.45070957610142,1971,67.62747218756714,206.9978615324294
48060,E,101.14933585066046,1994,24.15505612212813,158.58998758962255
48060,D,-13.381485730321259,1980,25.96543158721443,81.46754116000955
48060,D,164.1629508113783,2016,48.24949969497572,73.94550279997875
48060,F,153.53110300424004,1975,46.85609315651412,157.88530291524728
48060,E,101.54389645805794,1980,23.473275578254377,102.85197556993113
48060,E,61.43848315140212,1958,77.1435440520965,51.18835116887088
48060,A,206.50579366855925,1965,68.0942621690871,228.5312390670961
48060,B,156.11527418913698,1957,42.04695550592375,125.15898045761145
48060,D,130.3548090171181,1965,11.214214879760256,248.79954668273422
48060,D,150.52199099047465,1963,39.594763839592275,63.15804840328505
48060,E,118.22962804773246,2001,12.323134115750104,153.40294477734318
48060,B,155.00363481631203,1964,22.654316838850878,210.03164733295927
48060,D,183.9205447630944,1996,44.928670363563306,180.72728898200998
48060,E,110.92950130382236,1974,22.78179917609695,173.3175676142493
48060,C,141.68352661890594,1968,38.656118884971676,129.18508143472582
48060,F,114.45707106893809,1973,44.02024137667587,131.41699456307697
48060,D,128.65894157672577,2004,22.423105891523775,109.03120776436772
48060,D,51.586812015217234,1982,47.55012777526445,198.4185185116489
48060,D,39.45017839756042,2011,43.62779617416241,244.85994577092634
48060,C,61.15522266686483,2014,58.3970511650513,115.16711896899979
48060,E,201.13730769952076,1978,14.562039712804491,242.637077905978
48060,C,94.64597852310831,1990,36.730033765528276,180.76767796332524
48060,B,166.3381179959082,2007,69.52539513604953,63.53470733159668
48060,G,77.45107853735232,1953,68.6723144480017,54.32786498903275
48060,C,145.03741829884208,1973,38.52740661075515,147.02202794363455
48060,D,58.128877663547975,1967,78.67270386768483,54.00293863458656
48060,D,91.89380317786495,1961,78.3361879690682,147.6311912174618
48060,B,126.56344355857529,2022,42.628016745763304,115.11536662986568
48060,E,153.2678393822477,1965,28.786485569400345,143.92967128053846
48060,B,79.76240931404311,2017,10.23651927658886,193.96606234999075
48060,E,197.91474783862242,2020,49.495258392335586,95.53732518591968
48060,D,119.63721507671694,1962,19.64620913768875,184.23722443183632
48060,G,104.41462037663928,1987,51.83809209604505,235.40242258501613
48060,C,155.905039443701,1985,19.546977505357376,66.48088691680888
48060,E,103.22220534243486,1963,28.52888643977046,195.15130438099473
48060,C,95.09543476887016,1997,29.607889161459575,217.42382502633262
48060,D,139.95138875300393,1959,39.63916965143903,235.19830678397108
48060,C,175.08578560845564,1958,75.92748882753087,181.11163948346976
48060,C,171.38364348439745,1971,42.661501140493364,229.5662159202839
48060,B,92.7170503394284,1967,74.4189838321077,135.49877439886404
48060,C,162.6144844726406,1994,44.14974516564185,93.29844209973399
48060,B,192.78534641181463,1982,40.56946099826446,221.04607266881376
48060,B,119.7495897718963,1987,31.700129694761372,199.57845080521665
48060,D,102.37034514677964,1957,17.241228168505444,119.51285623234824
48060,A,155.0486161351983,1955,43.79722460452878,121.13747797887487
48060,C,68.04269348197903,1988,75.45309374735113,163.03950423555023
48060,D,154.08915909173146,1953,70.51338325324798,107.0895574399731
48060,D,122.97699681154971,1958,70.7259269891111,128.3638746445862
48060,C,134.93483311606332,1977,76.99593722109532,229.74810901719565
48060,C,155.2216986873358,1987,51.80054931382031,141.50908147468243
48060,C,205.7552027171916,2008,31.79910277168111,137.62446941617264
48060,C,43.96392351829401,1966,50.10062027767968,83.28403710449051
48060,E,139.20800889837386,1967,70.64905906673769,54.36135862487912
48060,D,57.11772811004765,2014,36.39254507289769,231.83540298611229
48060,E,129.12814953476715,1962,54.69675323341652,229.65181673496488
48060,D,155.38391220136214,2001,49.43652707579305,65.24273695603978
48060,D,145.32671956929588,2003,22.892632303923847,226.45062466851948
48060,C,198.88490493463212,1961,52.42234167642649,92.31642691409827
48060,D,68.51474383443869,2006,23.352528218636685,51.43488767009077
48060,B,142.60346987512673,2021,58.0985764251864,149.71725747824243
48060,B,19.721737604656795,2001,38.52049569363007,128.00765553086103
48060,E,101.46147016697452,2002,39.82394270552011,227.87731134981038
48060,C,116.38262624246643,2003,35.50578058700562,237.7200631589455
48060,D,142.80197941918473,1998,49.093034517088185,207.35842017253063
48060,E,149.53326483521892,2004,72.57848743181758,194.89208465028236
48060,C,87.96356936866776,1999,79.39905323426623,213.27403782266808
48060,D,8.713333130555498,2002,69.3666264660785,156.9933411330809
48060,B,152.45466921937503,1968,78.90912239267466,220.8392889611119
48060,F,166.02547875328395,1997,73.78716090280099,68.64898384427167
48060,C,105.74027626541078,2013,74.39765660045498,248.35961400915326
48060,C,146.6016162711333,1989,30.99940293875978,59.70669014593379
48060,D,160.80405220569693,1958,59.38142073944359,200.84021839848896
48060,C,178.81720280857274,2007,44.379697498707884,111.36762614052367
48060,B,110.89924655085805,1961,42.92853336267667,109.04564991109277
48060,D,93.66851935517332,1956,73.540774019054,155.44495032007916
48060,C,89.76405666822609,2003,51.39337387925239,74.24065547433854
48060,B,151.4779183032918,2010,61.40835591534903,64.49971880101091
48060,E,218.14184775520744,2014,17.000866624958984,146.45529189731576
48060,A,85.4269468677219,1967,75.95828215609927,129.65128183140231
48060,C,71.23331611548889,1985,45.26735592299822,141.1515405722912
48060,B,126.3784116526956,1959,12.22892211836685,181.35880092600635
48060,D,168.90014879992043,1951,39.779061230834735,75.40415395725756
48060,C,183.52646120735716,1951,62.28325587488663,90.30540058364849
48060,C,124.38517488621656,1962,13.097098831246582,157.16556788988845
48060,D,141.7311204290972,1999,58.01107186620081,186.19558584235273
48060,D,201.75035828657093,1990,79.81563270847927,246.09183417091546
48060,D,142.05179174253814,1954,42.348044589122665,135.66847806467314
48060,D,136.36681336774987,1986,43.271257226733404,193.6580547820486
48060,C,111.31724127058163,1968,71.86442207460107,71.69966901408769
48060,C,140.69979343607548,1986,23.605835128629572,222.2110182435183
48060,C,118.47105376173141,1993,16.72531829468493,216.88999146955263
48060,E,2.2040537533838886,1990,24.315725938916835,133.14981050643317
48060,D,54.28574510959399,1988,52.175793628720875,178.02628307818443
48060,C,96.99070040877123,2014,64.19333442000274,98.00768375282996
48060,D,115.09497165348006,2022,37.67047485654702,246.6324579822817
48060,C,46.03461269083053,1952,51.8070777825459,193.46168246670166
48060,C,74.02863196017327,1980,48.097480014694696,56.43928441746737
48060,D,127.35042932767777,1958,23.84373393322629,213.86922974435421
48060,F,91.91326679696778,1973,79.28420909760627,110.43710199988337
48060,C,139.88981784211364,1960,63.17981622372772,202.28951642542424
48060,E,54.303617692471605,2008,21.226142557363517,107.87562017438557
48060,D,193.02083043322784,1983,47.13241000285708,66.63873537030145
48060,C,132.72463871088442,1976,52.3521677379646,74.36782227089776
48060,D,120.03856168759032,1983,15.09829102929921,237.74216328340543
48060,C,104.45553464123512,1967,40.273836311086185,133.721037134383
48060,A,181.42860410309987,2018,26.289574027221008,56.95699617174681
48060,E,230.11216366864568,1953,10.021681234050416,226.45621900907662
48060,A,85.39264748119638,1983,58.00088657529774,191.4067776067673
48060,C,184.50903193893015,2006,47.64127995482407,221.4168355628461
48060,C,142.25157202786536,1995,25.206343221470426,201.81819227920542
48060,E,196.23254326454196,1957,36.83461439856557,144.98567060567694
48060,D,93.94835357060893,2013,33.77562915118688,135.62988839847043
48060,C,124.01095494995711,1964,43.01078172659628,205.84102294777668
48060,D,117.45999407834428,1957,36.89121281647372,231.89542167357814
48060,E,92.8208928226595,2009,28.67626474645759,73.4082965376887
48060,A,103.96877618465942,1973,56.66308197736744,189.7674711588439
48060,E,89.62395450396448,1963,54.23874650883143,173.1579597960249
48060,D,85.14158425918825,1979,78.578422250508,179.53191712805895
48060,F,52.51781325687479,1997,49.35970948877747,238.53194862121728
48060,D,134.14690177304348,2020,37.43867790348721,179.18683696018763
48060,C,77.12606452860929,2020,65.23631061174893,118.2144319140138
48060,C,126.57051316972317,2006,23.98746442389549,212.2032220525312
48060,B,171.397577491174,1952,53.02496482149464,224.0717662578049
48060,D,156.5371343916934,1966,29.348737876557227,163.74558832963197
48060,C,57.347168807877054,1980,17.83810793408953,78.20993804996803
48060,E,105.49847992669037,1967,34.1059973283174,182.85179542802751
48060,E,141.09136430804386,1982,57.57731072434477,192.5917631119052
48060,F,137.55456458383674,1954,66.96615240821141,212.56467893379903
48060,D,188.81159853177863,2018,28.063072582570083,64.59197278259097
48060,D,98.30967064560909,1989,58.21112503244266,228.3750333868442
48060,D,28.494675564120456,1996,72.43077430669283,165.29197129184678
48060,F,65.52432958632723,1952,60.53467789502534,204.70383804842064
48060,B,48.27095695478256,2007,48.946004751178805,148.80549857337377
48060,C,90.51557965553592,1986,30.9960279769654,249.06975928544392
48060,C,46.45388348084279,1990,15.918033476608613,247.06894373746212
48060,D,140.97752209569563,2009,45.41421379724863,58.86193644172606
48060,A,39.84418720348981,1963,71.13555626911023,141.67982138902002
48060,B,94.7234751093695,1965,57.77334653345226,120.6796706815309
48060,D,167.5966486879427,1968,45.19905974501948,112.81809104671561
48060,B,81.39255181440288,2012,45.827943246378815,236.77340797026397
48060,A,152.66841918979426,1995,51.48647650934463,147.24141297932601
48060,D,95.57070058294516,1979,47.11223388369862,126.29381279876652
48060,B,200.08317288345927,1975,35.882877249607155,175.15956792424618
48060,C,52.34395009979383,1982,76.98833327972174,142.35466086225827
48060,A,153.6355630204322,1985,17.333078167694865,217.26197500313432
48060,C,145.40438572103932,2010,53.34120172638931,173.9174200445376
48060,A,40.457707157065215,2000,26.66854499994247,134.77157883385433
48060,A,99.8050544567793,1994,12.739257813870157,115.37575795306392
48060,E,162.78676259880953,2016,19.43924537631067,101.26254265218917
48060,G,174.89482683666628,1977,40.52344544353237,104.75959828038243
48060,D,20.280621252941273,1991,29.72015327332476,92.05904535390133
48060,B,107.8163017454295,1982,24.284820933511877,239.170707479571
48060,B,108.95133390137246,1989,43.90978295840793,157.55415555892193
48060,B,190.99222436865267,1991,23.312469486679475,94.29794500402849
48060,C,133.52567377332,1993,48.14112990000147,147.51307265578495
48060,C,150.5340112106231,1969,37.09916252905992,56.87364118026961
48060,C,137.40984265089895,1991,69.89371963231139,143.420738462854
48060,E,101.66411657119835,1987,34.70460251651711,98.0491115039977
48060,F,102.65680060376947,2010,46.78424611465223,116.27861753930324
48060,G,176.8324853187773,1963,46.44198717620868,64.74196373444876
48060,D,78.03552316457606,1991,17.46776782372146,176.23304213981416
48060,D,134.75619181514205,1998,77.20227763073974,95.13701866904415
48060,D,142.92403119006917,2013,25.02213966507138,88.97381644348015
48060,B,88.74353110877169,1995,57.15433483869225,108.33474992203932
48060,C,172.63791099818118,1950,48.13457307590698,247.46310983972572
48060,E,216.46349983106413,2007,49.98798311412645,51.5302491322436
48060,D,114.86162692562002,1999,59.188932297206236,199.15026599685538
48060,C,114.37197354269107,1988,40.01330553924528,224.2507811640388
48060,E,172.62752472991698,1983,36.73102265641503,211.97528300771387
48060,D,75.91630708209081,2017,70.42311438576394,121.99230497663109
48060,D,107.6424171294104,2008,27.885197696734465,195.75209284489281
48060,G,90.43403468015897,1950,13.582581496774662,195.00136488946242
48060,A,175.53440648000117,2009,79.77084807404133,136.90053874386086
48060,A,74.88414227027286,1975,29.707452807482603,60.67509883545217
48060,D,103.34801121305406,2019,27.972086120419053,172.24987456674535
48060,C,164.8668372852469,2008,48.68679753350841,178.42675905882314
48060,C,134.17461531853425,1970,14.887141103989336,161.33913416417064
48060,C,152.38029912835353,1978,43.75485972293466,191.9056127153196
48060,D,144.67686471018834,1991,67.24445187801396,223.79443301280043
48060,D,180.4216071522727,2006,44.56386439608631,128.12813096086782
48060,C,68.26748883279456,1965,51.59774970399431,163.757136530835
48060,B,58.98029342179584,1979,43.040523748213054,209.7356211815264
48060,A,132.87933470661693,1957,59.05159695340116,162.0976078956204
48060,B,97.72604484486095,2010,36.53155368263888,235.81418296834212
48060,C,224.703654792716,1974,26.384374480045242,216.02338226162453
48060,D,88.92029774146579,2005,59.41527774162444,160.6146214734431
48060,D,53.3391473024502,1950,73.59668213503586,138.27351206395792
48060,D,-11.791948475660291,1963,77.49555946610947,132.286115277426
48060,C,75.53148668875741,2016,77.5206130061157,145.74033637807003
48060,B,154.38819242808842,1981,47.486247287083586,243.26668676112874
48060,B,169.76514502646114,2003,49.60095379410046,109.50270102275556
48060,D,30.133251103336534,1955,40.2870073742386,205.5802988974074
48060,D,92.57885554359551,2017,52.11690152345157,171.7143448612033
48060,C,179.66211375707158,2015,26.052486890138187,133.68679201545896
48060,E,105.93937688558557,1970,55.73379470931676,220.2852788830012
48060,F,48.34797976910728,2007,27.463851057154738,86.18049749158259
48060,C,229.58191275274936,2019,71.86319991840675,187.20793974960569
48060,C,105.49594663077075,1990,55.19797276219685,161.88042317964818
48060,A,73.6232195875655,1953,73.05983809839896,204.9730535002215
48060,D,99.52405383111598,1956,28.807253210542974,74.2453738680459
48060,D,72.47330484396589,1996,15.291711261312088,237.28928456235144
48060,C,65.74131608321277,2006,27.131413406448637,228.22333489067523
48060,B,183.44038281584784,2012,52.189438858433824,74.6814336130953
48060,D,124.60633061679518,2019,50.23636574105965,85.90785043991855
48060,C,130.47947561256578,1966,76.7152025555444,98.464046274145
48060,C,124.93077714345591,1987,29.61857101220998,192.8992305568699
48060,D,141.14294959928569,1980,59.44021698273051,177.79113270687188
48060,E,128.75238416344257,1986,47.979914238564746,138.0437945942004
48060,C,96.59243879821406,1966,69.70531432580549,113.49334872651107
48060,D,46.61380993357972,2018,35.303258773795704,188.61502259409738
48060,A,37.27353234729925,1989,32.333082194756386,199.7670571793434
48060,C,191.76439327592607,1980,51.95102723114608,87.42168458345061
48060,E,170.75279727408883,1979,49.52088408631228,62.74062049686526
48060,E,95.50198655100652,1974,75.25593887291242,104.32735948241933
48060,D,171.88009028403758,1954,47.242428078337305,85.3108384485681
48060,D,166.96014258310237,2018,51.04688154650289,176.59772283848366
48060,E,86.43944624330555,1985,59.52757821388973,77.10897672230297
48060,E,163.38044135517634,1961,28.10331399173333,115.12895538997854
48060,C,157.85621678625276,1992,56.41164068270812,184.74289276620303
48060,C,77.24162443483449,1988,33.77749064104578,176.89601463469603
48060,D,196.8867640947509,2007,20.45439152236314,123.71533876762753
48060,C,155.92058488883148,2011,31.91064534378253,151.10918759363284
48060,D,131.15101514810814,1975,61.032633667413194,98.48318250897276
48060,D,110.47374051899813,2004,41.2770827893478,222.81918482012205
48060,D,134.5687228119292,1958,23.08547415291735,177.38871508537576
48060,D,130.30434922525,1971,31.15237119888603,227.86555640388806
48060,E,150.00326631761806,2014,53.47941154703641,131.22476152624876
48060,C,118.85690319368604,1994,11.122548002145203,162.48978825428375
48060,B,136.39135037641915,1951,56.59653844598632,151.31973923669187
48060,E,29.680306302591674,1979,14.05983007308959,166.70590977318267
48060,C,88.44945219576442,2020,67.75640225584903,56.6595567130344
48060,C,166.96532318140103,2003,22.564623906985368,50.68922875537394
48060,C,104.5766674834691,2000,38.93187929807772,134.04652656029202
48060,B,97.06998569050701,2002,74.05988653784907,97.56412945529837
48060,C,100.20848116650362,1974,41.97848012190235,76.66849272881907
48060,D,138.9605055531285,2017,34.76571898282336,177.71454754112648
48060,D,203.39559604837305,1991,31.65287419517683,173.3676753568484
48060,B,94.01627608981823,1970,73.6015511541463,132.11705975378777
48060,C,-8.914642507026514,1995,65.70094004788868,136.0785236032151
48060,C,84.02638078310312,2005,51.335686616744034,80.33462810867293
48060,C,88.74462896531736,2007,59.570618141842075,205.73493297883115
48060,D,141.19758340316045,1976,63.538617797192664,131.05135611442154
48060,D,115.57249742284947,1955,44.956638195788734,132.09938662457796
48060,B,105.8557750345312,1992,69.21297521730676,131.3270111246105
48060,E,141.88692860233968,1958,41.80824911739046,168.19101318809473
48060,D,125.14083936270977,2009,57.78889533430858,128.56154339050778
48060,C,130.01232129696035,2002,16.523215018061897,237.55845735735633
48060,E,175.76252466408903,1951,52.6909642779449,150.432011164563
48060,D,105.30023956982157,1992,79.19672671281451,184.9592859203112
48060,E,159.30086454071042,2009,64.78640488272757,167.6220106625916
48060,C,62.54101988916099,1960,71.23337666470226,166.25240768385856
48060,D,148.76243414551817,1956,49.720747588513106,106.99365551546231
48060,C,156.50433917192007,2007,11.146383453493483,218.66053504079815
48060,D,118.06006427791924,1955,36.06965873225049,207.98234004456103
48060,A,169.2999633468137,1969,36.757914025948324,179.5156981613718
48060,F,136.23511917753612,1972,12.160769277972271,83.13263349528255
48060,C,120.34597242442942,1974,16.793789168836437,136.53202153814337
48060,C,101.38907451766039,1988,35.695792296107264,144.191370478206
48060,E,85.55176220732505,1995,14.399547478048456,231.1083322301726
48060,D,126.4943496262133,1967,18.15239242241425,225.95338758191306
48060,C,158.1014908593168,1967,42.97203588730637,141.88830237473027
48060,D,146.50376687996922,2014,17.808493514280013,85.54089223936282
48060,E,42.0641567153598,1992,29.220022545481903,131.38718240626935
48060,F,255.61295535245446,1963,17.593688029649098,242.25584847347727
48060,E,176.6898662631038,1990,32.14254399066365,82.19109749134583
48060,C,179.4250507017353,2020,43.0537691930685,128.71917905471963
48060,C,191.81006974526105,1988,26.95265027209271,115.46672514996597
48060,G,142.7653737651306,1991,13.823507554232677,148.20896435447546
48060,B,7.70054636568338,1988,36.81268452927833,81.10801830009746
48060,F,112.34581334951723,1957,38.202692772170394,50.510717653612744
48060,D,140.86646508302198,1960,17.303453700835767,50.28667972940608
48060,C,143.9296185223435,1992,52.559176183757636,249.30441438493446
48060,C,85.35369161153095,1981,61.2870379000468,240.63752874116142
48060,B,93.08287364113225,1960,61.16731957127812,220.1044219209949
48060,A,98.27287972912056,1997,48.00626092002889,183.3294931398555
48060,E,171.47834619113758,1985,40.53451075376587,220.50460136435274
48060,D,101.44679855495738,2002,36.593668137688425,211.05411944145018
48060,D,217.2833751276638,1985,36.77105935379123,247.49132339201546
48060,D,79.53137793280916,1982,38.209983133752154,194.51081932323123
48060,D,228.36801893716,1988,72.20680195266732,143.66109747572682
48060,C,175.03309237749994,1993,13.332866489924168,164.51309077953778
48060,C,92.65807724026087,1975,57.15890486934003,100.96356359295235
48060,E,70.60709631838796,2016,73.23202672963299,146.66364431045065
48060,D,207.22477746799441,1985,29.01192465062784,79.10790626452926
48060,D,116.93169799500436,1959,16.718298768727905,129.12349315865367
48060,D,172.65607262619014,2013,30.297082526265076,219.06702440452847
48060,C,95.27510130925113,2008,78.36111374402691,239.42330064727568
48060,C,99.32343705953349,2004,75.87189578603024,163.92602085399946
48060,D,77.37137056267503,1970,70.99501388625454,152.2885667835246
48060,D,58.11786369359857,1983,53.933729064613715,230.1673960564647
48060,D,152.77836992109184,1966,59.16201628700249,207.04317502504466
48060,D,119.40058036096286,1983,33.91312437271343,55.77296789160615
48060,C,188.4192899207647,1982,48.61113625646439,246.89219159477307
48060,D,110.38728038927833,2010,30.796367814622457,165.4404472251915
48060,D,81.96542760073413,2013,55.74028812518403,165.38218157967586
48060,B,84.35370257087094,1971,20.509369208101788,61.63955402605741
48060,E,60.51206275979422,2013,15.585793259162019,220.31022340987346
48060,B,132.26384661088036,2003,52.59992365045554,194.59999191874982
48060,C,63.90159400252923,1959,52.41651211053977,146.2486910753673
48060,D,115.94690690577131,1985,32.67272194397359,235.35849888186024
48060,C,16.714895108493977,2017,26.272832815173437,109.53290118586285
48060,C,69.82672871003547,2012,53.85451922846434,234.2430200212571
48060,B,45.87617423181787,2003,12.252908225078151,59.54675793575122
48060,E,242.64308105712007,1978,73.04391062164282,114.05034607403621
48060,C,171.91775924512862,1954,22.838662453214553,205.57802847843502
48060,C,103.3288478299592,1962,65.2952904739116,231.8145052722589
48060,C,189.0837552784547,1999,68.97304900153506,72.22956549342179
48060,E,144.45287502707777,1992,43.13479255329608,186.3810332921543
48060,D,94.84018057913153,1983,72.95565702446488,153.85268289756885
48060,D,125.75761572202379,1988,62.80514780492879,114.62824125196529
48060,E,54.413165387743774,1950,50.436841916321825,123.76017698045946
48060,C,94.20844547936662,1977,48.44540699208046,126.88574661347658
48060,D,133.2804197049318,2005,39.16762663020066,112.88200527475907
48060,C,81.98977106223086,1967,44.601997363504175,167.68876552810462
48060,C,114.24172969066844,1958,48.40908789243654,221.50931798736897
48060,D,94.43686179376563,1973,59.41034426273794,117.19272971073042
48060,B,131.04350203996947,1959,30.108608169422357,65.35334742899614
48060,C,252.73669487086107,2014,67.96759564878153,208.30820126664005
48060,E,130.4689976394821,1994,68.29576716374564,118.44528906097331
48060,B,152.90674463456588,2010,68.23385218836546,201.40641089220662
48060,D,123.83105675087504,1998,38.4676128867661,156.12573781943877
48060,D,84.9283814664791,1965,46.92087318904449,90.80172730215341
48060,B,201.47018850551177,1957,40.010132309350396,65.64113138221894
48060,B,106.8391492800201,2011,64.14547941606622,224.240207258338
48060,C,144.58136821116165,2004,16.55123924506958,90.4561535078752
48060,C,84.72186005225943,1962,66.44767053344881,182.49969167226092
48060,C,109.59873885154595,1979,76.39309736187772,108.07218256163907
48060,C,164.21617328998238,1963,72.4702776829015,73.59744166487906
48060,D,145.87680885978645,1980,29.924093835752334,139.21144513288817
48060,C,95.75222275611925,2012,54.333700728981256,212.63024019750213
48060,C,38.184910745027025,1968,14.91133553476933,103.72359141875987
48060,D,133.3024718186166,2000,53.491146242046916,68.27428811228296
48060,C,187.10121272562327,1965,56.79397991147452,237.68120632185804
48060,G,140.97406149689064,1998,47.75927349274269,135.461208646898
48060,G,194.82907005327286,1975,77.88666424234476,118.26692016624365
48060,E,137.94249449718828,1966,59.28856479627042,182.3658579356207
48060,B,171.2070591326031,1998,53.3482149651405,219.411638174339
48060,B,178.34993958181843,1994,34.90812650673626,186.44527534119823
48060,F,29.962388229490386,2010,71.41555319991478,66.01273253204525
48060,E,96.9512746809531,1981,75.91824459093644,89.93193732979566
48060,A,123.49564187489406,1954,77.03595320720882,214.51674643228645
48060,D,145.33436897595925,1959,45.54950509022931,187.6456084355382
48060,G,83.54921387594737,2008,14.425703747544354,209.0901916355175
48060,D,74.93678872100591,2022,27.30238783074243,101.79643548639334
48060,E,95.1941610909238,1976,19.740838416275665,244.56257229404292
48060,C,149.55290101308145,2010,34.43130987797102,241.65712562889473
48060,B,187.12969635879224,1999,78.05549596769039,245.6447337162749
48060,C,98.50835884260732,2004,73.81781030308152,171.57592877471095
48060,E,95.67071651496734,1984,56.32751185923749,215.45539097438783
48060,D,41.03274189648698,1981,51.28163287893422,244.08349587737274
48060,B,130.20769359980136,2019,58.76995202471198,237.46791262494
48060,B,57.47629281982565,1963,16.964958997963098,181.23236128897545
48060,E,156.4710969175168,2007,24.92249704562982,175.00450953039274
48060,E,70.7638611263961,1994,72.29752252506363,243.4242356509495
48060,B,94.5145849573454,1984,17.272394809001977,56.47370680110404
48060,B,141.2719703632487,1959,56.28336298123566,190.69702209931333
48060,B,168.6182210283652,2004,47.6479795388724,168.20479763906434
48060,C,134.78083693925677,1983,75.29684104791798,193.03294690768752
48060,F,224.1141628237154,1952,16.768886988243608,245.58231251813885
48060,D,193.3449534642399,1987,16.527840884975955,191.51067118386396
48060,D,175.60159260449683,1966,62.998667678404665,88.02517953781626
48060,C,131.64888224284803,2002,66.18412951200236,182.28040662375662
48060,C,75.41375998611204,1956,41.138048031857124,117.77637724973485
48065,E,208.44814293128724,2018,46.62092442008782,93.05375480657196
48065,D,137.45345992130336,2017,58.680136502777486,86.24232347424149
48065,B,77.69311776848868,1990,21.261835741944125,236.06138259737764
48065,D,71.03843399217834,2001,45.93055077216488,66.90652305871447
48065,C,127.75735093412351,2010,25.69468685461902,184.73248397868684
48065,E,135.28251264884452,1997,74.7100126510231,52.11337441476267
48065,D,139.0532619851176,1954,67.48781149221895,157.9549040485764
48065,C,138.25651561619804,2014,42.03998360487628,178.56473765508633
48065,B,127.43867022505462,2013,65.61088406449757,101.29610527362118
48065,D,163.8555062625983,1952,76.93159787217894,134.83193660119784
48065,C,190.4063043175661,1989,62.296034657637755,96.26566246139166
48065,C,127.43797789740717,2015,19.66216406376456,57.73267723561999
48065,B,70.73293437179845,1988,62.71403269404366,195.30523872198458
48065,F,77.22122227439829,1965,16.341160148446605,120.6162314801732
48065,A,7.108160572897631,1992,55.567800033522886,129.6710643931818
48065,B,115.12820619993883,2012,29.46374891743713,50.3526363903811
48065,B,80.01492988465003,2001,66.02870443275725,146.8736302685316
48065,D,156.18224117039722,1956,32.72034349405572,132.0179366522306
48065,E,83.75429231172517,1979,36.209342383160774,91.46253464854829
48065,F,155.34775049602712,1971,58.923180032590004,210.286076441729
48065,D,205.48540143377593,1976,61.30528354122658,96.83373723932849
48065,C,180.49469800095522,1979,45.40358096343638,141.14548013604926
48065,G,185.04556187082787,2021,25.94322821653018,70.36746831995988
48065,D,145.25313331417752,2020,14.87537889484083,135.3908890992954
48065,A,125.04044153996347,2015,49.88799361909918,121.31315146755873
48065,E,138.41260812696387,2020,39.920496868590796,97.67848843780196
48065,A,91.8953094925907,2010,58.90271554380999,124.58631371332223
48065,C,202.97097494291046,2000,54.94095092726688,142.30579170801036
48065,C,85.9324196782395,1957,23.76424297262016,103.62934619315519
48065,C,87.04701547427297,1970,13.68712093438156,108.58215310761452
48065,C,108.20760064556339,2001,16.855685576799914,208.10167623463124
48065,D,72.64211868572148,1967,39.296147065687876,126.29825864844545
48065,B,208.2369876220898,1970,71.47267320630166,139.99075715617
48065,B,265.1470814252672,1995,20.07060199647907,174.4119018564216
48065,B,73.97083870817613,1975,71.07026502746015,138.75776769818117
48065,C,195.8144225278007,2004,12.150902575534968,157.46205180072212
48065,F,139.07757879446305,2011,65.86875336045006,155.10814622514323
48065,B,123.8984236096971,1989,52.82165340897302,195.74184969507053
48065,E,154.9725045303271,1972,60.75963649398906,161.40136413786854
48065,D,177.93774172549348,1962,20.822527571592914,91.30959395377917
48065,C,76.18547221332689,1988,64.61446005408337,213.97642625188954
48065,F,162.86139883260861,1987,39.863776143347614,116.96557031107014
48065,D,160.9432032792553,1953,44.93583107451676,180.49987612183423
48065,D,159.4913035208843,2010,22.405566831452877,108.4694848430303
48065,D,82.59952566997325,1952,69.00584479140831,167.3117121494708
48065,C,30.753073356394765,1995,35.31654317752665,86.41350231485791
48065,F,168.94522762309114,1955,35.22788835836602,128.34961752104235
48065,E,162.2032613161009,2003,42.268585068535,136.68164347436806
48065,C,51.40737745869045,1967,71.82231794300262,162.20974707334074
48065,D,150.3525875537918,1972,67.23078814945352,170.31241376438007
48065,E,197.9314008535043,1964,60.79660345830063,169.35531918618886
48065,C,10.31760368705632,1984,63.73165827772234,120.50542533568434
48065,E,196.81241127798722,1993,55.580671544483586,132.69778267950096
48065,D,82.96520312306836,1967,52.594376059453175,229.5548136510102
48065,C,102.3104634428843,1957,70.61761674505743,238.94735805678528
48065,D,124.26698878974469,1959,23.324655985221945,119.6845295578186
48065,D,84.53552150136315,1979,10.511734205845855,102.6966754285806
48065,B,77.52415843789345,1995,61.26575301031209,188.68516041991924
48065,E,101.40971596083315,2022,40.78379527217005,189.46515406358316
48065,D,38.74505156410686,1959,64.67301847538776,194.13527181850364
48065,D,96.01290523522188,1955,29.59507351595104,95.5620581352263
48065,E,84.33975985109831,1954,49.58304920851752,95.19054217065077
48065,F,147.43057635605896,2009,13.141997984770619,82.35923497804816
48065,A,91.27987646975018,1986,25.22222405227265,90.76389874330226
48065,C,159.98322576737874,2002,18.246504914737898,68.2985394681825
48065,C,90.65386972774526,1977,60.487786820081766,201.02355786108345
48065,C,10.216377933712664,1984,53.573832332032616,145.1966109721094
48065,E,120.73055901501915,1958,50.81839964223058,57.732362864347685
48065,C,117.690933952871,1998,36.57155506757079,177.72507982048512
48065,B,60.700560670414575,1981,47.75972697310626,149.67158685888757
48065,B,207.38608954519594,1957,34.436789054585745,82.52008168073972
48065,C,51.33718918185939,1990,19.879926103302054,127.45180805088681
48065,C,73.7821182457848,1967,71.00794098008612,196.1469804811373
48065,C,138.42916702390463,1987,20.335044484601116,55.2677403497104
48065,G,138.89411411406158,1991,29.519537106073532,222.51487081229135
48065,G,110.13549554399656,1969,66.43723047101528,200.03326327529146
48065,D,119.12728302671194,1967,43.56755115301185,146.2862405624012
48065,C,149.81693425213305,2013,19.77468794609386,152.51679338684664
48065,C,135.01904684789426,2010,47.022577657229036,133.49857047031992
48065,E,117.60850769010432,2021,46.926814657221904,239.32634919306756
48065,C,111.85439033118824,2009,45.12975995316559,121.91528024984987
48065,B,88.31056771110998,1997,42.53066293750262,171.89231720215287
48065,C,182.68870089990466,1959,31.879881346607,227.1169578857178
48065,D,90.0968338175586,1984,11.529596404544511,122.0041875709007
48065,E,78.95805205748543,1996,53.14054893297076,224.76474747066803
48065,D,142.03783772193822,1999,70.74827477141477,110.30880265777307
48065,C,179.2034529221937,1989,37.054307424096024,67.14201868765679
48065,B,124.41572747326208,2009,13.807087620110064,103.15473136348707
48065,D,242.08942926648854,1952,75.40629757482945,98.1097696429174
48065,C,96.59377331019047,2007,66.84924740621273,86.54261471265676
48065,D,162.60963742480087,1961,22.09282522083769,220.52644655430797
48065,B,245.28426588512409,1978,15.268032091574407,159.04221576348004
48065,D,157.28367617367923,1999,37.534529859456384,189.93728398695367
48065,A,123.5423198026142,1983,58.65503663541611,208.41015809005825
48065,B,122.26954723337121,1990,37.59664152905107,143.63555257604006
48065,F,123.19058644418872,1974,44.51108231906563,188.80569763494134
48065,F,69.09406965154616,2009,64.53666790690971,162.41562751312975
48065,G,78.91713693700662,1962,44.34087157231561,174.08287494270672
48065,B,89.13481649905916,2020,57.32732502779109,155.80426811190483
48065,C,65.0575219499658,1991,10.908366945516745,204.105055861526
48065,A,127.90915013984646,1969,54.86665538937228,173.41530600124526
48065,D,183.5327438846203,1973,48.035892107078936,80.13164639778365
48065,E,151.7402566059107,1973,79.29544660240997,166.25654639221193
48065,B,134.14934048228002,1984,15.492802822083831,139.65542916614612
48065,B,44.949777605071446,1965,61.25681751441224,114.20396211017993
48065,C,139.71904302894797,2001,21.43041773982913,236.32002526880896
48065,F,101.51673260120786,1993,26.052326521535775,81.76753907640312
48065,E,147.57556199251104,1953,12.070799118166626,122.58851843512915
48065,E,138.73769366012536,1984,56.07381857493567,74.83203730956217
48065,D,136.87121379451327,2007,27.158820311815525,197.5635455173892
48065,C,121.9548997800201,1984,13.173191143359585,122.32326825636648
48065,E,131.8982445949944,1994,11.26466445671049,171.71631957512903
48065,E,82.54112127318749,1969,17.62023126526586,56.582753732234735
48065,D,84.65460923004761,1955,43.89149731744013,143.61632421701967
48065,D,222.71611027813663,1986,21.830094249855218,142.20196976792423
48065,D,162.61815674001787,2022,54.772122395918124,141.1412568840595
48065,C,186.0940496079901,1987,50.26087303895533,79.79655168199848
48065,C,117.64707296128067,1983,20.057350544833916,59.19245940222206
48065,E,88.80998539677958,1967,26.609722401770355,164.5553033193987
48065,G,163.64939929541504,1987,74.32543201773481,66.21498322945976
48065,F,-27.691174270031212,1972,69.97991449629436,85.56064762201625
48065,E,93.84478465577519,2002,45.43190599586418,155.8326201911325
48065,D,103.48253767242642,1994,66.7411141087681,179.65520488540793
48065,E,122.38497354368143,1970,57.77152941332801,67.07953842701622
48065,D,122.89775843205861,1994,59.395215545410935,73.78060353559867
48065,D,29.277631636872556,2001,20.973860613450157,220.58141754508299
48065,D,82.83818166109529,1978,71.46817054739773,211.8172631606689
48065,D,166.6996111576893,2008,55.857627950029446,142.9149134080507
48065,B,58.581093534182095,1955,64.21921749402111,133.46829465326516
48065,G,122.79835430490935,1996,11.084994168322472,225.99713831216727
48065,B,141.34918419310497,2016,47.54447395296892,107.80994658915583
48065,C,87.27175292021349,2016,64.16780578246315,226.13217568831095
48065,C,104.6864995596489,1986,61.92483316227923,236.1674063119821
48065,B,189.87114304115642,1982,47.90005760134977,172.88673096701905
48065,C,59.45629834411658,1964,38.10176742126404,118.60475455627805
48065,D,138.7466434223841,1957,49.85428611451365,210.48055634439743
48065,D,153.85906113639243,1979,69.15739486861833,120.92541888862371
48065,A,169.54919319211487,2020,60.88526076420305,194.8411645391898
48065,C,130.88620258796357,1954,50.22922427436415,133.11199888742846
48065,B,120.93862619194431,1966,38.321906631744916,124.23060925603492
48065,D,156.4037584752632,1985,51.671752629041514,84.12871775042106
48065,C,146.4551980836473,1955,76.60708854928103,88.13970595748694
48065,F,96.94724930026197,2010,29.996106870801793,87.02174608556905
48065,G,105.9882534874749,2004,66.55253498541532,101.41699316074455
48065,D,139.26289084267898,1950,34.52958002712647,248.8965764904268
48065,D,16.02071668093555,2001,29.935439234669996,72.37198926926449
48065,D,79.46712221506637,1956,23.832460697360112,244.21316642145968
48065,B,73.04734281490147,1968,11.752543536621069,139.6477693110793
48065,D,174.17742616639347,1996,22.304075703322255,176.22737924155973
48065,B,83.91517729922788,2015,77.02433717148547,141.72569748629317
48065,C,68.25544906554413,2011,66.62365072628432,231.6148805059182
48065,E,169.68448381503188,1954,38.57762629155948,116.23315084440686
48065,A,221.49067323583347,1990,67.21424263679526,96.98125222624772
48065,D,86.40647977374496,1967,29.181450218168543,209.25648765901246
48065,B,52.03374144042337,1989,12.002710051946464,233.9753455350482
48065,C,46.21051085319908,2006,40.04791122170859,207.64102221432626
48065,D,116.08066501353035,2005,27.683362242124225,144.30727751564896
48065,C,131.52707934253647,2005,54.0340022165278,95.54290770314846
48065,C,131.82427677490136,1971,48.340099572546514,238.51554637857743
48065,B,41.454127957605564,1968,14.34316822952807,66.32632997026766
48065,C,-7.501314575817332,1956,77.02440905096661,240.57390407161674
48065,C,139.30123093542798,2019,13.86057868972628,88.50432818752034
48065,C,154.90968499399781,2003,43.70240423461694,180.96961247782556
48065,B,157.47671911321956,1977,32.2583234612635,155.28272207897564
48065,E,86.59177046132362,2008,27.977341606395665,156.23051319371064
48065,F,181.62680775002843,1996,57.57960404953666,70.98087726986226
48065,E,0.4009055221929856,1994,73.22446675410526,54.19659925726064
48065,C,137.34801484422405,1962,37.63886998355147,135.6351374924301
48065,D,56.749053584326816,2020,30.704033096781487,98.36288380743055
48065,A,112.92618982672015,1969,24.766690347692737,124.0458971649947
48065,E,148.84602053421463,2005,14.98685006698193,220.38614982477884
48065,E,102.5786024854203,1968,32.6963888461858,112.05556715513205
48065,D,119.12837529084668,2007,62.84487856463863,153.4311940977916
48065,D,83.91357555657922,1968,12.052232614515018,61.65286270821046
48065,D,158.485065716457,2018,17.32338953845303,188.69016821950822
48065,B,168.88067886412622,1960,50.280864857146575,128.8483975669833
48065,C,194.59715295808203,1950,28.45021417409687,202.19266355216175
48065,D,26.14804226848456,2015,55.5118427111369,164.00755775706983
48065,D,146.31865675599352,1951,32.26218288605235,56.232470640100665
48065,C,108.85018142482794,1993,13.474160247504184,148.35481276972442
48065,C,111.36352847610982,1976,12.5103678918261,79.77744052475336
48065,D,104.68697213069959,2018,41.64535994753844,81.39567902613123
48065,D,84.1996695326568,1973,42.33435053874462,79.73986365950964
48065,D,148.23736775784462,1974,44.57431839181849,80.52830618523402
48065,B,109.81484586637981,1965,35.727236354968184,191.01632616706706
48065,D,80.59950660012905,2018,53.52992598392031,202.10644042088728
48065,D,166.15167186178647,1970,10.304723404598516,161.0476459811997
48065,F,147.56279611673548,1982,29.055316058784296,118.41535919421415
48065,F,57.498717220619795,2011,54.06250871236138,150.9756324044668
48065,D,135.28505953748885,2001,27.753411839379254,112.13933158783439
48065,G,149.99911012877794,1974,43.31831780618223,103.96752096357554
48065,D,104.53577152391226,1960,57.2004053897066,236.3361991241932
48065,E,209.23005277069348,1963,45.54441002486952,175.1732219230736
48065,D,159.98763028339403,2006,51.48310681187024,57.18569301117142
48065,C,118.783236686941,2007,24.133358436063357,208.8686687970876
48065,C,177.34891412371655,1968,14.277206954062251,218.91127514243206
48065,D,136.69725239995196,1973,17.454742190311574,217.89430846461983
48065,D,101.00460167297115,1987,24.659021271669975,161.45551266300208
48065,D,99.9988951382445,2007,70.84280047863572,249.58186435805726
48065,D,91.59992207949986,1965,24.18703344151133,183.5057636448339
48065,D,136.84056361937326,1986,76.2363030311169,146.827825423589
48065,C,174.2080508477433,2012,75.41718061137362,79.9619254848911
48065,C,107.51945938348851,2008,36.06987258231778,72.20927745837966
48065,G,154.04734707834848,1997,18.946408995664903,120.56120185318116
48065,D,93.3919243259275,1973,29.276297703246122,53.23693378637824
48065,B,121.8838102354294,2000,59.778630730844924,157.26170695085045
48065,E,91.28590614498626,1989,62.53604493471419,88.64002549567833
48065,A,170.23460292648093,2008,15.964986083123964,59.303699269013734
48065,D,101.47433217030652,1955,35.42338724478968,221.65290970234938
48065,E,108.45755160481447,2005,78.08394189774933,202.6493147028346
48065,D,64.03045601270452,1974,23.636285585511466,172.18371550345222
48065,E,96.34084468464431,1982,40.23533963544337,132.06112271198305
48065,D,186.6967819943974,1999,14.414826868489165,238.49998597457812
48065,G,84.3143768067199,1984,33.90858622985735,111.86153309705952
48065,D,105.61812694814935,1978,47.79376060145044,192.05071676814322
48065,C,113.71673073637392,2011,56.208361098419125,196.74720234527123
48065,E,59.20310910120492,1980,74.8229922372975,71.08972775025883
48065,B,107.70904366444712,2016,32.10497684079152,205.96851620386337
48065,D,160.3166009529465,2018,57.3372768443288,178.17447549054253
48065,F,149.96358354363753,2017,51.28893383217528,78.27147497767575
48065,B,209.88432652314344,2019,67.26787827422137,208.8854944367494
48065,D,88.18005094722648,2008,33.09510145897323,225.43174165401058
48065,B,89.33730926749642,1950,22.42123032281205,163.09725666683397
48065,C,103.05457271620831,1986,35.75997630136672,184.1211619442691
48065,C,141.68967025095046,1978,63.81104596084569,201.5626611388532
48065,D,44.61017777054046,1968,19.07050648588558,72.32536170270814
48065,C,58.08173844364398,1990,32.441573495622244,164.37514329419034
48065,D,187.8125523349292,1999,56.78025702963894,209.9114754398372
48065,C,73.49783854622456,2000,56.99338217721039,216.3442240559836
48065,E,99.7187599160957,1976,44.03999006459426,196.7853447264973
48065,E,86.22157357043918,2013,65.70453011468703,246.67351207298904
48065,A,155.3743603602681,1953,28.47704835364406,63.28172877385889
48065,A,103.84292309336817,2008,51.48746461396218,121.68044773876332
48065,A,162.05106521129164,2003,74.8544551457109,213.1242061550982
48065,D,95.12366091868859,2008,24.813072914456704,84.43770551115256
48065,B,110.55803567020381,1960,42.43824831702241,216.21068817946764
48065,B,97.98371576619047,1958,60.35831594022451,161.98233724894925
48065,G,79.58680874665376,1973,15.615700426072099,237.88672457923747
48065,D,151.2397694734751,1969,76.49833914844302,221.96457630803218
48065,B,176.7820633837403,2019,54.03792004363012,206.44580009442467
48065,D,75.36360144813594,1992,13.003859086213591,193.8953786352929
48065,F,141.81640974516097,1950,45.77203457160867,61.36839013631652
48065,C,110.56744895380747,1984,78.19905683695622,215.72998199252012
48065,B,79.69461632888199,1966,48.73787367007271,76.5593429981142
48065,C,166.19533756313862,1991,14.147391667980926,241.5208742232342
48065,B,121.1662048495663,1968,48.607274253141554,212.37332401801353
48065,D,57.27194810430813,1974,47.42288720075018,227.6643853297137
48065,D,84.06178855230155,2017,30.116594067889785,122.67667419929928
48065,E,46.26107293808026,2011,79.92600733863624,188.98533928802047
48065,B,111.7742734101915,1993,25.571231743190552,89.98082914496786
48065,D,106.27978272074401,1985,31.96368834019069,181.56944778427174
48065,C,139.73893128447415,1987,40.24298994685334,127.68156677439038
48065,F,84.49874565924493,2015,48.08086039541769,172.59717241273768
48065,C,152.60401186774538,1980,34.05132952133134,236.16153077059673
48065,B,150.7544492074682,1982,28.73537136567944,227.79045113812802
48065,E,172.86118708843082,1994,42.201383742832476,187.40476761424105
48065,D,108.21248484758745,1989,54.1167168668033,121.80452333801722
48065,B,15.279998814664694,2013,12.776578678385066,72.73119381322687
48065,E,81.76896909175036,2020,55.342903290020296,192.03432148060025
48065,D,143.80870045022073,1993,24.49005820906316,247.80784835115915
48065,E,207.40902290346298,1956,14.087735684140773,93.60329970638773
48065,F,167.8963432668119,2002,10.72990591334322,90.93856591659626
48065,E,119.71380845484943,2003,21.560409847698207,241.33201768484267
48065,C,30.44922393205654,1965,15.843327328797558,58.06719750655043
48065,C,175.42085577304573,2019,55.78822389246076,82.71314946725744
48065,B,63.638585041743816,1976,13.876539390357054,60.12906528874527
48065,E,97.86142216569017,1951,77.70148385952365,239.9921801753783
48065,G,169.01693351088818,1966,73.66861135425708,93.45575575342728
48065,E,79.10313547867588,1989,71.94012275383372,99.42975673127326
48065,F,127.02544521428027,1968,51.895238983617595,124.8211474633011
48065,C,158.75722753057153,2012,15.932871941270964,142.94806190244947
48065,E,162.93014783122493,2013,39.782083284410376,80.77259389076741
48065,G,160.42703791610964,1964,33.03088296487529,138.40552168608474
48065,B,72.09495931689025,1962,12.242608673880973,55.60377025456209
48065,D,152.39391158598835,1970,22.959861952942486,95.07248506406475
48065,D,158.21529561764493,1999,44.957691941974595,75.63099691262653
48065,E,70.82751182610144,2002,32.09295382148545,234.06571532540775
48065,F,135.7859711148262,1990,36.09439320525007,98.53887969114692
48065,D,109.06705713741174,1953,73.37456316289258,165.2370825014545
48065,D,178.90128415961442,2001,50.31373271921775,129.3702940683728
48065,G,136.56113799299382,1952,11.93312400835891,212.08547381296364
48065,C,145.34012972762372,1994,64.1772559876247,140.74979078751028
48065,E,121.40304031919563,1972,24.231417970205776,155.19141985360812
48065,B,60.81835516927516,1989,18.108426083895882,75.9909808153842
48065,B,68.1102263490908,2010,38.38300310208851,175.5213442664127
48065,E,193.83718353941453,2012,78.70881064061263,81.6084639552747
48065,D,120.04852004126597,1996,73.05474001318979,231.30612642389787
48065,E,39.80303817546334,2021,26.281551928303134,118.58052871017632
48065,B,96.57101452248418,1982,31.938741035373745,230.49070784110413
48065,C,19.605071311796635,1982,46.32968195025155,184.5022738594812
48065,A,108.14146844370339,1984,75.36678925069776,89.00789694660989
48065,E,45.36049396856947,2000,72.61257655205634,108.58113509667191
48065,D,240.91778767862257,2009,57.47255053884466,142.67669717326396
48065,C,118.44198175992612,1957,19.501627188263974,88.15631401831271
48065,C,98.82243689009462,1971,35.32651576248431,248.83475833634688
48065,B,131.8842214018551,2006,57.717711307869195,236.8660016433889
48065,E,78.1143062563971,1990,67.02051082018681,217.23861955049807
48065,C,135.72373055603734,1992,20.497974162444805,115.93897734101036
48065,B,82.27811950981194,2002,45.14403528316227,167.46343442694018
48065,D,144.97017433088493,1962,32.03605782938257,114.0186218151103
48065,D,85.3528384926466,2001,36.66210038062872,120.93255035299183
48065,B,148.8280560254497,1965,61.530218016777546,159.55766698408712
48065,C,117.66358084435251,1999,58.939718079055936,105.85749915883314
48065,C,116.6254563191309,2004,50.88300665593832,190.69263285799983
48065,C,-34.95794407074584,2004,21.977793333620077,236.17461858290406
48065,D,113.63150703053617,1978,64.19555338092093,171.18178864265928
48065,C,108.9996275447062,2015,52.567083079646416,174.80568743456274
48065,C,156.97009075116023,2020,44.01787532246663,82.39505698187006
48065,E,97.15687829201566,1979,60.85258876554719,233.00902522893062
48065,C,139.52418032413894,1964,40.75214155003569,114.77439000411329
48065,C,162.2652490277565,1980,68.30083292585925,220.12010966031136
48065,E,162.22018149784265,1991,62.482245103987594,232.64524562686898
48065,A,56.798970756763296,1980,58.41406434191592,117.18425632478127
48065,C,89.80410520568978,1952,64.38166970308154,207.41390054478632
48065,D,144.14649725887932,2000,77.27870812962021,88.3189899368846
48065,F,151.60116118085108,1951,46.98792883810406,74.54786390886179
48065,D,178.14512862720696,1955,18.43675015584265,202.55296222423226
48065,C,112.64223473915698,1956,65.84700257871418,85.28533932048029
48065,D,81.3180077530935,1978,63.7042368768979,248.13497025423786
48065,B,131.17997272229528,2014,61.888497956013126,234.44994025007506
48065,A,141.09731424918908,1993,48.829401866760904,97.59109429019017
48065,D,147.8592407933896,2007,69.28990198300879,115.57774372742895
48065,D,113.83442004669197,2020,28.56310678398245,228.30376322128683
48065,B,95.49163423117199,2016,67.73853940076307,189.93894019147302
48065,F,135.03297244429834,2002,74.52286715188251,235.21227455735058
48065,E,210.31785796862783,1968,10.714293109967164,107.56686806030235
48065,A,113.61869106747574,1979,10.195606867426926,232.39203372890762
48065,D,110.78770105729762,2001,60.80155570063265,116.66634662305717
48065,F,129.66807078096332,1954,37.15545529752085,150.68082176889232
48065,C,90.41033616445239,1969,62.079573047549914,111.87337342726222
48065,D,114.69317376487353,2019,42.58603075902107,74.26883138807243
48065,B,162.91180242439899,2003,19.35691742052915,204.36364242052815
48065,C,83.25240615823111,2000,73.48373022807102,168.10708793640512
48065,D,74.85449964760363,1971,28.72117900767882,239.91899905757415
48065,B,91.05391386875424,2003,64.91230268253653,199.82099227994956
48065,D,65.78240986129015,1976,24.475745645032454,205.89766929430675
48065,E,114.46754257845826,2006,16.98065200462481,198.67225009758485
48065,E,185.80456801213708,1997,67.28368349441293,204.73395427300994
48065,C,103.03917305401285,2005,61.54728530350313,243.55743838668985
48065,B,66.65159146165203,1957,18.87540585126876,66.06738699987295
48065,B,76.76081806606234,2000,68.15326067692587,135.45634162546554
48065,C,72.70052768468786,2005,71.04441484269954,175.72098521264655
48065,D,58.00169406970815,1951,44.19749339803246,164.85619284546257
48065,E,91.97385967304324,1992,39.72796109305784,134.71558580069242
48065,B,132.3999582278018,1961,76.77341995990997,105.7125426899471
48065,C,112.9342734822216,2017,57.41251115730321,173.60749611235485
48065,D,160.46800360052507,1952,60.64656497244067,116.42140230755929
48065,D,134.8006026569072,1950,60.902160836950706,53.2154291090444
48065,B,159.4619976831496,1995,71.74996199581027,162.73360901865973
48065,D,83.13243212111351,1999,63.3484682762086,162.0210299344269
48065,F,164.54814818761605,1991,41.60211922003434,126.97589217686303
48065,E,178.81739794817435,1986,60.23398778085904,100.41941302279511
48065,F,94.44135160303965,2011,14.104009029580876,79.93550111408976
48065,D,122.09350251334423,1973,50.26871060197064,169.82027112391924
48065,A,130.43462917717696,2004,34.27651795225327,189.7962805221509
48065,B,55.2751458721677,2022,17.349326258759454,248.14648727515532
48065,C,207.54205358250138,1967,24.753685284929087,204.4299032041524
48065,B,58.3091099112986,1954,61.40167666260233,238.09754739384996
48065,B,102.08027584859882,1998,31.043883457705398,183.45192919646982
48065,D,25.25828162088945,1984,63.29196421774715,214.28042870308144
48065,D,195.5471840381431,2010,17.805693305869813,73.26804464882125
48065,F,117.68104623677907,2012,64.60426462527178,152.6780147056362
48065,C,241.79925621146216,1971,61.607254185471426,187.98259451130767
48065,D,53.2491877175988,2000,34.81426855477709,212.59059672944122
48065,C,119.28091592451977,1958,13.264901564806774,100.10031937694066
48065,C,128.29590855480208,1999,12.005215191717962,173.36997025518446
48065,C,119.95722002149812,1993,30.75125579029913,204.25144398357503
48065,E,161.2303645961014,1955,73.28571959789157,56.76432834383984
48065,C,88.09849171738128,2003,10.020053207503722,151.29251694073452
48065,F,134.11763319898262,1990,13.978734275587374,193.56595522817827
48065,D,144.5098570923143,2021,23.17465635180418,166.9987957049018
48065,C,120.0280927734605,1969,19.412728697438865,153.4503650877287
48065,A,103.33019124443258,2012,63.63208125080267,112.90889890778455
48065,C,160.5748510739146,1986,11.541128096698301,92.3773078899915
48065,D,134.69381059250733,1993,57.96128404299303,190.85265736406916
48065,C,-60.9768584984206,1957,74.12525340849719,149.99603521427497
48065,D,129.43651997191145,2013,18.623432162998114,124.82102699126129
48065,D,29.948190882270012,1990,56.2021077441016,94.4087552134218
48065,F,117.1878199123894,2021,11.057521191139307,229.6546130220254
48065,D,66.66444462645538,1978,58.59087611878908,223.03816262998893
48065,E,168.86385121352572,1951,14.54931822371379,65.8983496705375
48065,E,140.71328933317363,2021,60.83267854000107,186.4574243527395
48065,B,140.97826579941517,1953,15.419558433298805,52.41960433969044
48065,C,90.66055962644609,1967,52.551040769406285,145.9087854914378
48065,C,145.40897189098357,1953,50.98290203160225,236.89113735255629
48065,C,83.94192693204991,2000,24.328417223525328,173.66806345598826
48065,B,158.38347443821837,1955,55.22491814900208,144.58837270834297
48065,A,124.9351984207669,1986,49.60660439303219,235.0709814198236
48065,A,70.1977529915054,1981,68.5055329304521,171.54428085239385
48065,G,181.10970900533977,1994,78.10776314598917,240.35352366798838
48065,A,76.00339958248442,2001,49.68914827075453,196.99063162335386
48065,C,166.50831144407996,2020,74.12775907087465,176.01044042992567
48065,E,113.93456643052096,2019,77.87632311269361,181.20917389776102
48065,D,166.40360033303443,1955,56.066921936525226,122.83357257654255
48065,D,89.24440844448795,2014,44.08819761211769,128.58898779331076
48065,F,133.7876534310184,1961,69.69642777636314,151.27934093049183
48065,E,148.24320660779796,2010,54.48381108825418,71.17580429476044
48065,E,95.56001008245342,2017,26.484607700716285,83.8933170389059
48065,B,115.72593694764936,1965,50.39943844084803,102.99615458337661
48065,D,125.66484098170291,1993,76.78794911183768,115.89068719150808
48065,C,101.53333703288178,1974,33.930576035568585,141.9223343547208
48065,C,194.00277614936147,1983,39.80473132449259,96.23497423760853
48065,B,180.0534729052542,1980,35.193554924557134,142.78930834440263
48065,C,103.19267007517439,1980,45.011846042889445,59.031668071099276
48065,B,148.15896134368163,1978,78.58044504176675,215.75161474866786
48065,D,145.1359481580852,2014,20.527879082929623,127.5483056653747
48065,C,172.68476011555438,1957,36.47077775652522,175.27310839525157
48065,C,72.69910617401993,1968,46.576093877123576,170.0439081355513
48065,C,168.43877127382345,1993,54.98848049186529,116.6233115777419
48065,A,13.874089970693447,2004,23.246471766448902,107.89393773450723
48065,E,210.91393518714108,1964,46.87543368959686,184.49598991650134
48065,E,129.60961247293477,2008,23.831816938875562,75.8147330613659
48065,C,87.09123629314482,2011,31.285937995822362,75.92730042948529
48065,C,224.942061517622,1985,36.84605661572135,63.75412039422956
48065,E,142.57737456197532,1956,41.94071181894592,86.89757543287955
48065,C,133.32608249891004,1985,13.733155288701226,192.97408213547703
48065,D,93.12968105480931,1995,79.90859771213104,233.8596876755349
48065,E,158.73128176375752,1970,50.16209697812105,88.0307725825221
48065,D,33.84769853543844,1971,49.473505456420085,124.75385096254037
48065,B,135.56308498337523,1985,49.63485711481753,200.21462788728343
48065,B,137.82264570234958,1977,63.35405410482577,240.63651938217706
48065,G,141.30197659875287,1993,76.52690060653823,57.08379465617275
48065,D,55.53089554483036,1976,47.351225756621076,117.22430716692975
48065,C,156.74056717552088,2003,53.82311293260016,81.75525725745246
48065,C,120.57789613857096,1953,76.79517717842948,169.62357570710714
48065,E,56.82576974694466,2007,71.15825543730585,239.86555570909186
48065,A,174.8709378028101,1993,57.83986132926026,53.526281786804944
48065,D,100.94520458686752,1956,69.37603927869941,240.20859449515783
48065,D,208.94934174055277,1972,53.84714570687766,193.79458786128885
48065,B,124.99247716947782,2009,42.42709018386656,79.37490259376538
48065,C,105.94029939012853,1985,13.075618458863616,123.6794740442043
48065,C,107.04579704596846,1968,55.88259910335007,203.5481619705418
48065,C,92.79593444912095,2005,39.50258139145164,138.71809327603034
48065,C,50.15087028278046,1983,38.55040743979633,133.29808247381396
48065,F,204.28720959869807,2009,34.05610057639146,134.30587296940544
48065,E,181.6364171034142,1976,65.3387575689583,96.98565265815031
48065,G,66.60887654859059,1976,76.59838609971109,80.22679996977877
48065,C,97.92555687659916,2008,33.04930104557204,217.8806687789011
48065,E,163.98693371099426,2004,31.909242774571325,82.11737414462516
48065,E,75.04884431376192,1989,67.74536863485562,159.06899680030898
48065,C,63.762673456781066,1973,11.844703856068318,215.10813830147092
48065,B,42.879189805566554,1981,43.361172524374425,242.7617939241999
48065,C,80.47003894343652,2021,29.29148316507789,185.35345433811946
48065,D,124.28405558203023,2011,58.184723967815984,244.20582624901994
48065,D,171.68985957570357,1980,10.517896973466566,119.71350133614578
48065,D,213.95939425365654,1964,21.408058583552844,156.84381959337065
48065,C,141.65095625502693,2017,68.46569430375001,86.4585077738185
48065,E,51.69163573460065,1999,69.08394329509949,197.39591914423033
48065,E,89.65873291068006,2013,69.64929037335705,196.08725887073825
48065,D,106.94982553241601,2015,39.047095154176375,104.34995734410512
48065,A,149.47457723590472,2016,61.97990775197192,116.18237713567493
48065,D,147.1377593725119,1957,47.43508128031806,205.47462584210976
48065,D,169.93632850415491,2004,10.333132804893351,199.83770380709657
48065,B,74.49006468860446,1990,59.19176418733745,114.0344581242716
48065,C,123.22133368661103,1957,79.71346482704396,169.11014024649717
48065,E,124.08559631301097,2006,34.522226811063,124.36986054079178
48065,D,259.9282956015452,2014,64.43025189273351,104.30331554661427
48065,B,119.96734630422293,2016,46.8074739391184,223.3567555876692
48065,C,119.48693379719386,2016,71.34859420056375,74.97029568665687
48065,C,148.8964113042665,1968,10.56831649258964,138.6514682718669
48065,C,143.16780785091487,1962,76.44246140810361,169.6972212852012
48065,B,128.97466813956234,1977,64.23668045895776,138.67913316668816
48065,A,151.8117914215162,2006,45.266846354347095,179.36720731950692
48065,C,137.36817017580623,1985,40.15193824169067,235.6290441791284
48065,D,89.3318199688382,1958,66.54845955690837,184.61895501618557
48065,A,79.63099718579443,1986,57.75210847652293,164.73596405819544
48065,G,75.14899141267637,2000,53.20572102639774,150.61005182936822
48065,E,181.86691804240223,2014,71.9537627120976,129.84783393383583
48065,C,77.41535877893756,2015,36.010746953602684,56.45873001349824
48065,C,109.97135835541341,2018,15.227560297169674,80.45202602237534
48065,A,156.00067659181258,1996,54.89662176861188,184.44823867931046
48065,G,99.61697107170326,1983,20.885955080608227,167.81202283319277
48065,B,174.92791063926762,1974,49.2479557322625,232.54441665825817
48065,D,148.2090503430639,1978,52.87638847498085,249.84921837680514
48065,D,46.021238649041535,1987,35.031966798052196,50.19979845338853
48065,E,63.90092888817886,2005,59.732499851751676,112.90049511085655
48070,D,205.26645164488048,1965,54.15899469828326,172.8897884632238
48070,B,162.24529613108544,1953,56.587380011900976,229.02914736491354
48070,D,30.277820745554934,2010,13.773872121323928,173.54124427893458
48070,D,63.93602042591076,1998,64.08419719808992,241.98705075754577
48070,B,187.19065567306427,2011,43.71938358908063,200.24603778161642
48070,C,165.18920689121333,1959,74.82929871412637,164.34193039169296
48070,B,142.48642377530555,1959,26.22574733191681,135.9202828335294
48070,D,58.04359880488659,1952,10.751728725858774,225.95904149869193
48070,C,119.60357062733148,1984,56.20462011434499,245.70262692146247
48070,F,158.35251092463548,2015,34.59513100322466,73.731168941878
48070,B,92.28987725237104,1953,44.158610855828144,194.56917506865784
48070,F,69.31334232174193,2018,24.296866867371314,193.95562536449398
48070,C,176.25809370071664,1976,49.36354291742447,64.92381111374164
48070,C,182.25258432668358,1961,70.09157411995297,59.96987892700834
48070,B,141.529912350845,1980,68.3260484791464,230.70624518255852
48070,D,105.49626726342508,1983,20.902483185926105,82.84413749191415
48070,B,105.37026250461949,1986,60.83698119551596,188.67940525450692
48070,C,20.548290191435214,1980,75.75066915318722,182.69972607538935
48070,D,160.28561764207632,1960,36.73527191084305,187.88234168610256
48070,D,61.90990500569035,2005,28.8479327819287,163.8884038042487
48070,F,66.95487666177385,1954,52.40970778687271,107.76555600621558
48070,E,65.2578127386647,1990,21.419164048723992,141.4030738544963
48070,E,125.59500730546829,1977,30.28317214200592,86.78954123212432
48070,D,26.778052267221852,1965,49.58144646641388,195.8268767827771
48070,D,119.92246015094086,1982,70.95474240113384,113.33460099144324
48070,C,120.88392509184385,1973,47.15314240300774,146.69381286467024
48070,D,134.94071124540733,1998,59.06586573124269,136.23688143843623
48070,C,179.31078672012168,2020,52.86448894025025,123.47823632459584
48070,C,176.4306837201482,1978,10.235366482605563,126.1336527607838
48070,D,97.54350122462016,1955,43.351201540568,74.97666264812923
48070,B,178.95728581178375,1987,30.306821273303115,116.26171086467907
48070,A,182.4327876944819,2019,47.607659040233706,53.716066811019836
48070,F,96.15120700229704,1988,57.83237028588918,146.82350620032997
48070,F,154.34234885318597,1971,41.937011809240616,132.04100105670648
48070,E,89.48000832296552,1953,21.895974375248862,244.39739943913432
48070,F,111.65167888256431,1979,24.260572335136082,179.2937040863099
48070,D,150.30748498792346,1963,50.42744474606926,111.27006163703888
48070,D,46.219362680852996,1987,78.44929611296398,135.3682818737956
48070,C,79.91197744905509,2018,33.00881710520845,74.28442446625249
48070,C,116.61979378245778,1985,11.70048923798462,214.8950092489004
48070,F,129.67934975328492,1970,33.04314646534935,132.1279264042248
48070,E,47.99887210749097,2002,59.02755057447084,75.29819186405085
48070,B,155.82151018286999,1966,22.212621233007283,97.33700519356739
48070,D,177.78663560604463,1997,44.97834220202842,155.70303423195207
48070,D,77.54882839589823,2010,37.89943714558185,66.40524497112001
48070,D,193.2689713749259,1980,72.27175241953356,189.27225338329453
48070,E,137.84142493289806,2015,13.673437658058269,165.82503704077186
48070,G,125.22432708028438,1966,24.843035353507172,154.3082898387028
48070,D,177.12247815008809,2002,57.2862123905675,109.15729446945394
48070,C,70.84284368665742,1972,36.007885711471204,128.91055567872905
48070,B,86.74298503577938,1988,74.8858436184076,54.88626186153762
48070,G,184.69667615528567,2005,69.52161667069387,98.32758961547555
48070,D,150.86722101275626,1998,41.726226087500024,164.4538704683555
48070,C,134.1510574051964,1966,23.081649843538866,161.4495224156514
48070,D,114.19769765426692,1980,18.09993096982787,152.18611531882954
48070,C,166.43027590327836,1997,51.74385355770721,176.46820814658165
48070,D,164.09765207602595,1986,33.97795159615457,239.30167565838826
48070,B,46.24412420502591,2011,45.48950792699088,97.6371411199124
48070,D,170.96337390612638,1980,52.58580134873651,148.2956468836893
48070,B,97.97095805655091,1973,58.71707322300488,137.4511678405221
48070,C,80.61444085604421,2012,75.12320032375186,121.7657213828767
48070,E,138.57753827380324,1979,10.072052089575667,144.5497228777734
48070,E,71.16814886020174,1960,75.55985974323377,87.56106336719667
48070,D,198.59106528886267,1956,67.8646003439704,104.22235238708592
48070,D,121.99241197576619,2008,37.93975160397891,175.03196133457328
48070,E,57.85869708350875,2016,49.80075264829984,204.9353536746908
48070,E,114.48084096769824,1967,40.52397813625069,239.77936060708703
48070,C,122.43340215813762,1999,50.8164920424825,60.915218389935255
48070,B,99.0372189833542,1990,10.563683513769684,218.50541025752207
48070,F,102.56210937021213,1991,18.232604424320783,170.04508217209923
48070,C,158.0070841083176,1950,48.20442397839274,180.7835576546694
48070,D,170.18289671860305,1964,41.595359264066225,219.55861800260607
48070,D,94.32316236917521,2005,19.724923593900396,123.27667845131703
48070,C,91.51493062423013,1952,21.307902195748866,150.3449293566652
48070,F,154.71780325819964,1962,56.251872711369074,58.633502856244625
48070,E,93.04846276402532,1963,18.080354798845644,198.9361452849061
48070,C,155.13683358047126,1977,52.440823057294566,152.74945811415148
48070,B,130.82802735691462,2020,14.355588676518991,67.52847576594803
48070,C,178.69504657871042,1981,64.9341242199669,156.12745133313044
48070,B,69.09811640385925,1968,28.155634145423846,67.19567937500832
48070,C,120.9207869116488,1960,22.18352312705942,84.96157875503722
48070,D,74.83001025859059,1975,13.933645571327986,234.0385199534136
48070,C,166.99144344179345,1986,76.51178385341656,103.83072819421795
48070,E,131.1009947290627,2016,61.63278132124929,209.48399425776518
48070,C,163.19136720778835,1995,46.609459383332684,164.5268218099543
48070,C,149.87364669483804,2019,78.46686835209992,214.59006400444324
48070,C,31.478304873188776,2017,26.19919653047383,203.90884349271886
48070,B,134.70364814094722,1956,76.69632098947585,170.77906002895446
48070,D,141.65231893019734,1960,45.14896670499374,154.41676183245528
48070,B,135.66191245003557,1980,12.998871678176302,106.16379404620201
48070,G,35.83603369934556,1957,53.67037791321305,189.15166759843615
48070,C,138.95748725186016,2016,48.49922874799518,223.79988159036054
48070,E,104.52483086201023,2007,47.36681999808414,199.99666340606367
48070,C,110.31863201881765,1978,72.68932112288144,135.16342930234032
48070,E,195.4773431306316,2000,69.2759720570333,61.57049819981828
48070,A,141.70634907704863,1974,13.276977006395928,110.73969382578935
48070,C,147.0766248227723,1953,68.66035531658514,92.58810529601669
48070,B,81.41727030640274,2004,77.28455308560018,73.3093375430395
48070,D,97.18483037518821,1968,37.447746839475016,63.95069706406784
48070,C,48.063512502681505,2012,72.97096515234671,198.36258185330303
48070,G,48.167410391037706,2013,57.86984475246455,241.40602100863205
48070,E,147.55300621079664,1980,47.15655496632913,127.08483561732886
48070,B,130.14466896330626,1973,31.169368927895846,162.953679838268
48070,B,106.04959892459847,1951,59.8424597127299,93.30053513610588
48070,D,83.9923975206259,2014,62.64328494641027,191.87558606197783
48070,C,120.27077249426657,1982,69.4533628230204,110.13037460103278
48070,C,103.57809879951796,1956,13.048260449036274,203.16081760617755
48070,D,152.88191392809352,2008,66.22344487969302,181.40243137750687
48070,E,87.33757396003034,1965,50.128169918499815,199.1227810352488
48070,E,149.5995910459246,2005,33.71278785570534,192.64312928864996
48070,D,127.40632334735098,2015,71.70620801195408,64.01712848382863
48070,C,72.61352110155883,1952,44.53283937575828,83.04757804208018
48070,C,99.13825823808428,1971,51.97169635821101,243.06968933526144
48070,E,188.5395916902889,2019,15.894941784948092,154.97805655103014
48070,C,120.25715707372338,1996,49.50570210429328,238.81332985274594
48070,F,82.05367295903812,1955,12.964685562149928,179.61621496314072
48070,B,116.11383002731154,1987,57.477504232419626,226.89149511210263
48070,E,234.04470675128886,1974,67.72309625215058,247.38459130072005
48070,C,137.48326354480787,1979,49.68509665257792,167.5884476776529
48070,C,91.17605658691933,1984,64.35723599395529,239.7417431434224
48070,C,161.41809787619235,1971,72.41090180325179,128.42520056027348
48070,D,110.80871442144982,1998,29.92799800596112,183.67266945708843
48070,C,99.78173371598373,2006,46.46053766923483,245.4871329337596
48070,G,111.22260406845004,2004,71.42467376834679,249.8445424047798
48070,E,167.88858156394738,1982,72.50098766296713,177.92898875161075
48070,C,141.77199633654644,1984,26.3311601290804,176.6042439076037
48070,C,110.96124536312878,2011,31.048383070661945,172.71186096230278
48070,F,52.03876113691928,2000,55.04748348000116,128.74108458580088
48070,D,13.465070470887014,2006,41.94097492533891,219.3450817579722
48070,G,176.19685991560019,1978,13.178710925859258,79.91794058267237
48070,C,151.41040058981696,1951,70.14168036283803,111.83851986189003
48070,D,132.92008577673167,1994,61.51824097033795,156.01861269495328
48070,A,42.962949102420495,2020,66.41614220999072,156.72491754532354
48070,B,114.74577278692625,1982,78.94674030478853,230.64210125809356
48070,D,166.47036968595404,2020,70.7396263448014,106.82992897800881
48070,E,123.49169043010593,2009,51.86320757269164,88.42856973931089
48070,C,170.38967855698235,2013,22.747648364014623,166.52345029245063
48070,D,96.62267260586016,2009,10.17279520901972,233.52981600437178
48070,B,109.09010798701316,1973,25.965245760925328,64.007045066233
48070,D,163.0687091631739,1972,70.08350695542157,124.40577787404625
48070,C,141.17080219885915,2005,68.55941247134102,109.04180017567248
48070,C,135.30096503685112,2007,22.575008762192894,183.966390459444
48070,C,95.78201370263798,1987,10.24097492610868,233.45960949912254
48070,C,79.94011476266692,2003,67.69045836399239,116.66356303304839
48070,C,87.02042480568097,2000,45.729903728905356,126.23816059204938
48070,D,128.8635076254223,1967,70.60339109277793,154.4520809058032
48070,F,34.63870027147237,2018,32.96554525280166,130.94506228898712
48070,E,176.61436874194692,2011,65.0815438474674,104.73325082036533
48070,C,167.15711279444406,1963,29.476423586489926,130.7912999986059
48070,E,97.45564442603961,1950,25.340147776280624,222.5236203518861
48070,E,94.68071927517488,1969,63.97052070269198,212.7832213132169
48070,D,42.32213885260791,1973,32.81660807681047,81.3344268695036
48070,D,177.74332735403843,2013,46.42217055358458,247.6472059709663
48070,E,126.40875953353395,1993,52.670690741252045,193.4543378374672
48070,C,129.76483279784262,1961,63.32913661486145,116.19568504761052
48070,D,46.15155692126572,2009,19.535629191617545,121.3533163124386
48070,E,78.43118858967695,1950,78.94329743944387,171.61245706102224
48070,D,167.21614910610816,2011,58.871788776718766,143.45016962880413
48070,B,9.966355382652452,1998,52.63463184781488,93.69408620389272
48070,D,135.73392730917354,2012,56.751735695095334,144.2520421763467
48070,A,172.9136603989796,1993,48.581522103155685,243.9053121279773
48070,G,93.06111130307211,1980,71.13389153232198,163.71443062804283
48070,C,30.04995798942963,2002,28.948802664550335,170.36196177139612
48070,F,132.52212967579763,2022,42.22666127981842,215.29987246020156
48070,C,66.52780068022216,1960,19.247798095456687,219.88594794352946
48070,F,60.51046769921176,1975,45.8256495992793,50.504352340564004
48070,C,109.89048323061903,2013,10.477750753684399,117.70892952669429
48070,C,73.14711617669332,1978,50.71834093233761,221.25926175979427
48070,C,133.0209303385548,1993,35.192895685574584,70.02473974397407
48070,A,183.5252690517198,1988,74.42334931705872,164.98251683558007
48070,F,113.39801567588805,1971,37.894138239753445,63.26512226761352
48070,C,100.97301359744742,1965,67.71361863784264,67.30650576478341
48070,C,115.88734179639583,1954,34.43728808147067,238.8795390020283
48070,D,198.49971753699776,1959,49.091444047599225,72.61942561925156
48070,C,56.337635555402336,1977,27.134562526253337,194.24135610661338
48070,C,179.82065946552308,1968,24.579991024496355,208.78774130639127
48070,F,103.86277236383287,1961,41.13623333415508,247.76070504653026
48070,B,155.3448145459256,1961,74.86493772734116,157.20499219541017
48070,D,78.41538553400164,1952,52.64724172630446,171.90031927811623
48070,C,-1.1791406415614176,1994,21.608098322764565,60.629918434589584
48070,B,74.0490104465529,1967,25.247721113005046,185.33166089899692
48070,B,70.97268364418485,1985,45.61750139436965,234.37916051532852
48070,E,123.80416254074314,2022,53.59732460007381,79.42406901351693
48070,D,131.8502482939332,1963,71.70820862783197,181.41481805384242
48070,C,171.3237960204097,2013,18.29696201740883,101.7049477089909
48070,E,115.04868636559733,2011,58.22947978596839,54.075429416046326
48070,E,142.25087989507094,1998,51.017842508992686,171.26906109692234
48070,C,166.48748536638098,2021,69.16694726885824,67.57123686530291
48070,E,182.61003277772892,1977,33.719006610811455,200.32097366462855
48070,E,116.97115298742722,1993,68.11568680998093,63.767170303321194
48070,E,98.62810091830696,1958,73.00094664304495,189.0816724791335
48070,F,136.42020798202105,1981,12.842512011667523,244.7158715521092
48070,B,198.73004052638737,2003,27.820412274974824,55.81164237700467
48070,D,60.2562482081271,1962,79.61011254401893,180.42166810318733
48070,D,35.57615834555874,2009,58.468837125823875,245.02034708377147
48070,D,79.42673996883086,1960,79.70462761276941,155.66471631167565
48070,E,141.55966896989892,2004,78.98586032719349,237.34389586547024
48070,C,74.48631387559774,1978,30.71612656668312,120.97684058537159
48070,D,79.01601917305308,1999,59.52719109106574,227.8555417667199
48070,C,7.930520637299608,1968,77.53162917213774,54.52431142542014
48070,D,154.25346854662195,2000,10.244423102207916,195.56368130214761
48070,D,152.88178323622063,1956,13.140722414381987,162.39082850197371
48070,C,95.4154195620145,2006,17.098570236627157,76.59045415319339
48070,B,189.7781934852635,2007,20.443022384442532,168.40496330554444
48070,C,113.61812901037999,1993,33.775172615041036,122.39081432964578
48070,C,164.165545476054,2014,52.48220772230453,156.03276878028578
48070,D,107.76095266376927,1951,57.09534966262211,149.48733070460327
48070,D,124.94792970819096,1963,25.73121509201886,117.2260960966291
48070,C,169.9690473196395,1959,63.45096488455446,64.06615653688792
48070,C,113.79358125911479,1958,47.48142997532041,222.16024066644258
48070,C,91.02534660994267,2004,38.306334050137195,148.96781356397497
48070,F,132.69578596674023,1953,70.70148676323738,82.32332962095563
48070,D,131.31612688034127,1984,20.659876623426307,100.46110622011821
48070,C,147.46375128191335,1986,34.99247398262221,237.21734718254527
48070,E,106.62448716167314,1958,30.56227611378927,245.66804655931668
48070,C,146.60807826224084,1972,67.25967664198475,68.71956122533085
48070,C,149.80509184048026,1966,75.16810399699911,239.8255361832813
48070,F,90.54299407190143,1958,59.88630054195922,70.1332773038686
48070,C,201.410108464602,1962,37.38527155289947,244.2589823945875
48070,C,121.04289469076618,1976,14.056195948770133,225.7910222584047
48070,B,192.86301179248682,1988,30.909063094107104,52.035000517853504
48070,D,96.76001712402453,1995,66.91513222610052,203.34185243884892
48070,E,101.04651472082176,2010,44.078059955619494,99.7431363957725
48070,B,118.41157871983607,1977,18.60487517068515,77.75792674720287
48070,B,142.10918107013438,2014,46.588164595265,184.6712460767742
48070,B,121.32448756392877,2017,30.1000989537692,219.59011494548315
48070,B,74.95941294943181,1991,27.14219706338861,98.63233755908816
48070,D,104.04519828744881,1953,56.71045272096056,241.28141742198338
48070,D,176.4572463137393,1971,68.11402314595347,159.12822531871302
48070,C,133.33558824137165,2001,69.15786891498126,246.51756231036018
48070,D,47.37372768438597,1987,74.38936172915369,107.4488470356391
48070,B,79.64112743937483,1988,33.037240173343804,131.39075649485113
48070,F,105.95653771011708,1984,48.61527152686335,101.07947483288905
48070,C,194.94792313337658,2018,76.7381362376391,112.35415748322409
48070,C,236.52871467649146,1981,68.94108638029556,118.37626441122299
48070,F,-11.104118201006088,1988,10.323515852380469,170.86532245937963
48070,C,243.13105694261287,1991,45.159609048796945,240.2130880288327
48070,D,204.9568560750466,2017,75.61670825958026,52.5547420008112
48070,D,142.2218375806294,1980,28.230466339645176,92.62456002111168
48070,E,2.936697188866532,2021,76.97782264244964,178.807854505282
48070,G,72.07753093725961,1959,69.24401412126392,213.2826848258995
48070,A,91.2470901906315,1990,73.46588993060887,86.27759740625609
48070,C,61.53943336011549,2001,29.531237863575647,108.97126254004712
48070,E,51.440161884964596,2005,36.651664191627205,74.13468992031636
48070,G,128.07976593658626,1961,19.574834074436357,78.9817680812346
48070,B,184.33459248918075,1961,18.08939575313352,218.5254397725266
48070,G,83.19673907296752,1985,72.58656414894696,61.51836574996972
48070,B,13.8310730800886,1995,48.19142384992925,208.99472703519254
48070,A,197.66115314380437,2004,70.99013450142664,60.594354964073595
48070,E,121.56787542304242,2006,51.24792510318722,85.00622916360578
48070,D,70.21376167551477,1971,58.021171518596844,170.52325538693816
48070,D,118.73660393126707,1965,19.44019332693302,191.50367421226443
48070,E,119.21858213247317,1985,55.331658232911074,145.576598926398
48070,E,66.17606268143382,1955,24.351345741046302,50.32055378370135
48070,C,155.7326385768896,1953,43.53188712830136,110.35151145004616
48070,C,99.66790905679503,1964,18.061368097209872,99.98821692371186
48070,E,161.66089890194206,1997,29.72956709636429,167.77559942806084
48070,G,116.54609391912253,1966,12.528226431780215,171.70762418266315
48070,C,180.96250678875913,1959,33.41453338080857,118.80274165423783
48070,E,64.45415048516303,2022,55.72285214563079,90.58115911103556
48070,F,180.47711598056307,2012,66.77893228447816,94.12266633670852
48070,D,194.61274265877074,1950,76.98159618807793,183.3027357026216
48070,C,66.1090817424564,1991,36.653730051040384,153.08448960138261
48070,C,156.46002231644374,1982,74.96978467853465,117.13708829598313
48070,E,127.11079675119953,1983,22.271763736024774,67.91526745888581
48070,E,141.9685487439765,1966,26.86368853615027,207.6726026996626
48070,D,83.44715544906934,1953,51.70844278305057,52.72282945122018
48070,C,73.38286839740125,1953,31.28316887450653,237.96532852884957
48070,C,170.79282594964886,2003,70.99078882558005,63.721327307992695
48070,C,46.648302428064056,1970,11.038228971820663,228.12806350624373
48070,C,124.26287780007371,1975,25.542513445932222,150.73551468421246
48070,E,109.90685262835277,1981,10.395181539183678,76.80366443282453
48070,C,135.43694736847635,2011,55.697987875540136,136.72401706255317
48070,B,131.5770130344128,1995,42.05118365207024,151.508819664658
48070,B,18.651561720518345,2011,49.06759088515668,94.67206654684806
48070,F,140.96690566143417,1978,32.5625282589191,234.38553412607394
48070,E,96.19949999895744,1989,54.03855535372996,166.83892706691236
48070,D,115.11025014578985,2015,67.80705885091615,217.1874375717127
48070,E,127.36547024899026,2003,56.60995808405141,197.06906436284044
48070,C,120.96169647506994,1987,79.56617686908372,148.0920632018474
48070,E,132.57453584889006,1961,56.02689242879745,78.925178862706
48070,C,87.50394544015373,1985,16.18090130753699,244.11573103953577
48070,C,115.19138664072099,2005,53.87625411718311,150.87449862783046
48070,F,163.7258837270685,2022,12.178410199227388,244.465470179434
48070,D,65.86187429734287,1989,72.99765638573336,107.2224046455726
48070,C,107.86474921439776,1990,66.38688036835234,78.21578430387488
48070,E,129.34635262772488,1983,26.731235269455635,170.55253043443423
48070,D,184.09891811883432,1966,34.17340213027793,168.39451857521166
48070,E,192.82357389027257,1973,65.22708345072422,64.70165536053506
48070,B,76.72818620361014,2013,73.12035371583835,82.72657852583802
48070,C,160.6629783435481,1951,59.73050657686085,81.94175242843343
48070,C,130.54807231384956,1966,31.32282702596551,205.98426330715907
48070,F,105.55855611107407,2020,28.047798715515782,187.9703257492603
48070,C,80.19932734083346,2007,78.73293381345985,209.42776801407845
48070,E,183.91184615359546,2006,24.25923041596034,202.63797414389896
48070,C,57.67492134484729,2021,71.33203290770176,50.192992368712794
48070,G,50.67296717570234,1986,70.07290871984787,224.1679071734481
48070,A,59.13027793322379,1971,47.654029013841715,93.59966087768692
48070,D,242.58493379505447,2009,50.08578737979749,136.80228226212574
48070,G,65.7152134001679,1994,32.38742007605926,137.62013775820978
48070,C,80.46446902557167,2013,59.30198193053263,130.82722222273844
48070,F,47.22632621913421,1966,32.108204660713994,172.32357655083263
48070,B,117.18915939357639,1957,16.797970725956123,245.0358272509382
48070,C,115.31861070156955,2019,73.91761508436846,208.25696578508018
48070,C,108.93259158056608,1984,21.425397616505002,54.456485614214124
48070,F,147.59846816924502,1999,23.613756151132222,90.00972663072646
48070,C,231.57481676012333,1969,45.752753198843806,229.52813866526427
48070,C,102.3760527206676,1991,77.32260442865356,140.2779797667995
48070,D,45.959970395308304,1954,73.8884661411091,53.11751695507279
48070,D,144.10466620983007,1986,79.92590993979171,166.31754659213794
48070,B,160.21138497691263,2013,12.609644597626952,209.69596689094868
48070,D,46.11443403413372,1999,65.82251432608362,216.49847401122884
48070,E,175.46039912933654,2009,61.68975708700183,239.67688525452334
48070,A,89.4889653731073,2014,33.51766508328892,115.84840670492613
48070,C,104.10687816252808,1953,21.503842085978743,54.10450234250306
48070,E,175.7776862538124,2009,12.744104935776921,81.67089607541267
48070,B,-29.096595642173753,1989,64.1729068276776,244.87171992317772
48070,C,145.32747175009365,2020,74.99280566766097,187.25735252340854
48070,D,129.65254014790574,2015,11.169426433809614,85.69441884282446
48070,C,44.10244340783741,1950,14.56628628872408,65.59001388618375
48070,D,136.41942707765014,2015,42.012396934749766,93.13263196348278
48070,E,71.2391103191,1967,64.2937435665684,88.05501844673789
48070,B,68.93662363443184,1965,31.11345159597331,223.51687059369831
48070,D,31.436389214029845,1953,31.504587077623334,80.81215874610686
48070,E,112.20954589090466,1997,54.57430985251771,137.74178029850515
48070,G,103.83231652806423,2021,31.7370698539404,122.09187742135032
48070,C,186.6980696144666,2020,21.352717735039043,77.80321055285535
48070,D,133.32916677142092,1968,56.4790803306911,98.14822762312397
48070,B,74.86354492597113,2000,58.971751697241444,194.3540554635619
48070,B,0.02961278026106129,1981,16.828380589036982,154.93509260225102
48070,C,150.78203584231176,1963,17.761642601893953,186.51633442848296
48070,G,111.09678749410482,2008,41.954114966219834,164.07842681135259
48070,C,157.63017619531126,1990,58.31704010641856,168.85456211987048
48070,B,90.04729098539231,1958,55.3263291109332,137.54192928334783
48070,B,160.0819858451846,2007,67.38910462080136,143.20682390000738
48070,D,152.18670005960547,1951,31.357849777488646,129.76430628150877
48070,E,119.1952781421969,1971,22.66118267549881,87.02930834789031
48070,B,9.562330524621899,2011,33.659335005443864,165.23435730811536
48070,D,58.858126732196666,2022,35.191460863368405,104.84152101204896
48070,D,122.66799322628377,1953,20.161459585289087,236.63270230997605
48070,C,192.50418253622632,2006,58.92672851638155,67.57140271626912
48070,D,185.7206044980502,2017,47.624170698393414,149.69804540688284
48070,B,179.5364324489923,1978,48.41064418443515,168.9869686994746
48070,C,208.07509467460017,1986,52.757301026607934,207.83995135971688
48070,E,89.45146045502389,1997,16.668344593781914,101.3967324974965
48070,F,181.4466913008504,1962,33.09306721043451,87.9177862195434
48070,E,74.24585035738247,2006,60.035340490646504,106.13929541608809
48070,C,59.52455795916261,1963,19.01958165578509,200.55632859217096
48070,A,103.23495794382767,1981,73.88998604756239,147.36863316691228
48070,E,126.05890128062234,1970,62.809892041194956,96.42779047306655
48070,B,83.62675967728603,1953,34.04730612070442,244.09741812741288
48070,D,180.87740109753577,1978,47.159942217981374,243.77462773652098
48070,F,165.653540296443,1972,53.74906551934366,87.68289570909467
48070,C,121.35052771509532,1955,10.949346692312945,159.7493330926835
48070,B,71.07037307338197,1965,23.372483443205383,176.50675376088793
48070,D,64.93137511477018,1979,41.71047695854213,230.45905774808452
48070,D,168.4382801073916,2017,57.70121132838746,237.53075711159565
48070,C,128.30820914436717,1981,20.45108394004788,85.19226373219712
48070,C,121.74984030043447,1991,72.13120984727828,184.03251550785643
48070,G,113.31763991988811,2006,16.150748510748013,77.87945349326878
48070,C,172.99488292671967,2000,54.73805898728622,92.28260315518082
48070,D,107.83832407968208,1988,17.665432636411474,204.80426115340452
48070,D,141.30837899416593,1980,50.20993180800934,52.61472392108946
48070,C,155.328788999053,1959,17.672826559907406,241.09596138908302
48070,D,49.66954989983779,2020,47.18076116294769,196.1182866193234
48070,B,170.1499258454569,1969,58.21088642172034,240.28278287145415
48070,D,100.63802445434776,2008,32.76667624746972,196.5593439382306
48070,D,81.9935793391264,2017,60.87243925984337,125.05297514711717
48070,B,154.05066438657795,1980,24.08845215826247,147.01053361909453
48070,D,79.22324614927493,2010,64.4988821938077,109.86729143787306
48070,C,15.876401164866422,1980,51.96036503914288,219.9411846449236
48070,E,187.67175314538753,1965,32.78625871418856,103.51272461630148
48070,D,89.6426161686344,1977,67.69137772384187,83.3426223233855
48070,D,168.9229899992467,2018,46.28507864113535,149.2749615945708
48070,C,104.22161537327389,2015,61.01330208326685,70.83414533240766
48070,E,167.32742638583912,1981,59.936698692002395,122.3103853072266
48070,C,81.71505148858523,1950,60.41717805424873,181.903990933991
48070,E,120.64945969508567,1966,69.51053483974484,99.4128881579289
48070,B,99.8808576661104,1961,39.900922880477204,54.96688149600286
48070,B,144.48781131812896,2000,78.71469019011052,121.96189545372668
48070,C,124.55453932422962,2001,41.43773086056767,89.58995660979004
48070,B,91.7917373538011,1998,72.62341883476469,237.35441393741712
48070,D,136.0624961845411,1964,32.575433229147386,195.85045388064722
48070,C,83.10508324408451,1989,28.322022052817168,234.95373728718033
48070,B,105.823006096254,2005,68.70027950307586,189.29971456899563
48070,B,150.64105222214576,1973,28.361828943218313,226.94425455112426
48070,D,61.98315719499243,1964,23.44438305575487,113.01469232276646
48070,B,191.58747421205396,1990,52.024827985635724,146.45074771212433
48070,B,129.29651475285831,2009,48.26927104720271,91.60076208506023
48070,D,72.93534319317092,1991,37.61342086874831,81.898126766242
48070,B,126.5880938000195,1977,79.18646586851378,167.5424392911833
48070,C,174.61453510123667,1977,67.36497080643127,221.48073600223816
48070,E,103.86143532005386,2007,64.57137672052808,102.88999015181967
48070,C,157.91686772086072,1996,79.71818409602551,98.1489093942758
48070,F,133.85641356108127,1991,22.263849796671288,134.88383183352832
48070,B,93.21946944836574,1952,22.468995550427934,68.67799551409752
48070,C,51.90432357538333,1971,55.639659846450066,60.699641617737
48070,G,153.55308292218842,1988,40.39407195842075,197.64086072145778
48070,E,173.54368862621322,1967,55.39383393090895,166.7393165606831
48070,B,113.37754064050732,1961,53.01703932848398,69.6062559027051
48070,E,211.77869861914138,1952,69.52506736676756,246.13083831250776
48070,G,165.79128827648083,2017,47.399722165982226,190.66261629355532
48070,D,57.08429825099307,1953,68.63196972540392,147.93117157433966
48070,E,41.906028193881994,2006,37.835490082610896,190.03734420238638
48070,F,87.70459133688516,1953,13.252303405533674,53.1481222233436
48070,C,171.30070628536487,2021,20.68021210715269,201.73751092965483
48070,D,86.60083621334428,1974,68.00632631180937,223.5959544879495
48070,D,102.31081303061717,1984,39.729957367370375,166.783675708463
48070,D,135.18761550736946,1974,21.08166719687371,226.097436529388
48070,C,124.5537191934114,1955,56.84805185951568,233.19081699439656
48070,B,116.94572750278212,2002,69.30854887334746,55.24775775646582
48070,F,127.81992996704564,1960,40.958882017185445,145.21827797686717
48070,D,28.829028622208483,1956,16.0945292319077,147.88903624624956
48070,A,180.54290547320193,1950,65.15146711922775,70.90507620401989
48070,E,157.6967802491728,1992,14.122742779940062,218.08133111274284
48070,F,17.05788763736676,2009,22.93428625842617,218.33801919235302
48070,D,72.0363238695152,2012,48.795030072321794,120.26278416437115
48070,E,155.291450916238,1985,17.309018393143443,103.3613350623322
48070,D,93.77922719407206,1979,56.25819089689366,52.587378455071196
48070,B,159.43982208763902,1973,21.757367747711402,177.91551196970363
48070,B,80.85811354103159,1990,61.84159396333308,106.9214423654084
48070,C,148.052650175931,1964,28.14337147753819,203.42291223599983
48070,C,102.5542799445488,1960,52.078959460736854,60.166419706824655
48070,E,72.92113747002091,2013,73.08783579720522,111.45099622576222
48070,C,137.70945466074772,1996,12.3054708480892,104.74717176996774
48070,C,143.20323338525867,2021,30.028463547665105,148.64296871911873
48070,C,258.3248744561997,1989,42.15334469278101,186.04723925662222
48070,D,183.5470596788664,1986,45.40886037213413,178.93934367022362
48070,F,117.71785733331023,1968,79.25485105892633,144.49700507427644
48070,F,121.0420741068886,1960,28.64764416346788,193.6780979207229
48070,D,216.28677102292997,2021,11.830930117268917,138.20532470311346
48070,F,104.70157514273897,1964,30.492487763090452,246.81191447708224
48070,C,73.562172015567,2013,79.42997566733959,165.26860259631974
48070,C,113.09097533338635,2012,11.16313587090124,217.9044111444424
48070,E,111.15499547545787,1959,64.701422280331,58.75678413397498
48070,D,91.41307088874053,1989,43.28869894016664,188.31167336510865
48070,B,182.50724083900596,1970,11.975199851645815,118.23638228167323
48070,D,36.19484230437122,1982,11.54656229733424,120.94075162484181
48070,F,141.2459801196842,1950,46.99509037829518,224.09566746212437
48070,C,203.832540138068,2011,17.956450942999474,203.36606840147869
48070,C,56.864131519853096,1971,56.63382451897971,167.54365668008364
48070,D,114.31349510161311,1968,51.88652602396475,135.95496688827322
48070,C,77.90117354689491,1996,34.527463397284805,193.67565695523533
48070,C,97.7916289318143,2010,55.2747708004213,130.99855418324523
48070,D,110.76096171572595,1965,76.11282669680784,50.53419867353266
48070,E,208.24400160853304,1978,64.96914762597976,112.0800603866327
48070,C,92.81482159201323,1969,32.523939917394785,111.67634137194705
48070,C,42.249835816544106,1956,78.2493325688088,188.62221190941145
48070,C,107.3559967110813,2009,59.27083902577314,208.33467211553494
48070,E,-2.0853493451243423,1988,28.205959529551244,236.91745628336793
48070,C,103.32450853958106,2021,31.2334767676491,198.50743249109308
48070,E,89.17712709343775,2016,54.89386730429976,105.63478397506474
48070,B,161.12451586028064,1955,74.26080926758094,119.07704697434427
48070,C,130.61906562880253,1950,22.763013378854986,169.42669704348543
48070,D,73.84404078817352,1976,15.701795031408029,186.4251911013068
48070,E,116.37854651788584,1964,79.46168095183482,198.0788060015743
48070,E,119.87400326684826,1992,20.18567519517248,137.27026479263785
48070,D,97.03008903351781,1992,39.82780054520949,87.34039691166149
48070,D,120.90244356227794,1988,70.0436965006486,182.05455655243426
48070,D,93.68452381265102,1967,76.88114372732942,50.246904920577705
48070,E,-37.69950277158523,1960,55.70111650791119,113.97060778594201
48070,C,144.9461007600073,1976,48.62839360360865,236.05996308665996
48070,D,101.89342215228335,1981,13.25986289037061,152.12836970581174
48070,B,42.001089854319744,1990,62.50238685628327,138.39307106227648
48070,B,111.16991405670284,1972,76.1371950085005,209.14944155790204
48070,E,188.84188114094312,2016,78.2614365940338,92.67403143105888
48070,B,155.2094372005986,1964,63.6908185812895,91.9854854558986
48070,C,108.27519203603096,1978,53.0833823183322,128.2997997227112
48070,C,84.35719438780407,1978,35.891147702957454,65.9514083442057
48070,B,75.33573193185036,1955,53.42372048433996,182.93188270781974
48070,D,135.8918815987348,1979,50.76321355638063,84.22448439611333
48070,F,171.68235888393684,1963,58.94672961048893,247.09635011432033
48070,B,44.400735471587964,2020,66.47681786236504,243.26214177848254
48070,C,99.3091181972902,1969,54.032123194587314,78.4885267664871
48070,A,86.34990397750158,1968,79.12876802030958,178.4719647433556
48070,E,137.70178136051942,1963,39.540336409401164,103.21921848190965
48070,C,258.86804284193624,2014,30.438320606589507,234.12277959006963
48070,F,93.9462572102932,1984,56.40971274792305,126.45940299219247
48070,C,59.061188340540895,2007,52.39279152406505,137.78598871659284
48070,C,85.00452941163,2011,72.99651027065622,67.418850179091
48070,E,120.21110598792954,1988,45.24839310833805,116.45086363787681
48070,A,-33.49200359194188,1974,58.296213742949,51.3017293769219
48070,E,285.88435269924946,1973,62.11970366472215,133.8062834168255
48070,C,59.3536262161876,1996,30.735068315619387,69.36241131902862
48070,D,191.47323545382773,1993,13.871048042984388,168.33789474862178
48070,D,126.92552915088676,2010,48.975838839868565,249.05604826279097
48070,F,152.08449863179214,1962,50.9585627540008,195.04007931915075
48070,D,100.12990911982403,2013,40.040675318632836,195.5254581142018
48070,B,104.66136576681848,2015,44.17116347940552,95.57861954198535
48070,E,104.65018214186982,2008,23.301288344082273,193.85426075774086
48070,C,225.38156643513037,2018,51.08898381047526,141.98643932507775
48070,C,62.92988242687385,1988,18.86834262336347,83.59084087348285
48070,F,207.36667302702477,2001,74.44725673677412,82.24248278367398
48070,C,102.9410451087588,2020,75.81533730210954,193.86451076094403
48070,B,83.19357148114304,2000,53.51638908425308,241.27634896677714
48070,A,109.22511112694495,2000,46.9100706823579,115.12290142549249
48070,C,74.96307816906449,2014,21.24895285378925,144.73295139043765
48070,F,225.2089637558384,1997,39.73874386764893,103.86839994995098
48070,E,198.9909622416444,1962,70.02412900566148,210.05133586089013
48075,A,203.58142289565518,1978,36.96755028533454,141.94219368967373
48075,B,161.44862203869445,2016,46.55495757394072,180.62715455631502
48075,B,98.64884030220423,1957,40.96723819752197,210.50871379531134
48075,F,126.83526613786312,1998,68.60229085476414,53.03459683436695
48075,F,117.30186699676332,2018,11.679258523566459,161.82765376795044
48075,B,106.63933653150399,1952,37.850061276607924,217.98816342938275
48075,B,54.373249463738134,2022,19.214843111478196,120.1545169202259
48075,C,107.34353148974913,1976,54.82842818437719,233.8789682417357
48075,D,171.55292732049406,1967,18.84156002186265,124.32676251454957
48075,D,97.02756447340818,1954,64.2730286667398,141.08056070993285
48075,D,131.10836704970026,2006,21.55261313640584,249.4764987650739
48075,C,146.8412341977838,1956,14.468008271346054,242.78315811716593
48075,D,202.73173742010442,2022,44.22253681848678,154.3831741364637
48075,C,63.824482730827604,1970,46.48620532106334,211.3096870322116
48075,A,105.2227599370493,1959,13.764258956410103,205.84533021645106
48075,D,100.80281889682705,2014,33.00655917738116,207.6431362789008
48075,E,113.2434996462149,1971,33.82706969359386,198.35189537819278
48075,E,57.65847399283585,1965,14.57145336689512,208.73425706112977
48075,C,33.01273337596595,1973,26.125736439737125,102.71277783710349
48075,C,80.2250297699928,1965,38.70797182436101,138.47295983263845
48075,E,136.4153587810667,1986,11.430321625006751,153.81984835243674
48075,E,114.43798945300875,1977,29.500962099294593,165.60802232576003
48075,D,88.12041998854089,1986,31.203143164633698,205.8613302376863
48075,C,80.96020231267549,1982,14.103327942950632,197.9817423177766
48075,D,-13.146602135644457,1975,50.43043619173781,100.30627808299516
48075,C,80.64347036955226,1971,63.82366076832326,222.6608572870787
48075,C,14.825431853855363,1999,18.218284365451993,133.3813930446953
48075,C,139.10656379454016,1950,22.329879371192362,213.48628184277393
48075,C,70.46512452318838,2007,59.63606769966947,207.0535122017773
48075,B,182.0482799369266,1962,12.004219331354907,237.83184651102385
48075,A,135.99115313070328,1954,79.96626919908171,166.01289079687785
48075,B,87.72187892414371,2011,47.39893406213383,245.23627994565095
48075,G,121.37042636516334,1962,11.065573004404357,190.16049626038878
48075,D,174.32652789494108,2001,56.374117722482104,115.54066976902378
48075,F,146.15800167010812,1994,35.45676794060212,208.37927247895988
48075,C,125.08666774037312,1961,38.59056738244396,161.96736057071794
48075,C,36.29824976212127,1982,43.77495624060223,214.70567519624944
48075,E,147.71272380132604,1975,70.74187410701865,128.2780052939999
48075,A,160.4527144543889,1968,44.87178909811417,75.4752065055702
48075,B,144.21627188513526,2005,24.267307612941828,219.38468362195906
48075,C,87.12048588550977,1987,44.21641354144594,196.3097365077132
48075,C,169.17382202812811,1975,37.59093260937621,141.7116964581304
48075,D,97.98016784440003,1958,53.963817180529766,74.54818929179656
48075,D,95.36725733932983,2012,14.934586499679753,106.70920490516295
48075,D,204.1986015034669,2014,15.697586160552584,72.9387784229566
48075,C,155.36247386645044,1987,67.88851792388216,84.83353618422427
48075,C,145.8918721492529,1982,45.098459039661,103.94015304913675
48075,C,214.29143818498892,1973,71.49114390657556,125.3899822332779
48075,C,84.74215634734189,2009,19.886066721806955,138.02318151535474
48075,C,100.81890339982425,1998,73.61297718533017,197.92199972066533
48075,B,132.90004988347474,1995,36.646277078974066,140.14492182090757
48075,D,-9.103204404811237,1962,74.44312589579518,201.109545168272
48075,D,204.7297693516979,1965,15.218631940916248,146.57829119885537
48075,C,142.55975426384563,1991,74.39314879619282,147.86039476737375
48075,E,110.04334031390688,1960,67.10261112199804,62.28060385907121
48075,C,6.392917221469645,2006,77.24751865706409,215.76288374235997
48075,F,40.550519876111224,1991,23.80413991957233,171.292737035113
48075,D,134.4541093090748,1986,44.16437219394304,82.6728043801821
48075,C,102.07261829429855,2014,10.647774415187444,245.25396100659046
48075,D,41.794911826036,1986,48.74702734812935,65.5948847043623
48075,D,131.24083683457374,1956,62.55311321976498,151.15872009059632
48075,F,45.60753108842668,1978,68.34664095266983,106.4997100345704
48075,B,226.2438622740092,1981,11.655806116881893,237.92783830991561
48075,D,126.62074882768172,1987,76.08900193107657,181.7636196416107
48075,C,92.81294448170375,2013,35.219201008670694,116.89612162481133
48075,C,157.9038365979912,2021,77.87382134163371,135.54510307086383
48075,D,204.10803731418338,1982,41.71877848325234,94.51462225772701
48075,D,109.84218168331094,1956,29.132205610987047,173.15247353460364
48075,C,135.5093258414352,1969,25.927543188608283,228.07842699336652
48075,E,55.2472437297412,1959,29.247137727783226,237.59770554441124
48075,D,41.961588665165465,2022,49.37327348148966,79.80046096621865
48075,C,57.04217789296148,2002,63.305511677356655,223.23558432901046
48075,D,172.96245784138785,2000,31.859990312247863,95.71741174096337
48075,C,70.1121860446533,1986,42.93124197115418,76.11466615732797
48075,D,148.35109164516132,2021,56.75878464805761,179.96446732999354
48075,F,165.4982068705648,2016,74.1916976664486,201.038451925149
48075,D,152.76334444264333,1967,58.900455010761554,227.35272900839024
48075,C,79.8252183202209,1963,32.772947873489905,134.33874274363635
48075,B,197.89758787152834,2011,71.76948459408652,122.1699852558718
48075,D,176.1385620116671,1961,61.65299103660076,128.50153811028053
48075,B,153.05927374080022,2007,78.80336630017828,216.98816064274249
48075,C,103.2652515745867,1973,26.141960439512815,167.37786348510093
48075,B,161.66122640724822,2000,17.524952469456963,104.65249091111646
48075,C,110.88426496415033,1971,60.12095486529905,180.7842739851503
48075,E,125.32177082156444,1981,75.88014630427159,172.15685396090754
48075,D,77.36775451821742,2016,74.13636833192506,52.1790946050686
48075,E,180.4329054188217,2020,41.91462915902626,220.4695601905276
48075,E,219.73669763541113,2013,18.427802283690646,248.68327145516187
48075,C,86.29405104933568,1974,45.1008522999087,212.8119348896684
48075,D,122.06928811535572,1969,29.662085562676403,142.56057563181673
48075,F,112.38112513644114,1985,71.99352764212631,192.56111847833807
48075,D,44.018290674118745,1980,40.130660455803636,91.53641659289136
48075,F,102.06805546059353,1978,58.91149936052104,144.7412415378617
48075,D,191.1297598894988,1993,64.38117385531751,162.64701377503596
48075,D,144.3447405580982,1991,57.55221559596865,72.12211226100595
48075,B,172.96701511031063,1987,44.28501846428864,93.95025287681347
48075,D,154.8154674343345,2014,73.33388609953658,213.71005023888821
48075,D,187.13266225057396,1954,32.9070190300034,246.7971977288788
48075,B,212.3533608944208,1985,36.79055122991072,148.6917987443881
48075,A,110.60885441798598,1961,59.77777938354022,204.8720772363176
48075,A,103.80572180925058,1950,37.80629878093615,224.13890045123074
48075,C,166.55742656862319,2017,34.95795002499906,238.11185215136896
48075,C,47.735999829510334,2012,45.32305770696235,178.34229645685758
48075,C,100.72995117515208,1960,22.406469189820466,180.0999969027881
48075,C,128.35215520845722,1960,37.9492768810904,199.1929694956519
48075,B,83.60250662628435,1998,58.47801967442259,108.49668862098525
48075,D,102.25393231503833,1972,60.354908222536615,54.0010328852337
48075,G,153.5298313055535,1954,75.80065283311285,241.0871691587323
48075,E,63.047855571095575,2003,69.8278245665008,196.46981392957957
48075,B,87.09455953086169,1952,61.93175178262185,186.58755953986923
48075,E,69.12544685559608,1981,63.65666436231016,80.2343396564651
48075,F,164.63062304221478,1988,49.475923875114084,130.86522456989576
48075,C,164.62159150821742,1954,29.553171297123843,184.95260827828375
48075,E,92.30326580788788,1988,73.10105800944726,140.9007201965204
48075,B,156.46848975648754,1999,43.108863665649366,202.53448479531082
48075,G,138.3523396464984,1965,38.6689648976956,208.98712735815874
48075,A,133.99059271511777,1976,37.74843076079593,234.32284465608893
48075,B,169.4700531834855,2019,50.600460274665565,168.56235918786183
48075,D,165.17856960178005,2009,25.291914920472816,210.01341525019782
48075,D,149.30128933533356,1988,65.73496383125304,62.86483890580989
48075,F,206.37364040697503,1985,16.64224226674758,127.6926682346881
48075,D,183.72240262776046,1978,30.705057974546385,53.17488435876956
48075,E,234.6838538191058,1983,51.21862285392819,57.84370025600292
48075,D,208.13949943596768,1971,25.470202462725343,197.7462210924806
48075,A,131.519458520411,1978,46.17031277614965,86.48187965302445
48075,E,99.0697735000341,1987,39.34806688979298,227.413952583147
48075,C,190.93167821259843,1971,33.038078902637906,204.2402058073267
48075,F,138.88092032100465,1981,45.53621455133049,178.73267345287468
48075,C,142.1837863444058,2022,54.38338635054555,197.7943063906579
48075,F,122.7869886663184,1971,10.773807908790667,158.92781112357162
48075,C,153.23815448621812,2001,68.37644791624197,71.75364631075531
48075,A,197.12395793822168,1964,59.08667945329593,236.38425284776181
48075,C,119.71238365690652,2022,32.997458161734414,70.50962518492932
48075,C,100.01033227562138,2021,40.36037390541078,114.84477771184403
48075,D,84.06830349735945,1999,60.95143354498212,132.8123880426683
48075,C,108.43120212549806,2008,29.954818833060415,51.97757300338415
48075,E,118.86612372563295,1974,70.05769638690913,164.94673030777247
48075,D,85.68134203972063,1964,41.43204719101559,82.70524172162408
48075,B,123.34162207682031,1986,42.546851653241134,180.6916556410792
48075,C,121.27203410375157,2000,49.483967134065175,53.35554285310899
48075,E,61.87905180354732,2013,62.401000869826184,80.12005468551855
48075,F,172.38507844388047,1958,61.75890225785731,206.20614086678378
48075,C,138.25803162375846,1965,17.263757631523447,85.72838618369053
48075,E,116.00705421295243,2017,56.4900630068957,69.66473341839276
48075,G,72.20491282912874,1998,53.841163268471554,213.81149113386996
48075,E,153.40004369707117,1996,49.078174187401956,192.7781926148065
48075,A,97.00842189676851,1997,34.199189339550855,211.28149085844856
48075,B,122.02677390825357,2004,20.215028571463314,175.8093987174101
48075,C,70.36564085474927,2019,23.035512662278073,113.12762544013074
48075,A,49.798427409836506,1976,50.00611447165034,219.3515861174689
48075,D,187.7372116808403,1993,25.51649317910954,133.12544770751865
48075,C,245.32749453262346,1967,58.07812770260843,152.9626580363944
48075,E,102.50552880341807,1966,75.92932458619133,147.5908497162169
48075,B,70.40248599015877,2002,64.28977034666022,74.91107767989786
48075,D,118.14443310891875,2020,54.65312103345235,240.6526673441737
48075,G,149.36909291439645,1982,22.16610422616612,82.61000400174123
48075,E,123.02305057270158,2019,34.748729381070824,230.09141454959646
48075,E,112.12430061049575,1967,25.464243702312345,184.03983326298848
48075,F,83.86435658071079,1955,52.17046789133083,245.12774381952676
48075,F,202.6817608014929,2009,29.6578248062879,172.98887233158092
48075,B,93.26245977045426,1974,32.416102867796525,136.88919024397572
48075,B,225.76716095810917,1959,56.6055166638331,63.28832636358006
48075,E,117.54131078647237,1984,37.9020668808633,165.90748560635893
48075,C,69.90864911144159,1973,38.56071620482757,114.763706911655
48075,D,161.69359957148356,2006,35.71711024063705,222.1580762060929
48075,D,87.66721832028536,1975,37.05358249912209,157.15981311312902
48075,D,63.82641404897917,1950,76.0728523178287,230.17977099903658
48075,C,100.1892421361119,1960,31.277919317970383,114.14081867271386
48075,F,148.88153626729869,2008,65.11676977910639,59.07545055606449
48075,B,142.8835805596793,1970,47.707074998713594,218.72196582748836
48075,B,178.2578561947261,2012,74.80921641135599,107.95017775579072
48075,C,109.19204881101373,2021,63.4294519448884,195.94709998367904
48075,E,179.65197736017433,1955,19.302194244340733,126.61738262290336
48075,F,112.36634468259399,1959,38.086042668642406,213.97538236521564
48075,B,84.31603312698311,2000,10.25311032400974,71.94748944249
48075,C,139.64770315867207,1990,24.853807886148203,174.2710309985109
48075,C,147.98892473933125,1995,76.60797045715873,134.0470926383948
48075,E,79.2786684378436,1962,25.7568075274392,107.90986461645961
48075,D,137.29935414540108,1982,21.151751486751046,100.40937193441411
48075,E,51.53989999577543,1955,61.2933302967178,75.01424789011381
48075,C,104.77995299407495,1953,36.589824013371654,202.68897911521287
48075,D,100.6431211674709,2002,20.249857915423,132.0631102947779
48075,B,94.96593000955642,1953,50.19866827206287,67.94097540839357
48075,E,160.87424903851596,1993,32.63261696687242,145.71174301607053
48075,D,144.4619887706178,2000,67.64869090235959,228.67410442811712
48075,A,90.68511189956573,2007,19.81094951914912,121.68514847602975
48075,F,74.8650798826217,1980,72.27018941335263,141.46733600316168
48075,D,94.69308719739925,1959,54.129121989338294,63.73693724387775
48075,B,49.73317404188511,1979,14.327098569111776,226.18175299822013
48075,B,69.94312210574252,1973,63.542267002780065,149.8924268345828
48075,D,200.0198649444647,1987,63.25002395087649,171.46174858425508
48075,D,178.93479923596314,1987,35.11627163982068,132.4098451778772
48075,E,25.783499052357755,1989,65.00395038109008,178.26377603263765
48075,A,87.49546489432717,1985,12.206552971497905,136.68174674269528
48075,D,154.2376337292936,2011,42.19848194578861,183.9610082476639
48075,C,88.25986582663069,1996,70.79809172440939,69.21054391791085
48075,A,143.0479320928651,1972,35.13674684754737,74.46086325874477
48075,C,225.58066092089865,1952,48.20810067579744,107.3612874142402
48075,C,146.1383371183359,1964,43.95720887573459,198.5607491310597
48075,B,111.5873869110532,2004,68.77238156933615,100.53484239151538
48075,B,135.11114952453937,1986,75.01538521028358,117.36580066304576
48075,C,167.23158845574073,2010,72.94555063823091,102.1354253668973
48075,C,171.63626120012395,2001,43.625767473005304,73.87815545314167
48075,D,92.7347310169571,2005,78.29431457558537,171.55464477548043
48075,E,126.13191599426642,2002,32.31753272742412,208.5249802901657
48075,C,140.70061898922933,1976,43.6607221045358,118.05729341967938
48075,B,111.72307996236627,2002,32.12558030756535,210.1382927148571
48075,D,160.7926755039258,1995,57.10792827509255,60.78949536722244
48075,B,132.6463602106563,2021,61.85276609043755,205.69536582324736
48075,E,176.19466450856243,1956,40.50588623980303,192.05645689811357
48075,C,62.10021816528878,1961,39.10879870013982,82.39658538596487
48075,B,129.74194094927984,1982,56.677362780709394,145.9254474434845
48075,C,85.14605435996516,2002,17.488726534243927,202.29386578746335
48075,F,128.78138563411332,1990,18.015615013858074,60.56767499110947
48075,C,41.84806929662432,2002,75.41959022949972,107.86086342081065
48075,D,76.19985548981487,2010,23.54009715856489,66.17452076950005
48075,D,156.30795607877815,1961,51.02749825560559,113.8054536746699
48075,C,193.49266942837886,2003,10.322695518121773,179.9361675890768
48075,C,54.11992807562861,1969,25.425878339654403,94.75445831617068
48075,F,92.52277045949776,1982,51.22085731450479,87.32429831336535
48075,C,115.95060452989163,1998,30.818090485567943,236.63311499430185
48075,F,130.2950353400173,1974,65.52508752092324,182.33687124733297
48075,C,172.61207054719586,2009,11.30819184857787,121.37750932814401
48075,E,143.92936634010013,1972,15.162091559881247,225.9043185172175
48075,C,54.46926575260217,2011,30.417880710262782,81.15062811838796
48075,B,64.54089677981145,1991,22.644558566327277,199.00730682031843
48075,B,117.64694029644144,2014,62.04499049988675,169.1829590099813
48075,F,161.92065525381676,1959,49.252694094560546,158.6611853133309
48075,G,130.6691777180487,1964,62.226042597513924,168.33608390640032
48075,D,80.42661787435732,1965,26.843765871057,230.3290846510177
48075,D,60.90530128140053,1995,56.35750499664552,198.29818519736168
48075,D,130.55586188604377,2021,11.399488035203445,203.9316393223753
48075,D,105.87568812132396,2007,10.208609154763167,100.64466150267792
48075,C,106.67138575355074,2009,58.146303354305196,208.88020197838898
48075,C,95.40602725927664,1968,69.83715951983825,225.61159055836674
48075,D,110.75096304038301,1987,16.990714704539293,78.05646171993538
48075,B,23.69934665796943,2017,16.72122081984943,161.45726540003346
48075,B,271.5159073273154,2008,47.99213036202454,83.77373842994655
48075,D,84.70589802092093,2008,56.20819672876078,176.1982308427285
48075,C,200.28450539104216,1981,67.18593990690147,209.34720777824452
48075,C,76.23382162044774,1994,48.028748911889075,152.3511775114349
48075,B,164.51676574910348,1961,64.2401932555601,179.79643964756883
48075,B,128.22090935625383,1987,50.56775404456078,122.95676267404959
48075,D,33.433771056184256,1955,22.768972310637615,147.56832869555558
48075,C,95.05106284720573,2019,20.261888949399925,181.2142233954412
48075,D,102.15603054543921,2002,66.60229765216843,163.3599687609422
48075,C,139.3026644587145,1968,37.32662731006967,142.02544333335885
48075,B,1.0870189557500112,1975,47.806539476840015,66.12225769324351
48075,E,103.19397009988545,1975,37.52676022076359,213.5221061834487
48075,C,79.76955903793387,1961,18.467043322816643,247.5411619432396
48075,C,135.18658108336632,1959,76.38801227417972,243.71440300983966
48075,F,187.74341888026154,1953,38.11330018554659,132.65020064665526
48075,C,99.38031056633332,1983,41.67290352900397,152.15659810309594
48075,D,123.60997641248561,2012,61.70994763388493,173.72830330925308
48075,F,186.62050292103578,1962,55.171415031232364,79.38759918920253
48075,C,205.8790102522159,1953,59.41426774187924,189.9647466687656
48075,G,151.9681421743315,2008,39.09490966534812,64.39638741128574
48075,C,149.97319593125872,1952,68.79358324112496,97.27288414113906
48075,C,148.57148091232412,1962,24.051952821602033,230.0433004761213
48075,C,208.0314017312246,2005,14.518346351671827,180.2679881739021
48075,G,77.97826186651466,1958,37.5933060734893,126.80246510385842
48075,B,147.97417396514982,2005,22.74473285946172,61.244983164838644
48075,F,152.92318590044573,2008,78.37805253130962,195.77067397475315
48075,C,165.6640309020142,1989,58.433576181253024,76.95861727650406
48075,D,148.41760742713214,1952,11.955506312016839,103.51147234536171
48075,B,218.6823726509,1957,70.87404349242337,141.24662971350165
48075,C,138.19450762552788,1972,32.41467271854522,229.40472940655806
48075,G,124.40550806567839,1968,64.95653145485943,56.156166350704616
48075,D,38.94148313482515,2011,77.97051738946082,218.06733054885984
48075,F,147.4445241057835,2009,61.54421038825287,178.35041542630992
48075,E,134.15548183712667,2017,15.581692715053848,174.48874925216546
48075,B,48.121764161893154,2013,47.38065221150325,213.3801189369767
48075,C,40.50484982889145,1985,61.26059862980611,205.21885724366487
48075,B,148.80017250064202,1951,35.83951355748945,149.78257465791518
48075,C,210.54366167972464,2017,63.0588826953557,130.16024617240464
48075,C,195.49775978315864,1958,55.129132916829064,157.52526443607238
48075,D,55.55904791090802,1979,59.65008113436093,235.56416035008652
48075,E,138.73225834570223,2009,26.66610274312008,96.97474021750008
48075,G,111.13111200852964,2012,54.77467465124471,223.93731621217057
48075,D,140.11955845141028,1984,52.125066819614496,140.0622942646272
48075,D,113.97408128104031,1983,78.77922533485291,139.96465514359045
48075,E,72.89933349407164,1968,64.25685745463618,92.62168483552577
48075,C,47.24025021032382,2006,30.818884567341524,72.01651183867483
48075,C,178.4135459725328,1992,33.98447741397198,183.5803025469719
48075,F,95.0825858366392,2009,50.73495334865049,237.59582426273326
48075,C,223.03955332162639,2016,27.733374444867536,106.05799019607811
48075,E,92.66648891303502,2014,46.263211908797416,69.19170597263486
48075,G,100.65079504211548,1962,49.762281214230626,176.57245536272586
48075,G,198.46205906423543,1996,33.61665918382019,156.27357276426778
48075,D,94.19699117348263,1987,48.207149508661864,109.23872604306841
48075,C,110.51242213701585,1985,47.87358559814063,108.76858375193305
48075,C,151.47106235417152,2016,28.637757973405595,54.11624525671748
48075,C,119.68448181676347,2000,32.492079121842494,144.90370670282798
48075,D,68.48672674932617,1984,42.277222964036426,212.1522936295277
48075,E,90.59921564654564,1962,41.29692968414568,236.88008646970528
48075,C,129.83437642849583,1958,77.55001466337033,140.7282462887417
48075,D,55.34995034116798,2010,53.87039460646584,236.60603085339434
48075,F,105.92090962115334,1985,47.96100518168591,98.4938486606115
48075,B,122.84111844818553,1998,70.46714061279073,214.97738513637546
48075,D,100.04549507287666,1997,63.18502848402833,73.80107814365252
48075,C,135.12157735998167,1951,72.58682695923204,86.2584944027825
48075,C,140.67854081543018,1981,10.762477414322806,208.58337935416563
48075,C,249.66928727246759,1974,46.96499882157634,130.42347712959145
48075,A,170.51854250951658,1965,65.9979391918402,133.59608151524998
48075,F,137.04353956731404,1952,64.7468702961321,188.9364834870609
48075,G,-17.07447147386884,2002,55.07774362996437,81.07398282419365
48075,D,139.41074957955365,1995,78.45300331003321,248.6614388615596
48075,D,63.75608473043767,1962,60.585180770660784,151.193662695752
48075,C,85.78957125879543,1967,61.36660997595684,149.57934051657426
48075,C,173.80205318822664,1968,78.04958704400063,69.33038791638086
48075,D,140.0305670018545,1950,24.326826331576324,221.77551525174638
48075,C,114.48000479504783,2012,56.43830416698269,242.57311395628952
48075,C,131.11888744652782,1994,41.09181466109632,248.71947314234203
48075,C,212.4437027741125,1988,39.99018009628801,80.05900267385542
48075,B,143.9683003319162,1954,45.6227036946391,74.48399987927124
48075,C,78.51424584259044,2013,15.182190118413951,122.57276597934101
48075,C,104.23875344342275,1956,32.71154575524376,125.84822395241358
48075,E,156.6607918810797,2010,63.6115871048646,235.58231801928312
48075,F,151.8271019037834,2019,45.60722424629569,105.54280650371305
48075,C,94.31753481594966,2010,14.422463496767357,227.69017298647728
48075,F,100.0217815469981,1959,75.67392407979271,189.14901790554984
48075,C,121.54569411874664,1951,31.65053646122105,61.98608662377836
48075,C,213.4640643493706,2004,79.60582834567558,97.10933475273289
48075,C,160.7298288294894,2006,26.260890542044795,94.41856622251252
48075,D,141.17079277125893,1979,52.65494617495946,123.42863186241475
48075,D,158.9838257971444,2010,17.242996089474552,160.6572831961885
48075,E,68.97707253955656,2015,63.411259133584736,219.08416782930183
48075,E,185.66718176757985,2012,21.026912788746145,156.64420046162627
48075,B,165.42779018293257,2008,31.681141991986905,91.44931244841163
48075,C,149.17879577428482,1978,41.07920388781426,204.4681951107685
48075,D,119.3218418699932,1989,37.03420471821167,111.15736279792203
48075,D,180.97664679741294,2018,36.83301427750888,63.78243598557627
48075,D,74.78024385226898,1995,62.81665735943023,87.83437272034186
48075,F,55.3516993798236,1951,12.6333634286088,203.61205693851673
48075,C,69.13773153565793,1957,22.914225486489055,203.23009496062468
48075,D,238.41091876959524,1984,63.20156933615324,245.88507916638778
48075,C,121.35073128841002,1996,70.50914184944554,166.28422893052345
48075,D,80.70989366432265,1968,58.15857043518903,119.80819913810367
48075,C,76.1521521084639,2009,68.80792149403149,215.71462908785978
48075,C,67.06082795373962,1950,50.90466818374204,168.0633072997964
48075,C,65.3279787140721,2011,19.725326060831815,143.75574765620442
48075,G,94.0782184061248,1952,60.72912690409239,178.81893868723714
48075,B,91.00724092683359,1960,30.94368542922078,76.99911386612703
48075,C,108.10930589257896,1989,69.6304922159905,208.50974825864427
48075,C,99.45714004317628,1993,49.80547453253035,118.16837101561362
48075,D,169.49754272000538,2012,57.808739462888376,126.90910252850765
48075,E,196.26516460372957,2010,71.87198242674079,118.45636860639888
48075,B,36.760549928361854,1959,48.951806501708795,218.2693327494897
48075,C,187.13976577108525,1995,73.00735642882758,107.3105657202122
48075,E,174.7121646921433,2000,18.255323642662216,62.274585962695774
48075,C,179.9356759732524,1964,78.51709437974391,67.10039156523533
48075,D,57.61188425140192,2005,27.907611753362932,85.36347155595857
48075,D,120.2612590577211,2019,25.90713795216429,192.3794500613371
48075,D,117.01312150935078,1964,46.42230257706868,119.52556028779885
48075,C,106.27452961886154,1982,16.983762369556445,213.44528381861844
48075,B,117.27645414511441,2020,15.462006499989759,165.19075976059003
48075,D,118.75486568185902,1956,29.75897470743703,105.03781448550833
48075,E,117.94588803628577,2009,72.85966949581805,176.7026256907186
48075,D,126.40702115060051,2004,58.824790720200234,231.5012698530793
48075,E,113.66018129396471,2003,45.14501251238765,172.05510977786753
48075,B,193.67519275149598,2014,41.962064694407104,174.04096638817185
48075,C,49.639445024790504,2003,41.260724396685305,213.59616998580307
48075,C,104.07166659695838,1969,57.301706525747925,92.92894279795115
48075,G,28.955601227143035,1962,29.26539464066599,214.0548587819493
48075,C,134.53979036148783,1999,34.03316574066978,92.70295626582374
48075,F,115.619713559978,1995,10.935593423225122,137.69341611296375
48075,A,169.23658642280594,2001,52.93591188332901,118.913645891755
48075,C,99.22747584806253,1993,43.20075517430805,61.944657794388846
48075,B,53.18340553922775,1974,39.99311687096073,125.57319831234442
48075,C,191.136923377666,1959,26.260526879872994,244.7808771111222
48075,D,172.05299024716533,2007,40.173039064828444,172.73216148186543
48075,C,92.93527554307856,1997,67.2869189451616,53.406292217600715
48075,D,108.59476577742417,1952,25.228460101005062,86.65117293781245
48080,C,96.37330073589877,1979,32.563574919008275,194.09366342193402
48080,D,60.35447603667093,1977,17.925027362692674,91.54310434493829
48080,F,107.74674564783696,1975,28.044228522801752,82.49723177775147
48080,F,64.89540222037205,2016,43.963085534619445,241.5573272220203
48080,C,7.179305082499397,1982,58.36593258118007,171.92855851683476
48080,G,148.9099153893543,2015,28.955670744318937,82.10801732035196
48080,C,84.81315216375185,1983,76.33600868783668,158.5710702062678
48080,B,120.69178616111974,1957,30.06649109964222,211.1774455590162
48080,A,169.51495613260016,1988,16.15760467091404,195.3561104710535
48080,B,132.45166932722657,1969,75.9921677450443,150.57509553182803
48080,F,117.59675781130929,2001,55.464293987413626,166.30316686437578
48080,F,75.98176433167026,1951,28.118121704849635,199.74877033289664
48080,B,115.16252973348226,2014,17.723955945214406,70.34368880792582
48080,E,98.57891349999821,1991,33.551331089509375,50.04027962686208
48080,E,152.55231876530644,1962,63.836796480971266,202.40198809553235
48080,D,179.1400040845552,2022,26.821794578346314,172.76128023508676
48080,D,126.12775784753858,2014,62.32097677243914,211.62113290905458
48080,D,94.21829829598364,2003,41.808172125709106,93.48920248282144
48080,E,160.34680880324828,2000,30.868088737587243,94.63065020834816
48080,C,38.650722293598434,2017,37.404841679968655,214.25329388482888
48080,B,133.94532003191838,2021,54.41967595414959,136.03289050289993
48080,A,276.7332665712315,1986,79.24867216528924,119.9479181687967
48080,F,133.25535472561216,1961,18.812852048501444,59.5947572154415
48080,F,96.9738289419343,1999,64.26479220639199,173.06228144548786
48080,D,115.02928553420989,2000,10.882077077963954,109.64129626750139
48080,G,162.8453529092165,2007,72.19454772050483,115.59966967420795
48080,D,135.7290182077052,1970,51.49395038201156,202.26198309047584
48080,C,172.65062032112127,1976,44.513405240093974,210.19295295356366
48080,C,187.25666909238748,2018,64.5176414535068,54.013419081393344
48080,D,134.30155967839374,1976,16.36718031223518,205.35368170192893
48080,B,98.00955025434521,1963,54.478880819474526,236.58952151125544
48080,D,204.51675896600864,2017,38.729126679857025,141.8126337510834
48080,F,102.2008951336253,1973,15.700860712535302,125.56182008648673
48080,G,137.66967526966718,1966,78.31717072998497,67.62370890556082
48080,E,169.19855238750304,2018,40.26105389889373,183.07784743360352
48080,D,74.36280809263269,2008,76.69226206947769,208.50744522286467
48080,B,237.73556988720458,2012,60.97218713268539,189.8817070613737
48080,D,90.73965515481993,1980,14.799536484826822,234.00629933026636
48080,C,137.46614072626966,1997,75.85267168515043,110.45998082446917
48080,E,56.00314365447011,1979,56.81604193233808,186.82405414117576
48080,C,62.18315502366282,2017,67.16740978805234,196.75975138215216
48080,B,102.5694960578518,2007,32.38238808585949,240.32081378370964
48080,D,33.75072829343664,2000,28.300476344745178,236.954530159581
48080,C,-1.21324353486429,1971,46.96191455111547,202.3473804425036
48080,C,149.82708321022375,1975,71.79828440375584,130.9858439880855
48080,C,202.80574464401786,1965,54.636499921261986,180.90289334842345
48080,B,25.60688813888258,2012,52.71281075857719,231.77027557646431
48080,C,155.1251509531679,1979,65.41766137999926,158.4931659110694
48080,C,102.71371332808656,2001,43.62391033555588,79.64382196070332
48080,C,139.7401852443018,1981,50.46582752553302,211.11846590556368
48080,C,127.25557945657398,2013,50.903634525678534,171.50675825561004
48080,B,182.3705456319194,1991,38.980047801930745,116.76391371052024
48080,D,71.16611523463226,1980,21.3476548801141,173.82293906068418
48080,D,30.008023230578118,2018,60.92742595432875,160.2376719082296
48080,C,173.12860028666813,1979,54.05452578634615,224.8879970800766
48080,A,149.4684803634786,2011,78.7522678451637,113.34103806941576
48080,D,152.78993350815,1977,56.907521454110444,147.94385076818998
48080,C,99.56687656287039,2005,36.78154601507032,119.95912615888558
48080,D,149.139292701606,1958,20.671001908553247,132.2054223738623
48080,E,220.7097161177258,2013,13.373046213242109,243.32613357888485
48080,B,115.68584240516907,1954,76.39224510120529,189.97751571029738
48080,C,109.67420631128668,1998,56.75808267684933,97.35445228078068
48080,C,190.2527792801447,1987,75.20930096579549,71.73317934622783
48080,B,188.53479944524878,1953,56.91208844412544,141.14387601305737
48080,F,146.83266031386665,1997,74.09063847430923,224.2162511736249
48080,C,70.82901038295117,2006,21.021593355238565,87.3013365571552
48080,G,71.53604008278174,2011,41.38019441897518,114.48896635967603
48080,E,162.19946260595984,1976,24.80546115841537,178.04384087340105
48080,A,128.72578307728975,2017,73.8988811269099,109.61581475263898
48080,D,102.38475633254149,1958,75.07805167249056,193.43427841165357
48080,D,68.1681774310911,1958,65.00694284323967,140.087022678011
48080,C,157.51372542467377,2010,31.911666206907913,192.6762222326276
48080,B,150.73969163059226,1987,11.81104741248417,93.52506250990662
48080,C,137.90644597785726,1950,40.74606340184319,79.30731015781467
48080,F,155.85849873066448,1975,64.12118248513596,77.1535411123485
48080,E,91.78197876579833,1963,55.58173746577726,193.21830094814354
48080,B,116.85327404671251,1966,13.890103619409096,73.04516426191935
48080,B,122.01085543377782,2021,79.60467205317752,119.64507369230726
48080,E,113.27446585303392,1999,60.75975818170832,92.6408565521898
48080,D,65.66198275995686,1998,21.105861897416574,156.37142187143286
48080,C,116.2582117163351,2006,19.475726435210166,215.99872917248717
48080,C,74.27690042643889,1960,55.26078543660326,230.70871850704276
48080,F,107.74229079386365,1963,17.020787684952246,109.58809174580782
48080,E,83.0853225180608,1969,61.63791061336409,132.36995846646454
48080,D,162.61678415371324,1997,38.05139251560577,222.58412491364686
48080,A,125.28909928252831,1971,54.018785199107796,118.38604351968445
48080,D,196.76668583192566,2015,59.14718058501137,92.06674045785302
48080,C,76.82158201450537,1954,41.27254218835387,197.02343768330564
48080,C,109.60089175168879,2003,60.66247568440053,212.8194013934472
48080,D,174.91038632055063,1964,74.08159580305689,96.17071058708464
48080,C,167.66774314611808,1966,57.6384755259075,150.41806736320697
48080,D,101.64986006320724,2007,76.57261744511166,162.0667249472885
48080,B,87.9667094887694,1998,66.60282617688114,120.66628729717739
48080,B,130.56389887687413,2016,33.753012511800534,99.81933037611033
48080,D,246.0510348980601,2013,77.60812785986121,245.8966736579896
48080,C,109.15203957329226,1989,44.17016466690858,93.23076552127594
48080,C,175.39912555268222,1978,76.2925051485938,186.63957013699942
48080,C,94.2131263618296,1973,58.99806589114678,86.9475483380957
48080,D,103.55123764256317,1977,28.025980126042256,233.72871195714066
48080,D,170.29402511618304,1998,22.006483163722496,202.910292854098
48080,C,61.46603582481525,1954,79.04954781066233,243.6102791641731
48080,C,170.91102146172295,1985,28.731312482949697,80.53950912712969
48080,E,56.57639252728,1966,23.471192375286854,134.89927490543351
48080,E,107.46638269575908,1977,65.49528629792724,239.06463042005794
48080,E,38.90668815552743,1959,25.626095120575652,63.28916777852562
48080,C,36.215291548140954,1968,40.87039206518146,173.76126146608473
48080,E,165.09991891050464,1970,36.78644629516623,241.37376323945102
48080,C,98.13820289208128,1996,36.93809824268868,123.2614237688229
48080,C,128.78119763245414,2012,48.968340698721654,216.97069810735036
48080,C,121.07536808925498,2021,39.68042720316809,112.7251136211699
48080,E,129.80528676993282,1997,55.623293734767074,63.13351328657484
48080,B,195.52479654112778,1986,72.63859326943759,140.70742135314367
48080,C,256.9841067710758,2017,29.421989642156078,156.30735939079798
48080,D,226.1995220158926,1976,48.36608076424547,221.35189031599936
48080,D,108.87636788351622,1965,45.22622416977152,233.7381853366386
48080,C,138.56211045908037,1968,49.47328354241048,191.70859037209945
48080,E,62.91751684938251,1984,16.517649642032254,110.57898857235742
48080,C,67.32249117347726,1979,12.529417787075214,163.32685928436808
48080,C,142.36523716576008,1963,69.08286394122528,193.33437365658753
48080,B,123.0125492781821,1960,79.47690261834028,211.87733300780604
48080,B,169.0356176060449,1975,23.638486581459418,196.24111650909902
48080,C,45.79512952944418,1956,57.84094190925234,154.58180693372145
48080,D,105.84151460618969,1986,45.00051515211176,189.48509163111106
48080,C,166.92876832046056,1963,48.99723561145139,237.25487953389316
48080,B,114.86961565380378,2007,58.08369850782493,204.7088369471628
48080,D,181.04012988701288,1999,24.11293409736109,138.8786254058261
48080,G,141.77418098926424,2020,40.94744294550982,158.3742063915167
48080,D,113.82597684493216,2016,15.368945163058378,236.71761048324265
48080,D,129.40784973349582,1957,49.684960807543256,215.900654808057
48080,C,150.75234330713988,1987,42.61686384640154,241.2474004194773
48080,E,110.50994705777407,1966,68.6620588652228,158.81116037294012
48080,D,198.00842980827952,1998,41.413472189878426,74.25054242647812
48080,D,84.50173629831346,1950,68.82307288643227,52.0245117080228
48080,E,47.82927818707243,1986,10.686036885377973,143.96876404796944
48080,C,-4.289745614309169,2002,37.45434375764735,152.39855003891586
48080,E,90.72392190521305,1988,22.434535858100713,156.26096039323878
48080,A,66.25052164347971,2003,12.59323072381455,157.98412043019545
48080,C,119.88282984252399,2013,55.84864858272217,107.56805861536039
48080,C,138.1092161052347,1972,79.55694528439193,127.29214882975882
48080,C,93.75537171817575,2018,54.93213040039355,242.77777362209767
48080,D,74.30283238459961,1980,60.60399275409696,191.54433200434505
48080,C,44.38483848882328,1968,70.8848214551087,85.83806591030321
48080,C,229.5030629520981,1954,38.95372218275537,192.80975987649666
48080,E,159.662369062415,2013,30.815321565038438,99.61884223306497
48080,D,97.46381384368603,2015,46.094798181389166,80.14621685518755
48080,A,191.70029147161557,2005,69.10285250289849,91.03903690084667
48080,E,131.8001515640199,2003,51.769278123157285,183.16455281111848
48080,B,109.46120993765547,1954,12.791962704043241,116.12934834678173
48080,E,44.130706567876544,1992,27.602617934375314,92.94670047684568
48080,D,110.61544337412568,2018,59.60414885796884,133.2439361515254
48080,E,121.22885711365717,1992,61.36265745916258,198.50230662789727
48080,D,176.35429127761165,1962,64.544471818776,158.5736279956427
48080,C,159.19865714963075,2008,51.40359202520857,124.49680650082173
48080,C,105.54993906993914,2005,50.535242183264835,95.43191432780381
48080,B,158.28409570940127,1957,42.15776053961359,215.0251694666056
48080,F,227.92029101390017,1951,62.08605753141846,57.032108949368435
48080,C,213.95676157157015,2018,67.46309368227531,118.57281158917247
48080,C,101.61417353093942,2019,57.870829848665934,65.31744548341196
48080,C,76.05998984055925,1982,26.95012898174754,223.9139489885292
48080,D,82.15673612488388,2022,55.5170455926597,117.15866753139493
48080,C,133.4585230571124,1980,35.15108408855967,215.5680991988807
48080,D,193.19503738112004,1975,76.97539610461567,51.5353036153642
48080,B,69.8213392338055,2015,17.257620325972045,153.92141909446923
48080,D,199.67283597799724,1972,77.83547401825282,60.31962270963362
48080,C,166.9784143847331,1960,31.02941312014426,61.54725593019621
48080,C,151.75553866505768,1952,56.505342553325846,95.78748429175135
48080,B,91.90374543736719,1982,19.070917598733402,117.40356243215753
48080,E,62.54880784633431,1993,77.78904038869327,168.42911999777277
48080,D,73.31511544342014,1965,38.086551777418954,163.79262718505862
48080,D,139.87233287763812,1959,59.040576610047495,171.4866352054988
48080,A,114.89006216881536,1958,63.8390231135246,249.23205924333482
48080,C,49.40365134929523,1955,71.43071395570166,62.58651408970375
48080,D,123.43350129626283,2005,58.55102575849169,148.81451548664137
48080,D,151.45783396042884,1973,59.08721366392816,89.5093760814114
48080,A,65.32222620348452,1975,70.52716450093277,156.77884452027612
48080,A,71.33906158172897,2005,45.24865057118894,161.7425905189043
48080,C,198.40998452637433,1974,69.11774700015656,143.84354392922324
48080,E,137.41105520720845,1975,60.74875814467177,224.23928744368146
48080,B,126.01848831384093,1964,22.03065041457473,245.88758790270725
48080,B,58.33152591449367,1986,24.56970522314818,124.74988834928718
48080,C,98.36540434177373,1982,36.65046168648327,183.50559385263
48080,G,176.701913882407,2002,65.63964322584852,137.94468058348485
48080,D,190.67243678082372,1993,25.970760978135537,101.8745067048392
48080,C,140.9255423394429,1991,22.02359130808352,52.04254992256865
48080,E,17.2235989102588,1995,18.78257723476422,63.0523474125318
48080,D,172.90484203393675,2001,44.38641981823196,164.90086550027956
48080,C,121.56072948347824,1966,67.85504668865096,195.54421926534204
48080,C,225.86864082101712,1993,34.206789392367575,150.65161665807108
48080,D,256.8850234120269,2018,23.4154457942396,170.48891328549166
48080,B,97.35318328995815,1975,14.252761071161403,170.8383901487328
48080,F,87.02865563918428,1986,38.6950692321025,195.92827310838868
48080,C,120.20006301182977,1981,73.34248903485414,153.11278894429904
48080,D,166.91751565121658,2003,42.03789577966438,237.4389854237307
48080,B,130.474812386414,2015,24.137023206998293,181.5421338310685
48080,C,87.58218148387495,2010,12.019376112063657,116.1121638170753
48080,E,36.610826972626114,1961,33.41280206203524,206.89214263951374
48080,B,96.39097719580685,1956,25.027788417145526,140.17484628044798
48080,D,154.9600916774421,2022,52.38169362965424,155.3838734608865
48080,A,113.41498730700451,1957,75.83394150893979,50.08980562637015
48080,E,90.42558714645415,2022,43.038404205635786,105.54742971085142
48080,F,126.5978073698123,2004,29.61090501371901,218.27390704981303
48080,B,21.637216809959497,1991,28.855534428398425,162.469577787064
48080,C,159.87551534390622,1957,34.03217564167733,220.63532166792058
48080,E,109.07208308307918,2016,35.827914667487605,247.13196951164767
48080,C,184.6146873442354,1996,25.348692821969628,118.3545734095665
48080,C,50.205488276819054,2021,49.43815231811194,201.15514782646636
48080,E,238.4358232597375,2016,13.545367340541944,212.91702671356188
48080,C,106.26077820999663,1991,24.572881792043695,141.25602205472583
48080,C,166.30337966164228,1958,31.713974772991982,55.37927771537141
48080,D,119.81644557597423,2007,76.23998874592174,187.30143701004823
48080,D,70.24614507005579,2018,43.243160428167386,119.39786372972212
48080,D,118.89039864448759,1979,10.313563384379535,111.38714875847045
48080,D,45.41391557731848,2002,49.70941599785,85.83337496774297
48080,C,72.35697515970733,1987,74.46030956270806,131.8476794094924
48080,C,117.57629111447633,1963,56.729347125032014,72.57676369836952
48080,B,73.4300500497024,2010,75.5883262797336,59.194477440095895
48080,E,194.07674985641964,1985,52.042908383736275,221.9749500140537
48080,A,79.10216287250643,1974,69.25571892692247,240.97201518709375
48080,A,187.44312655684777,1986,46.999092370357715,218.80939307357286
48080,F,60.86059153951533,1995,56.81626934632355,93.51674277359119
48080,D,115.20504614207987,2022,38.09189794206256,72.83675359759185
48080,D,78.9883763002899,1977,22.92886380879601,81.55519955848905
48080,A,134.32469734055024,1976,74.93733114302961,165.01532289849945
48080,B,142.20556953122923,2008,19.252875123666755,111.5316025446065
48080,C,91.63823135335643,2001,43.78566928190137,127.29919817534454
48080,D,147.2679758220898,1971,60.88174394230182,121.34725377842157
48080,D,86.85050193644761,1958,30.232384495644805,248.68680987391224
48080,C,90.56475832216151,1990,66.47213204305766,209.4853860766365
48080,C,246.2163483779835,1975,11.576174324922663,82.34965802885048
48080,C,76.46806364906948,1987,33.523573237541484,184.97392118073194
48080,D,155.94317097703498,2001,56.73018863450713,108.9810232028887
48080,F,53.22673532759406,1958,32.508479560889846,147.93461310331236
48080,F,113.1604087587878,1969,30.463927772462988,115.36972370070887
48080,C,135.83054424261468,1969,63.76959907304097,149.48657352661525
48080,E,91.70663840125923,1984,76.05414596435092,150.14892164050576
48080,D,102.10184883854082,1956,19.28010070886713,128.05937647544204
48080,D,77.768926744948,1993,61.436478170552505,62.8015705058623
48080,C,110.65923147674671,1978,25.929386282508002,205.56599582804077
48080,F,179.35636262040128,2004,21.525634564136396,120.79277138844482
48080,F,64.30778112994915,1995,13.454783023941538,169.70119364812493
48080,D,68.77009767521112,1971,65.671492310778,66.15181798845764
48080,B,75.36158785691039,1964,19.825391197027038,174.6238976189369
48080,C,19.467133735956153,1997,77.44210634265633,120.47655182129307
48080,D,77.54693519368791,1971,24.367849891482905,182.3608701364834
48080,F,68.59887357049118,1973,25.09538111465151,190.01283449864013
48080,E,163.54484569585244,1961,24.453018967531694,95.53366010988603
48080,A,148.65129428892936,2021,24.635894206143057,116.83154516942625
48080,D,113.20278664347502,2001,49.367859827435865,219.8752550776915
48080,A,102.69345226391424,1978,22.789270661351452,174.8660779862132
48080,C,94.37923562701566,2009,67.42753470992918,77.20528497552056
48080,D,127.12403365300442,1972,65.36370514993352,85.28723308404582
48080,F,159.16377765562692,2005,69.97701059936976,78.77176139265987
48080,B,100.1359649374379,2005,59.393047392550855,59.44572793309351
48080,B,111.11949395421566,2007,15.827134695802041,238.8367072371363
48080,B,226.8873671401584,1962,41.24280267095411,206.10773852790004
48080,D,148.08560334052186,2012,39.55814826909539,211.7063351544573
48080,C,95.01008626963521,1996,31.088396068296337,197.2482773851056
48080,B,155.15316981053718,2011,31.368370031219033,185.78575393207518
48080,E,168.1295991422901,2012,14.82462549416017,70.09324230170013
48080,D,145.62997556363993,1996,27.314024459121853,192.5774298105492
48080,C,129.80338375518093,1965,26.099737818867272,201.36895922599683
48080,E,29.337746688841094,2015,55.13079104386266,221.09566803206272
48080,D,99.86987264885173,1995,13.896647496302979,247.15352116496268
48080,E,188.12232119375795,1972,50.30223990249263,189.58182041500277
48080,A,166.2560210183198,1953,39.00804534154308,131.04959823439418
48080,C,106.715336208649,1984,58.80631983081894,220.6846539018286
48080,B,85.06933730943175,2013,35.57335294832397,126.2199699185259
48080,D,25.704236350475938,1971,54.77816884655998,241.87954648504964
48080,E,145.20829553692525,1977,35.143950695024564,93.93657672505454
48080,F,89.55424710261079,1978,21.63508461663883,77.73817988346094
48080,C,91.67216555219021,1969,62.40593358246085,98.19430698102371
48080,F,148.64774761565587,1953,73.14135096426803,238.82956008489592
48080,E,111.93916972037822,1991,70.05270300926107,199.14827052586418
48080,A,96.2784795675121,1966,69.78698789755182,239.2314243577885
48080,F,164.01540131119864,1981,33.58261956253405,124.86283165673568
48080,C,109.5700942962448,1995,27.92058927051566,123.46208962509266
48080,G,113.66762423653316,1985,62.95075594435015,186.48991727015826
48080,C,262.09117804585884,1992,22.08605623043301,87.00257843059808
48080,A,157.71448351996418,1958,65.09392670920131,198.23053465713173
48080,B,124.86994730303529,1967,39.593054458387236,201.9928516610497
48080,E,126.83663279357552,1950,49.56469777996347,112.07917205690373
48080,D,76.00432976384316,2002,23.62347984534725,185.01416955160633
48080,C,112.07461359095376,2009,31.780970171156632,50.29006331822543
48080,C,130.25442154547815,1964,57.2877140079956,113.70544089799483
48080,B,53.8311058354341,2014,40.39984627541062,188.51752793432638
48080,C,147.64029016430894,2002,71.61205264485295,135.67906978513173
48080,B,227.5365344248025,1961,25.112706020651967,78.91537795927502
48080,C,141.43185513806299,2009,39.457746700745595,242.38306028225756
48080,C,32.81527464713815,2012,62.32102657366845,126.55926949664035
48080,D,155.48005107007398,1956,40.398771274456976,118.23601092007114
48080,D,72.63357388431324,2014,77.07055234319171,167.93286127691385
48080,C,152.0056675395906,1987,46.761127114454204,98.33256207491627
48080,C,171.70764988609358,2013,25.296820052833418,228.63036377051827
48080,B,105.18136621511965,2008,37.704934738172554,196.2751248566312
48080,D,144.6387777183757,1962,54.59240863508967,150.04495618710916
48080,D,64.57066647458487,1953,58.31815532226487,180.97534776627703
48080,D,99.03434845077618,1958,71.20720754844186,78.59993243127327
48080,E,95.06574880318102,1978,27.643984998083276,72.17830464883423
48080,E,107.4526102829324,1988,57.01505967778949,170.8852836703204
48080,C,189.89594572958828,1951,15.203020244305597,113.71740399149128
48080,C,121.51169013586679,1982,54.951491662165914,151.2769555565381
48080,F,16.220246756108168,1967,52.245055697253505,180.72588646346307
48080,C,104.51575418618582,1954,52.18426802482917,249.62602318476505
48080,B,94.1896934321768,1996,31.65979101000083,201.48285578178468
48080,D,164.60641826497596,1956,39.018842010285866,173.03798613179197
48080,D,11.269269612078844,1968,56.49265752616526,61.333461775543974
48080,A,141.17639230310286,1950,11.46273485439019,73.59190226951078
48080,F,72.09278228689072,1999,50.945624907476585,205.88467282951456
48080,E,77.02295893289433,1963,13.216308290755206,243.04830178230668
48080,C,65.15241014226845,1999,17.564850669680062,75.25517755502509
48080,C,157.55363597707282,2015,16.853855797890045,145.76451090616072
48080,E,145.9883280994614,2010,20.25934019700553,208.37929033236162
48080,C,153.67294378636112,1992,16.79137420446804,166.86528689267726
48080,C,167.90176343144148,1989,45.18984756429294,144.45320935979572
48080,C,128.37948318818397,1954,15.933456215719445,102.64620101305533
48080,C,14.087915610072415,1956,20.877638347880456,184.4701452600716
48080,A,218.97836506621897,1952,64.94575439391977,68.62810180897532
48080,E,21.253881122420992,2017,71.26831253605985,248.89551554152456
48080,D,85.59955925775812,1983,30.780749572293793,245.17723760397305
48080,D,104.69503033344577,2014,45.274527241899776,143.33456381039565
48080,E,93.91006576267986,2020,44.10342427019103,208.1930797737398
48080,E,160.161278026226,1977,30.855181018930715,220.49356803779878
48080,C,205.75380637268506,1996,20.629869473511214,54.07134988219606
48080,G,106.47900614712866,2007,36.14913684226202,81.25698693935514
48080,B,141.67137313234568,1972,29.312917184529347,88.66279944904292
48080,D,121.45300580679633,2004,46.313636021911535,242.84029715527114
48080,A,160.93644180097868,1960,47.2892314936198,128.34170616295452
48080,D,191.1335416126051,2000,74.55758892346502,96.58500167342332
48080,G,90.72901695814011,2012,65.64903327322187,135.7930159169804
48080,B,214.4682058471309,1994,63.55279519508388,208.14696745814294
48080,D,154.6430028039515,1965,24.744907964835605,248.59256006264624
48080,D,98.35131526605076,2014,47.26653962622538,57.451237988206884
48080,B,154.84637322097245,1993,54.184709579414694,116.2502493983992
48080,D,60.046940860820676,2017,34.39421200426324,242.49020912086655
48080,A,164.00104989126848,2009,18.429625832653834,229.4922561139958
48080,B,41.723195142630786,2009,24.985559501938766,72.5550056940184
48080,D,80.74935357076546,1963,65.44149752255973,61.95631508906622
48080,E,60.3287685929263,2003,77.01993156908328,225.83989827404443
48080,C,165.71526573222553,1964,10.699985681906233,128.62395843703626
48080,E,35.010253362157144,1999,37.11406177606242,119.6775022230427
48080,C,110.8165797922391,1985,67.56727421025596,201.98664223389866
48080,A,132.91953055002335,1991,44.81208246989712,164.77234717071735
48080,C,168.64315788773936,2002,11.145743482805795,214.81985792670142
48080,B,179.87118310112044,2009,33.595424298938596,235.17811074518997
48080,E,99.61845218854634,2020,34.310185129744994,196.70527818766064
48080,C,158.8512487788836,1954,59.46717222433708,115.53942085112784
48080,C,55.49252086858863,2010,51.490958546790246,227.17260521513205
48080,D,153.92318998328454,2020,33.54343042482708,104.39859525204784
48080,E,197.58514964988854,1978,11.6195336328095,155.91162547013704
48080,A,80.8210347319191,1971,31.621238946254206,203.1181323830577
48080,F,91.0883491068249,1966,48.083757757358306,51.90692156026977
48080,C,91.99179451328112,1987,72.88513132439033,90.78137681920697
48080,C,176.99222589521514,1970,76.05254752765586,65.76292782880684
48080,D,129.75211673395467,2013,61.20445528634403,225.524827872506
48080,E,78.64069044394384,2006,15.927441626422604,131.71272093994637
48080,E,82.3569629430823,1988,47.44719411536817,128.8774199483281
48080,F,112.53225394847549,1994,78.61312428910594,63.353242165351766
48080,C,178.25617917037724,1988,39.58799684485115,102.37560540866484
48080,G,126.59827783009526,2001,43.99444356918638,245.485673816494
48080,E,172.9758495186333,1992,12.571055168124019,85.26603843183129
48080,E,115.43604429218057,2017,61.13123622895414,129.3730308055773
48080,D,205.73496880742914,1985,26.950920666031905,114.85939172928099
48080,E,31.348596168058222,2009,12.260115616252781,228.12085656307664
48080,D,85.39085510017418,2014,12.726336122963463,79.13271037273518
48080,C,167.7397399907507,1981,28.093234560473444,56.36085142390792
48080,E,98.78741426939573,2018,64.50012861705386,149.9842054822401
48080,C,68.69690845538037,1995,59.54104314646343,217.44593380574648
48080,F,140.0732983792264,2016,10.587053728830613,159.6849963044895
48080,C,80.80625893682397,2014,26.392900710850178,69.50519805936179
48080,D,117.1661610621105,1967,15.18515047520695,217.27007094558684
48080,C,66.25259630722107,2001,36.30294649548384,76.4480248821316
48080,D,95.30138951333072,2002,27.912104977260356,237.2354555812944
48080,C,144.3755801081416,1997,38.397733035149116,137.039418327039
48080,G,169.19461988375133,1997,14.31225695821574,235.95201954752483
48080,C,109.1773084653884,1969,50.10622875587367,164.9587293572606
48080,C,66.98300874709273,1998,28.29428392290352,118.62711070279322
48080,D,141.95852122161628,2001,51.00119547435836,59.50996043704517
48080,D,152.1956505148078,1962,14.033636717891326,236.09832437528686
48080,B,84.60794071223779,1976,39.372141465389035,213.3216702709433
48080,C,190.01529036871392,1965,16.923246843266178,84.75684076247009
48080,D,92.88208923436237,1965,23.43452656635708,242.7882533967307
48080,F,125.2425670360316,1994,77.28542753113561,196.73184938010505
48080,E,77.88693811662975,2016,34.88206003377323,133.7739439454441
48080,E,232.46122361004592,1985,50.42355326296165,146.50847419957205
48080,D,-15.555459314562171,2000,43.583423378977386,66.2204882027957
48080,E,69.4928792581234,1974,64.70131650379707,52.935847013547054
48080,D,176.96209091816442,2014,25.657776883419587,136.6801435925144
48080,G,104.67740999944056,1979,73.79850981967346,152.44570507310655
48080,B,182.86174803371387,1959,16.341608402329662,81.35627102820216
48080,B,207.14332350258803,1976,41.787372626489756,124.34325957979688
48080,E,167.152032078052,1978,62.99657349505225,128.04276118172322
48080,E,134.05361125088098,1998,27.873753406557675,70.8071535660294
48080,C,140.4247415228623,1950,57.75976832214772,127.18570325863278
48080,D,120.41575526140673,1977,48.43370579003683,99.7099115895592
48080,D,117.2287969008789,2002,22.73969349478765,101.31170124979027
48080,C,100.65795210067472,1957,41.36356170736262,112.31785413468742
48080,F,122.9652916421357,1957,76.61390580448175,96.15307709663432
48080,D,85.98406014061064,2017,32.287568700981666,162.4382450840182
48080,C,132.75874588972988,1978,37.56210917329939,111.47700949734019
48080,E,112.78647961755065,1978,16.266554903171865,220.6641406236735
48080,D,31.022844041269437,2021,76.96915094806086,198.24870349446033
48080,B,73.67811638617749,1973,64.60182452017227,155.08241419080127
48080,F,221.05967997903775,1994,18.541993394550566,132.64812886515122
48080,D,109.18498357682452,1984,32.864370219669524,220.55504083304584
48080,C,151.6794470563774,1959,52.8961993781861,188.10147982922894
48080,E,15.679978318480437,1958,59.81765387629711,215.3221932703933
48080,F,196.8327914369989,2009,60.892196660756014,238.668829871072
48080,B,91.92439892777543,2018,30.084745935647106,179.57603470246053
48080,C,15.401985248678884,1982,50.44051487133949,233.74565129910633
48080,D,188.50694524022782,1986,53.30283719228648,209.14352029322006
48080,C,179.4345087531274,1954,18.341218563641196,150.2236234662173
48080,D,98.78023840952444,1969,59.971113169192655,61.35023643460478
48080,C,158.95948607054527,1968,29.693501856449043,69.04361581388166
48080,C,80.69346819086965,1986,32.56955162794176,157.63971566436516
48080,G,52.19139694025162,1960,22.11278362970732,88.51953665229183
48080,E,95.62665872705077,1961,64.14493240280589,95.38877535266634
48080,E,113.09692725201963,2012,33.03428994751849,103.02768074160858
48080,F,85.29777784925321,1954,40.54752816008894,120.06828042329364
48080,B,95.23164111176504,2005,69.47779520199431,242.71189537937573
48080,D,94.94705597534521,1975,23.443483647722637,162.58338402402012
48080,D,183.02146996116292,1960,73.76964370887467,213.42838664564778
48080,G,203.8317670318482,2010,70.98521008131824,199.61554032647513
48080,D,169.70847992819657,1992,61.24434679485387,79.75371523808114
48080,E,168.47521166987084,1998,72.99645024905979,180.25294132356578
48080,B,146.79155085808213,1975,34.429992457681166,163.05737766960607
48080,B,158.78739212132194,2018,75.39777454078049,190.53823865519672
48080,C,67.86689468461879,1999,61.74238991000997,85.36680241824112
48080,E,42.12348384018503,1975,54.69039241992249,203.97098867978264
48080,B,209.78878883049532,2019,18.210291435022654,118.87649249600763
48080,C,158.56615225221339,1975,14.123176064838459,213.5746115007853
48080,D,157.72329144675595,1957,63.98271872827596,72.3412244465943
48080,C,44.659917758235466,1984,23.634927858966808,145.6857353538911
48080,A,114.51140921884183,1992,17.851028560610764,224.48399100359146
48080,F,116.86226028757042,2002,25.683668842264503,162.30581461088855
48080,C,144.8183121817483,1976,50.6706663685124,153.03856216229156
48080,D,138.12555056720862,1976,59.28399762290876,242.13653080761858
48080,E,142.1858409582018,2013,55.223078565794395,146.14892523840072
48080,B,87.04846486759502,2018,69.63472863070884,147.3616074823716
48080,B,106.61935978552799,1981,43.1932552648839,134.3152474741271
48080,C,182.62444009884283,2015,33.25672061276313,165.71929393590926
48080,C,151.20932929020435,1979,57.70878512004175,190.77470661898994
48080,D,153.84730621928006,2019,31.62853375235069,128.09048307219803
48080,C,116.708887404633,2000,70.19994531472605,54.645342692223544
48080,C,209.35504536933252,1995,74.40992401893342,192.53280948948412
48080,C,223.92280349640055,1967,27.233122752080362,151.4247491724513
48080,F,130.19712454354573,1986,69.3652931462908,249.5142760733071
48080,D,174.79947281226828,1956,31.18233063575702,191.39688360570028
48080,C,59.810733690219024,1992,68.14491048094467,209.54473367195777
48080,C,138.7290267002287,1974,46.42021116100533,131.85454572923683
48080,C,214.39715468590651,1961,46.45419670469651,213.32184112021503
48080,E,146.61518884191926,1966,65.56465386309335,143.58624358793617
48080,E,49.33330167986334,1964,24.569372819316655,101.79296658004075
48080,B,188.89398209092366,2004,67.33725588186704,188.35730842853758
48080,B,220.39780479311605,1950,18.428763680151896,56.67811416579514
48080,C,80.00166766257948,1953,67.71155680006504,190.53063898103443
48080,C,26.12083173510453,1981,51.05972535525088,129.41960727090532
48080,E,134.58383997028199,1987,32.809274627351655,139.67002140817226
48085,B,79.12030860767449,1951,19.798602184776364,174.1107491258278
48085,D,87.66008964171724,1984,47.84190942389633,115.53595479248364
48085,C,103.18904220012195,2000,40.050226521066634,85.43024390120655
48085,F,106.92504891812979,2014,32.840668595806385,157.84558853368475
48085,D,178.16957813624578,1966,54.64909259214088,158.57899627132429
48085,C,115.50100193306737,1996,17.43748711167999,117.08883737449244
48085,D,-27.368313422010885,2010,51.82381936115436,178.60353648280045
48085,D,115.35063584878739,1951,37.77197909017568,162.10299793768792
48085,C,99.31922472352159,1951,29.095052947658207,101.29255836124696
48085,C,179.21422985162815,1992,26.46987346222566,139.67331047889522
48085,E,141.8332925081249,2004,44.06428774314248,131.69755063628688
48085,B,133.56365150546466,1996,54.08694060121244,93.73484358318815
48085,D,167.40750059010554,1993,16.422632147809203,116.18967894714538
48085,D,62.540053265596875,2003,27.31341828572046,154.83177964974595
48085,D,145.89866881450828,2020,75.37247610443208,70.90485431286237
48085,D,83.09279655804619,2006,59.942356426232664,151.50672138407614
48085,D,131.21391405453545,1953,10.299258726234367,245.1421132567816
48085,C,78.2742572213929,1963,62.82901234879788,116.06855883465627
48085,C,83.65035036907915,1961,35.80860882216908,229.6656871847706
48085,D,152.54184184429414,1983,61.352868198216704,244.22074879783185
48085,D,58.39793666195842,1959,23.97901354073858,107.33958869441811
48085,E,57.63605349890202,1979,59.11214654290821,154.84994626837482
48085,C,115.63903686317602,2011,43.73966553621881,229.873227875799
48085,D,118.88206814967869,1971,60.81488859595645,155.2786639158025
48085,D,172.15991578145662,1957,38.7534407923529,150.4533877704399
48085,E,123.08046931886551,1990,55.43752002556931,243.06661284629826
48085,D,77.6979140135298,2015,51.56775692812139,106.68844789074994
48085,D,141.50388241837427,1951,30.520055130026698,79.55128835325742
48085,B,87.31546565018715,1971,11.912160090780588,181.07371222235156
48085,D,160.77446661498385,1999,20.60395382284524,126.9147892810499
48085,A,128.38620248189793,1999,12.323818599550737,240.34346012767062
48085,D,160.7653904882801,1958,32.382811493890856,199.36543509261418
48085,D,120.2429843771804,2020,50.257562750341805,222.56469654232072
48085,D,131.81501434711035,2018,55.7502737590438,98.60335259414717
48085,A,43.31511941265127,1969,78.88294498776037,86.89324807808984
48085,C,163.4037279324023,2006,73.62671738924222,170.876738715697
48085,E,135.82384124222716,2014,71.09024889069849,141.21957767838785
48085,E,99.03843105505426,2017,48.2860158546298,75.81374777974399
48085,A,189.40441183201511,1971,75.02567782016543,65.23413237838498
48085,D,10.30347772212734,1955,41.94636152735616,197.29347749000044
48085,B,154.12258477091922,1977,46.8172187133882,114.73161856106515
48085,D,189.43612228930607,2001,73.09927654655422,71.25942306234356
48085,E,180.21397835092,1984,62.80579791232519,136.82922573164575
48085,C,73.189614710857,1965,74.30014359192268,121.94817390050463
48085,F,156.37355911101537,1982,77.5047027648116,197.47096200497222
48085,E,129.81211894692478,1961,30.833470143568185,174.71308123345364
48085,D,74.99268094030522,1987,47.16606117506553,163.06279725797728
48085,B,212.16047935313497,1992,27.052177959820206,171.96287747685088
48085,E,120.29652490489228,1963,25.264380099784894,216.6547368426237
48085,B,55.37854186999435,1988,65.35251162457755,83.24028853380945
48085,B,99.31996428373662,1996,25.27564749143882,61.900370762205824
48085,F,72.1753579116091,2008,56.12276937879419,51.13502257054174
48085,C,93.21480326622483,1966,13.537098280657698,206.43190384408925
48085,D,139.12910624290086,2021,28.618627397537526,216.62188348392726
48085,E,126.24830949774716,1967,76.4527839507249,166.5370504141411
48085,B,147.22451664123432,1989,38.95290040895611,110.84227545094532
48085,E,137.36940871080358,1954,79.21278737893846,80.67868450538424
48085,D,73.27671650823766,1992,78.98408779772898,56.861108012906044
48085,A,210.61153311061815,2015,56.17352843667293,127.27292496706337
48085,G,127.2974978578576,1970,13.10054684823926,206.41129377376464
48085,C,114.15451754957459,1985,13.821691049361707,181.75003421324521
48085,C,28.205014849511883,1983,13.604907735662868,84.16402729835686
48085,B,28.93637512433368,1956,11.797941271329714,61.00554279447348
48085,C,92.31883429371788,1993,35.60328815749163,233.8138431593018
48085,D,101.6813576366768,1961,32.30231019425449,139.0540056363123
48085,D,150.5264197104663,2012,43.07989368075505,92.6828870433794
48085,E,128.13172349500886,1979,68.86424231811839,173.55594101745217
48085,C,147.5863509059752,1987,21.74594870142109,102.36344365343564
48085,E,100.15289050083894,1955,22.901726601365354,144.0334062436602
48085,D,159.21800370180725,2013,42.61816784430773,158.56347241563515
48085,E,126.07785679312789,1992,55.29336639707024,244.2877760073184
48085,D,195.60630711883272,2008,77.93813601858417,85.16774396200373
48085,C,72.69232094351597,2021,54.31965995262175,163.20542611313414
48085,C,163.1225376068865,1978,40.10082608078682,158.34180497478383
48085,C,184.21025928995837,2017,69.37656743112288,178.08270212579532
48085,B,195.96686885671468,1988,36.271651744498385,163.57964579003493
48085,C,121.78396418789748,2002,34.06191080216257,68.34748957574615
48085,B,168.0343115345823,1960,37.40897561010698,241.4979601912187
48085,C,20.568338520889654,2014,64.07637231871162,217.16390636513964
48085,C,130.6664150677726,1984,51.906133884054555,154.88506234840509
48085,D,90.5095115830859,2016,51.75414874737054,207.91250336419327
48085,A,106.2863571330887,2001,31.61892848532402,190.6012965670624
48085,D,132.18854861448042,1989,49.144182580774974,178.5045000124789
48085,C,115.76427546828998,1951,79.55528775429967,83.07391221080023
48085,E,26.887516337675436,1979,36.961296942923056,173.46034262873712
48085,A,141.14528294643998,1966,14.20075731992614,174.14480240484033
48085,D,122.24039599291457,2015,20.6802901316672,142.74027949164616
48085,C,93.11172211561296,1987,23.532570582522347,133.5440244107147
48085,D,210.69048326332484,1974,51.15370544841422,108.18428106551521
48085,C,100.55813955500902,1989,18.35233727224476,248.82045664214522
48085,B,73.62369618440658,2011,49.31211471084692,152.5624593850743
48085,F,87.1059267645274,2012,78.84960535655463,74.6187407233399
48085,F,167.44955632813756,2004,74.53956390231797,233.14780404379735
48085,E,107.3460139560159,1972,39.19952999672653,182.99709069773604
48085,C,84.72669966794764,1980,56.63503181024919,143.02094525659373
48085,C,119.09633047120951,1965,51.47399066669512,97.8993665002017
48085,A,66.53339075762887,2020,53.13995421652167,210.85854891094664
48085,B,201.8502252751191,1966,67.84146391106145,59.77399174141311
48085,D,162.57077951133365,1987,46.370842770976516,138.682539239576
48085,C,76.99878080391062,1994,12.485764929939211,227.7830550592311
48085,B,94.61821261363212,2017,26.742233190316092,169.62656595062793
48085,D,106.98067004437391,1983,56.95405334131564,240.36165718711044
48085,C,35.85273334973223,2014,41.37642432519469,223.3657744202625
48085,B,190.92798423454482,1966,21.897204378932212,99.29850501405613
48085,C,174.3179502261145,1950,51.70940161479603,160.84698488986584
48085,C,114.35799264611686,1998,49.88100685373819,179.2466429502768
48085,D,55.74549764604038,1990,32.805817632193765,213.0284634375276
48085,C,56.44045725557753,2000,29.013193690047693,109.15033945270599
48085,D,131.53677318865252,2018,14.73790486884655,117.44185266220295
48085,D,98.5351560768895,1995,11.60341066180287,163.17939267100007
48085,A,183.4603976860833,2006,59.355882422987634,197.12162130042333
48085,E,176.99283021808515,1978,41.327814739049586,186.47965510860405
48085,D,115.919903782647,2021,26.007258287063323,81.10224855165913
48085,D,148.3224525212176,1965,30.91569026045759,196.06222482169954
48085,E,209.647552810771,1990,58.89698499572177,140.5510902549831
48085,C,123.13280724678984,2001,47.29906975050496,215.06962527235956
48085,B,142.4483777785107,1969,33.82648105874879,153.41626011155228
48085,D,165.8253288895709,2018,46.6151296664396,191.18806403665306
48085,D,164.74953995647286,2005,30.174207432629824,59.73115639982631
48085,D,109.04464188331865,2019,11.012259202766764,65.485830100061
48085,D,123.4083550193293,1978,52.07991668039913,97.19919916756646
48085,C,186.65138993484007,2013,27.644154630869025,70.19276224824023
48085,E,204.57907361224864,2018,73.76979155708452,111.14903886028014
48085,D,130.7578210445777,2002,22.92856437196283,111.65340059724986
48085,C,126.33657428189501,1977,54.29630804696799,202.686605429577
48085,C,41.00849621557231,1952,75.08636764771808,234.79663987818626
48085,D,82.89330137628951,1973,11.89932574076463,244.28083063339193
48085,E,172.8414804599357,1978,23.573099056345093,118.82169346459376
48085,B,135.68901865805572,1982,44.22319870578004,138.53557490882832
48085,C,73.11066668294198,1954,57.14885411386983,233.25239676996037
48085,F,85.41857872883436,1994,32.93826146098396,113.06306537085484
48085,A,76.05034950402535,2020,71.78233709332271,219.57134715994871
48085,C,53.186896729539015,1973,23.001174671462408,133.39168479295483
48085,C,73.8220339659251,1979,44.33873358930591,239.87514915138325
48085,D,2.0194199167095093,2016,60.612540640149675,162.10771761034994
48085,E,96.96734309861479,1981,29.22055852031019,160.54870096732606
48085,D,-25.37184395103168,2001,11.627530469890644,222.79034401085306
48085,A,93.15220434661853,1970,13.949006086206392,98.15088296356143
48085,E,108.4586209366166,2018,49.07126008002711,204.06824789053573
48085,D,76.11120658990438,2020,62.472398060764775,74.117243223647
48085,D,168.04120867945664,1983,60.952972410474786,229.8129183561212
48085,E,168.04353268241846,2021,55.50791192790258,200.97510935542496
48085,D,128.3301673819273,1959,54.612411770063574,53.49178164503323
48085,C,166.03045466540468,1979,73.2898330632593,216.1692565816763
48085,C,160.18233394403853,2000,23.55585793686617,129.9419831742176
48085,C,126.55294813404751,1992,52.270099370651266,237.14510967575973
48085,D,115.4064135042386,1962,53.60897675701591,215.28172766205716
48085,D,106.71980748902418,1955,58.54366134501649,184.30511541164424
48085,C,98.9419213480161,1953,48.89838361350471,74.11326988433342
48085,C,215.31413080635713,2010,20.825504340322954,61.04555972243715
48085,D,9.032983752333877,1995,48.94127030284147,175.38557652549795
48085,B,131.37106339688577,1998,65.91673639058513,158.6355749748352
48085,E,67.65710207708311,1975,62.19446905206488,73.97302596990427
48085,E,193.23053422417067,2003,66.96169924401858,246.07569381174858
48085,E,67.15753728904374,2021,40.97578623617203,157.92954410607297
48085,C,47.7292876511888,2010,52.065072042259715,148.63592974830414
48085,C,120.70384106657156,2009,67.82970622487322,249.683392729851
48085,D,123.68194464701199,2022,11.342009029481066,114.81273814898888
48085,E,80.77790406293768,1976,76.29834317729564,90.26289018632707
48085,D,187.07827409904505,1984,22.40850091431325,207.47940793474407
48085,C,92.7226913703213,1991,14.300060714467298,190.2744226205324
48085,C,82.02410244390731,2022,17.77181637481823,168.13424700183378
48085,D,68.41065679047483,1986,24.59172719406397,132.4952296379147
48085,D,84.65296056441468,1993,55.960407879651726,116.43465755769714
48085,D,126.92582243673661,2010,44.967477842082815,174.89731122152415
48085,B,93.5443666362747,1980,70.53153656283294,55.136768611228185
48085,D,109.1143479391255,2009,11.801248608780234,76.79817815145265
48085,C,150.7276686120858,2012,19.108474960471952,221.1686287009468
48085,D,112.57268589297813,2007,72.95341197131947,66.34295140726095
48085,F,134.05716263457802,1994,56.33539627961558,195.3551352503749
48085,E,70.52097981354277,2013,15.626133652355964,97.30402845464528
48085,B,124.828859097542,2004,29.979937958713137,83.99018215993455
48085,B,94.67433019517554,1958,18.768269758635707,98.99769450958809
48085,B,147.36563369333606,1972,57.76784732249805,247.81927549138453
48085,A,131.23829635701736,1979,14.34146093141872,113.26985755260642
48085,C,94.47507206182021,1958,44.51704268111402,222.92796826255625
48085,A,187.7144099792215,2021,11.567258625014457,204.63259946952425
48085,B,102.69290857012936,1963,29.483406282430554,189.9140659690819
48085,D,25.027237418595988,1954,69.7982305965174,67.47601250389819
48085,B,141.5604778417486,1962,77.23938911379726,237.6170519032308
48085,F,126.67966217826284,1996,72.88231553295901,213.97787670783643
48085,D,57.111852071913574,1992,44.185864086839565,78.42540738317531
48085,E,174.8156956125332,1956,78.87422463983407,72.71012856154762
48085,G,110.44563377906469,2008,76.76921743836338,177.1579869598283
48085,D,75.19986490622358,1997,76.19857194177678,96.42179257595521
48085,B,192.14700339189653,1955,25.814074077911137,123.20942504263563
48085,C,116.4064607094613,1965,60.504343929831386,117.25277593250298
48085,B,131.31131407123044,1980,35.0207764501686,134.8668526229142
48085,C,36.690538098669634,1965,62.53015941837042,184.53762791847183
48085,A,128.51014123067694,1982,53.69269162585795,224.9517694777199
48085,C,94.33112562426754,1989,77.02597750251316,195.51312831419395
48085,D,127.77941069324372,1954,45.36143719990273,228.9853030279008
48085,E,148.83815184028478,1971,38.31382016384428,56.648064997322024
48085,C,110.8498560188048,1959,39.53188699823161,67.46868317073526
48085,B,85.33619380384215,1958,57.312087242174286,220.32174009405983
48085,D,101.00958099490163,1981,52.711414621388286,70.44064234610308
48085,C,116.74215519696138,1968,75.89668749839204,111.55864132504959
48085,C,72.56492326684166,1969,39.14744643019058,223.07126755442403
48085,D,35.55491657181355,1955,44.90620145730581,233.64172018175483
48085,D,161.07750865901178,1994,52.68548041038093,154.68276542362256
48085,E,27.366983801382318,1964,69.38907298936928,157.28070217501676
48085,D,152.69225813726243,1970,47.892758336377454,114.19629471849568
48085,D,78.99627360016925,1967,43.2860255707903,185.43247828056684
48085,C,100.10427906932586,1984,30.808098283258147,180.02211994562026
48085,B,172.806526599956,1966,34.422286928682546,53.52603843052917
48085,B,126.91714606663609,1963,78.85335883974973,113.26183766330358
48085,B,111.20022279358766,2019,73.16887490053352,109.14181912099856
48085,A,111.6268657534478,2021,67.81150742209185,180.30593707300147
48085,B,113.49719317814281,1982,45.29539062695819,152.5429248236594
48085,C,99.813633366902,1955,65.40845603638164,204.12803398870457
48085,D,160.51395601506556,1951,56.260603088122245,185.27536713098246
48085,C,137.8502212649781,1957,19.24344614083921,245.01210512858944
48085,A,51.823206813598375,2006,62.65553452350633,212.12975951121612
48085,B,114.71770595991606,2011,65.53936690320432,159.21249932609155
48085,D,105.38709872299376,2004,27.205525912486287,81.09913261406791
48085,B,219.1620907110949,1976,55.34294096650684,161.42437966432763
48085,C,134.12656735472478,1988,78.69441019610093,235.3606732879571
48085,G,130.4015998440887,1979,47.63743318119794,213.8927168353463
48085,C,-2.9477809862849824,1952,60.68235176590628,215.21735477908618
48085,C,139.38546031804918,1979,25.2563457691942,167.49506207025462
48085,C,43.176439822728426,1979,30.373129957054115,168.45835841431528
48085,E,-64.42671126093538,1964,33.959789886642554,92.53528589897526
48085,D,176.01615300986123,1950,58.74485593427246,132.64693004363312
48085,B,171.8761911568434,1959,42.39895799240298,193.64885398953004
48085,D,188.44774534894628,2007,46.62070295197552,56.00209755482823
48085,C,157.5416054673408,2019,32.36535236010689,241.73894035373223
48085,D,21.565893095830646,1982,48.92575846144743,122.77307766104025
48085,A,193.4137629228644,1953,40.607815047816445,188.1332779522858
48085,A,101.63083552892265,1972,53.15080997273578,219.4430813261636
48085,C,126.59701204625765,1998,39.40721219840225,225.342136531951
48085,D,35.061034607623185,1970,47.27730785022509,54.41595681108091
48085,D,229.82108497244295,1989,14.688197090792286,81.74469737534918
48085,F,121.44519577345089,1974,75.326568386789,113.16795275948093
48085,D,148.51263617718124,1975,46.70799807086016,190.13488291891144
48085,D,157.75138967598238,1990,31.333326085869004,177.245173486326
48085,D,80.5429090097538,1979,77.10467829097941,138.82190767647694
48085,D,123.20466014116074,2000,43.67497160281474,198.6713214391312
48085,C,88.79908204007837,1980,29.346657477438804,163.9794078340604
48085,D,105.69578620643018,2012,46.08569191154084,229.47935722449006
48085,E,91.54424863759047,2012,35.97436122454276,148.7949306550962
48085,D,167.21632069350028,1966,65.5127725014023,73.25576777690299
48085,D,170.72742689988152,2014,19.966057064951166,75.52183655289835
48085,F,88.06920567033426,1980,21.006408310653274,114.26138987216635
48085,C,126.27016802795224,2000,56.064344093997505,94.78335287401319
48085,C,116.82172076330221,2017,18.196585679799867,101.50709004811668
48085,C,118.42890500480287,2008,28.03504408009703,149.85842959419577
48085,E,87.00106341634935,1967,14.189303280882196,124.12028063619654
48085,B,126.43818681742165,1956,59.334371038046555,124.98581027186577
48085,B,154.412047541267,1970,23.881498378748645,66.88067953689252
48085,C,142.76010918179585,1989,60.110662564498114,179.14556316010243
48085,F,43.80300803113347,1964,54.314256472317986,105.63194068432875
48085,D,43.0894604833143,1970,20.465232090615984,151.8386494915856
48085,F,64.01660277154998,1958,13.034724988366966,191.23346857790492
48085,C,80.70422185952458,1981,67.31735708092128,167.61121346779274
48085,C,63.00343640320522,1963,18.701584493382413,236.6602096470389
48085,D,142.27395873437632,1974,61.88021892303304,100.0090952517258
48085,C,117.50908345469988,1973,23.093161456894972,189.74798146598982
48085,D,123.79073838286622,1963,45.74680350784928,240.96828155068712
48085,E,107.85555185869715,1964,68.68780739374932,127.09331665558523
48085,D,182.79167841187285,2013,30.206677936771634,211.86347512511148
48085,B,137.78054747617713,1978,64.46943709804185,73.29478265924772
48085,C,20.28138516324165,2019,29.71648627078985,95.55836436187231
48085,E,146.9939059352186,1978,32.85118675985829,159.31122903525755
48085,C,169.89721817196485,1996,24.50894662129167,79.05222287496616
48085,E,129.13565773970083,1972,44.664601961467156,89.88879045190903
48085,C,81.52799194222513,2009,67.95824412546266,148.3024514452503
48085,D,86.46474971286814,2006,22.698568211388046,243.37370130747618
48085,D,119.15908720000924,1993,32.478129400942805,50.2485757297358
48085,B,188.30963669199537,1978,46.01758290844046,248.39896326482773
48085,C,77.9697692980928,1978,51.32673433011889,221.88230540789402
48085,E,140.36710750135174,1955,57.74050898667389,189.74412800578207
48085,C,54.706335024494905,1952,13.961359332151599,162.05109100023145
48085,E,106.44203338707612,1967,42.72281581853608,61.68202638342912
48085,C,123.95223864476888,2018,69.53431320077945,178.32889941824405
48085,E,103.5188738407014,1991,64.81732298520492,76.53130406445787
48085,C,116.24579460267266,1961,76.21623741474465,154.4534864563637
48085,E,104.37964210991206,2018,11.376381298311724,144.5821893376652
48085,E,132.0883444942155,1962,69.61105787105748,204.56951601489
48085,D,133.66598222559637,2018,33.14970825177231,83.20682913307755
48085,B,100.23677667756832,1964,16.267495651041557,233.0484088869499
48085,F,35.59966477029754,1966,15.218708239643666,85.30088181791697
48085,B,107.39305254443715,1952,23.51378962622573,154.67374477403217
48085,B,40.0650437175745,1955,57.764389853916384,75.80577936781367
48085,E,108.07806318841543,1969,16.154901984142427,243.40105904760426
48085,C,153.8771203279153,2013,16.392575127569593,232.63380186535449
48085,D,177.85648950299404,1986,14.963522088927894,135.91648472643053
48085,C,152.20925115062946,1951,58.633026170006104,164.83110908647345
48090,C,71.64034335316327,1962,75.05272189928465,71.74187996002857
48090,D,128.54804116075672,1958,14.077611717063792,72.08931213436402
48090,C,126.59324689153732,1954,65.03390037845197,104.63273808381103
48090,C,135.3175234156742,1994,23.71889829643628,131.74415244553208
48090,B,188.78046844761,2008,33.79691287667414,107.63435330948674
48090,B,54.09413352158691,1975,30.95240763974653,176.89984586785533
48090,E,201.71372429882655,1952,72.64764650507053,80.51894764301846
48090,B,105.04024249153393,1993,68.22433376072023,70.45179240764743
48090,B,128.7414867386302,1967,61.551624979386034,163.85822539422807
48090,D,71.50379020445757,2003,17.950823039053994,166.32000310508056
48090,E,159.25656578725358,2003,13.111043342716613,229.02031299251772
48090,E,163.02538521669896,2001,29.976496230077768,144.1581556084431
48090,B,177.68842695442834,1998,65.81058812704268,211.22137294905124
48090,B,123.43257285371418,1990,27.87404053053436,85.06553250732583
48090,D,79.95795419186055,1999,77.33364011056211,182.2029214065476
48090,F,198.22906205287072,1989,69.03651164431494,74.8324816514295
48090,B,118.46262245095471,1981,64.37231563287236,109.77243170532869
48090,D,67.63190018193947,1981,24.924738926900552,236.17537350582273
48090,D,148.81883472509838,2004,11.971549581173626,144.22686369428442
48090,B,136.231701874059,2017,44.05177621970642,157.54250385525796
48090,C,201.41834601398295,1979,62.7128697421156,234.35822086477305
48090,C,91.25987795506182,2016,33.231400425630994,222.11982070321287
48090,F,180.7442312062926,1963,76.6494793849285,184.17229101728483
48090,C,153.2730896289276,1959,53.24288598921033,96.82703290245902
48090,E,143.32861713785604,1960,70.1823526963077,196.78008315778663
48090,E,50.0291700149903,1954,25.119173540502853,212.04789257985354
48090,C,77.16936782249942,1999,58.94392319300631,119.02369288693697
48090,C,164.26183068249892,1993,46.550457375604125,232.7571665047837
48090,C,155.3381564948992,1980,58.81538832530257,234.81146307200137
48090,E,79.05336371676675,1997,23.032903983156583,79.10582981596734
48090,E,132.73266915000204,2011,69.19570375303827,245.99273574428705
48090,C,118.16108746620814,1993,27.040164750686195,114.95901308238668
48090,C,115.57697770738196,2014,62.22716732937219,102.74265168512039
48090,E,197.32235078574632,1979,52.46857744237001,146.16641131487745
48090,F,200.73646515034426,1990,10.716660180319677,107.06769903493425
48090,B,85.95165820435102,1965,72.92632118607585,138.74242341451546
48090,E,109.66753689533219,1991,52.21145938009854,214.9709548827478
48090,B,119.79617068575672,2009,21.180287768096818,101.36059540905052
48090,D,117.40113112879799,1983,13.00271366717533,69.73057925417949
48090,D,103.54653031729025,1976,22.815300681382908,211.9482580710362
48090,F,23.177512240490245,1989,58.39844431625822,221.72321725802348
48090,C,125.33409525891433,1979,79.22153834785094,95.80518241467544
48090,D,166.2148466154056,1972,74.11961507029015,72.57209287704765
48090,D,54.96440997040085,2017,19.43179896113659,132.57187465938125
48090,B,212.99611937601586,2003,11.536323767492906,228.0967914697728
48090,D,93.48151462729592,2008,79.46376366495909,148.43847660275162
48090,C,217.6585601206748,1992,26.260138160583885,56.08520564054223
48090,E,172.14512242228503,1951,20.067762491676,232.7395632082036
48090,E,209.59443908090924,2007,15.849896295600256,83.85687149323331
48090,C,145.6722012675681,2011,29.822829024671126,169.9157320050096
48090,C,121.39997725972815,1997,33.946232884047426,145.4729766827616
48090,G,66.95578721502079,1954,72.70056056054716,244.79404332281104
48090,D,59.87565475668753,1969,52.88671851293388,148.046002427825
48090,D,61.7055569861897,2015,64.88133376398466,75.85412558397576
48090,F,100.35466911469217,2010,76.73672140803849,92.74055875834071
48090,D,123.64208023178332,1966,60.98949086236443,147.13604414390772
48090,B,135.11352564772585,1976,19.645536224693075,149.88551939956855
48090,E,93.45817971426587,1996,29.350212819056544,216.7762520520754
48090,B,144.19900809830952,1994,30.685727255993086,96.74082297073434
48090,A,126.20793019236076,2017,76.44684463809978,247.18831324441624
48090,C,166.58886327625638,1962,69.675339558256,115.63208402873728
48090,B,143.14212895348854,1956,72.96062236763015,230.59592981126977
48090,B,99.43965947145921,1970,71.10338272772434,248.6116074232008
48090,B,53.894102927812995,2013,16.733978566160765,145.53272845098138
48090,G,122.05532420400594,1959,22.917124091043554,54.36033543023282
48090,C,76.05077346363575,1993,69.65461497176207,127.94948293473219
48090,D,158.12552903819986,2013,10.755194738374456,80.96626363868936
48090,G,91.03297152120922,1969,54.98957647098357,226.04911196046888
48090,E,209.89019817292078,2007,37.9124516475741,110.50476419793756
48090,C,54.601386394053236,1963,10.727346622928522,82.40826223894923
48090,B,142.05062046888534,1988,33.12056163149251,207.2029617736866
48090,B,99.9638827395276,2004,33.53591020490942,59.208079231128366
48090,C,104.86135147654349,1959,79.52099267578747,247.10979897792512
48090,B,120.56691242683308,1998,67.78054451559751,218.06487166043144
48090,C,115.19929574117354,1992,25.0353027117478,103.66961344970993
48090,D,146.35416325445988,1960,18.075736177377163,142.36896086741788
48090,D,111.50452082843361,2002,62.98300948001172,119.91035764066919
48090,C,20.758388676008764,2010,16.542426341162983,167.11732936839786
48090,E,94.25135248055369,1954,16.609965578554487,174.02743199213745
48090,D,146.8002135506155,1977,55.43725444052198,139.31143140681516
48090,C,114.04570787863408,1951,36.05547157699364,77.34840909475409
48090,C,9.465023630472217,1961,68.63781327440473,247.35770761489798
48090,E,232.94514288024578,2010,48.64304198106926,98.18511849431562
48090,C,144.92310551352656,2020,59.568480626872564,178.05701991566377
48090,D,161.71681010499208,2007,62.208378898240476,70.04075183079246
48090,E,150.48728659733766,1976,11.88329076947437,188.9923241788304
48090,E,122.569598448742,2000,77.0400114097413,67.55527220631737
48090,A,106.9675575052539,1987,57.37431662539549,153.4234609270304
48090,C,193.81082590148668,2018,64.25172117805202,96.45856032441935
48090,C,153.18123591606152,2011,53.66646615978754,239.29009163215383
48090,B,76.3108556445838,2014,56.825297710478246,173.18685725526763
48090,C,101.14695914089779,1990,18.8983278327796,167.63282201604136
48090,D,65.40518089789053,1991,52.71001315528703,134.62870426929555
48090,F,174.59380031237492,2022,61.76293706825833,211.69866809783753
48090,G,90.03312940638327,2006,76.04539086516245,180.80660139631482
48090,D,74.86301015843654,1985,68.3362341978071,90.83981251855522
48090,C,98.6179898408207,1988,29.89988418029406,53.6599973407941
48090,D,100.72595700849126,1978,12.269944104658272,167.18690782619066
48090,E,66.2547291633897,1971,41.81044066023492,107.51191301813978
48090,C,21.105134490737058,1958,75.92775869905438,55.48041955944265
48090,B,97.24726839997928,2000,78.67383868872169,248.23960206383802
48090,C,137.17246829835733,1977,74.61592158030214,193.70490254257052
48090,D,105.64779138700254,2020,27.148615115368955,50.93111631335645
48090,E,85.14458456875258,1953,78.38714447683928,241.02600001695492
48090,E,89.12605811698921,1975,49.43318776885568,108.87607177558809
48090,C,111.2632222195293,2021,31.99019306054242,233.06631671370334
48090,A,154.38845818983532,1952,61.77698826647442,99.08713694477593
48090,E,90.41763007421243,1982,29.081513918851694,141.2075729628909
48090,C,96.83086459761357,2007,71.6682228283426,217.53398830224435
48090,C,81.16939596792957,1970,23.782401327886713,64.30326301872655
48090,A,119.31794629562991,1973,21.52724443619146,101.38497301025922
48090,C,91.68274116014976,1975,34.69902969995741,220.09124899714604
48090,D,120.65406264527228,1988,33.01434037713351,249.42803657270673
48090,C,31.50615105464533,1991,26.68930520439198,237.6269078011623
48090,C,172.81031765399177,1991,61.037180502231024,125.40397133418122
48090,B,33.73941782252814,1991,23.753015559467233,141.5198261607738
48090,E,38.95199752731797,1994,42.83883540630147,137.05276710781487
48090,C,171.08254175288386,1962,72.8896270004985,93.55971218074927
48090,C,121.07070322474395,1973,23.762899852450897,220.837357283893
48090,E,70.7233079200404,2019,55.35210744213044,171.7184173210336
48090,B,96.5740035369974,1953,19.061995734851024,116.13405373910793
48090,C,80.31477102488807,1992,49.826497953435606,140.55332185561514
48090,F,167.20760957115408,1994,37.45998203648186,198.19865031699473
48090,C,57.00058578985118,2001,65.15436761633002,140.30194297835482
48090,D,83.17920559145199,1975,74.24433766610406,95.15445253949338
48090,B,164.11046443146674,1994,69.2957815255763,168.49276691353205
48090,C,144.41899056801964,1995,35.970587094535354,83.39454520943788
48090,C,39.46608938936217,2012,24.44079775297559,130.55992318914105
48090,C,133.72412026184327,2014,46.8966040085592,115.3588370215591
48090,E,149.71217633971006,2003,78.51019959390696,201.70463825214162
48090,B,262.3686926422504,2016,16.99477661286127,70.70963454759655
48090,C,140.17231450061493,1981,76.23401483837141,113.5193339268744
48090,B,131.30615192741357,2017,13.662503395338636,239.59631593343843
48090,D,109.47110192315245,2015,48.54295954212261,85.42411913982097
48090,B,24.72133235137349,2002,52.153865578828395,56.42235814731307
48090,A,172.8082021905018,1954,35.69410818456788,226.1574993315316
48090,E,109.17484281221195,1958,38.91941649319446,173.282564018633
48090,B,144.90988635972312,1955,67.21248203048215,93.22703573505815
48090,C,36.3245993635923,2012,29.121662308810386,214.0958163323819
48090,D,97.65967699086893,1996,38.94373709591005,177.28115354838792
48095,E,134.95007681081742,2001,53.98509938493362,72.3039648923995
48095,C,183.5074210983223,1951,31.518286976211055,217.69944358229503
48095,D,168.40113533381304,1980,22.224720531622303,65.54249240070533
48095,D,95.1127428859414,1951,65.04324277133449,90.19231297917815
48095,D,82.67199747204461,2007,69.84376232791382,242.34725406133285
48095,C,153.2928928642364,1984,39.68804367013905,142.4848676201811
48095,D,48.29117655643853,2019,18.15693275031262,196.17345010787673
48095,C,188.11908310993186,1961,65.78618945351604,156.24661219791903
48095,C,103.6315654528124,2021,76.1754084903475,65.39097672151149
48095,F,185.6584893545674,2003,72.93681772992198,94.86478374323899
48095,D,20.532206647052575,2018,19.396333141645957,217.39769228952926
48095,D,63.36845443450409,1994,68.00364463026867,176.52066660041538
48095,E,55.564655735697045,1973,62.16636971398923,135.4936291039755
48095,E,170.684052816641,1950,51.3018180126204,160.05683549386774
48095,D,145.5978104775557,2003,25.374659400443328,215.1792538584192
48095,B,131.977731069818,1959,47.388483969813336,155.2236320095093
48095,C,87.9140911595785,2009,31.622832160678286,131.08764561430877
48095,F,-13.188800882303525,1980,50.572300148092665,66.64814957573677
48095,C,81.20678472198706,1989,56.74133104203457,183.09162860559633
48095,E,171.74690815819662,1993,22.196340861909256,157.6681197620885
48095,C,210.3966419476235,2005,78.1714582502857,118.50416287718213
48095,D,66.74912253926797,1991,41.03005384865607,83.16089416531602
48095,C,100.94998859659725,1996,14.203616290282728,160.98021875731874
48095,C,105.35695251962474,2009,79.51171081187253,242.82498640401673
48095,E,130.7517906068615,1988,68.36518319090493,205.43193925196582
48095,E,48.80098330895164,1974,25.379124618522845,195.77847522994986
48095,C,80.04318995717676,1958,78.04754095305456,58.72007306374325
48095,B,137.63748043127566,2015,10.656098351921683,66.00588603433992
48095,E,170.09525794158154,1964,60.19266709277476,122.39379650714915
48095,C,150.9020556261182,1981,10.742542330942465,224.27280696391875
48095,D,128.06494953681133,1951,67.96946636620707,88.41739647120482
48095,D,81.62978748425279,2004,47.91019443723895,102.27006468289767
48095,B,128.71318924606322,1983,53.90483433317467,128.8261697545253
48095,B,118.29456672159532,2012,50.622612603930264,200.2393026656964
48095,D,199.69950899610325,2008,54.019433158209445,98.85097793810138
48095,C,124.61923288841793,1979,41.74903408010161,209.21713925391498
48095,C,123.37040425304099,2000,31.74084699888022,163.02445686812428
48095,C,124.67727296930731,1980,41.28687007464558,174.19763096671227
48095,D,164.52258306812809,1994,26.400118664278413,124.10129868037892
48095,C,167.36815624732856,1970,38.651829995964576,94.37384214093538
48095,D,42.42139676435359,1974,34.98421587152145,189.02759450549954
48095,D,97.42264491891504,2012,34.32551619049778,224.12767282663418
48095,B,103.9541379134369,2003,39.75562219993033,122.00379164301525
48095,E,91.05798399589605,1971,49.56136336687301,93.42984045174647
48095,C,140.37993823903233,2007,60.24907098881139,78.64551156203592
48095,A,123.12584487680202,1962,73.02079833199039,231.40263370627298
48095,C,96.00238236008116,1978,41.545377227064726,126.4870169961021
48095,F,27.834099912576022,1970,74.88912731731506,105.98271393922198
48095,D,135.91600941681097,2008,45.23248814717714,180.42841232227724
48095,A,48.099841427199124,1995,66.659577638723,154.04891332203886
48095,A,163.67124099736628,2003,67.917398435359,185.31518141673286
48095,C,51.56227322019852,1976,37.42605396472632,97.01468211281706
48095,D,27.730283738854794,1974,53.05146223213316,228.209585385231
48095,B,161.04910462084553,2022,55.59508835358437,138.15553050927855
48095,C,50.388599352416605,2017,28.774327986575038,114.24026973861301
48095,D,76.61618560440833,1964,76.13298340964643,215.46999268823248
48095,G,134.47274744295683,1978,19.066828872795192,194.47984977831354
48095,D,166.64508305547952,1964,72.08053805741181,167.80331808903762
48095,D,94.81515986364765,1990,68.85914573928218,207.20505440989376
48095,A,31.358305951456458,1964,14.845306718657167,193.57129169698646
48095,B,151.83456882547875,2008,32.49369084175329,159.53337800297714
48095,C,102.04994738443742,1979,29.301541464487258,179.26588909942797
48095,C,9.73275816596697,1994,46.099557706424626,179.0623265071776
48095,F,174.36047308856985,1996,60.200491815866755,145.79338233582928
48095,C,115.54849874834983,1973,12.784567228568497,227.80148008701948
48095,E,105.23137622310861,1965,14.081144737683406,84.84994711548674
48095,C,155.7831831626924,1955,65.91912111080224,200.20238246229454
48095,E,94.95013965874415,1989,26.848155221132146,242.0588581762263
48095,C,79.37607337248072,2008,52.97703567976078,51.640074961344325
48095,D,149.22652928237105,2014,43.92919310738477,134.69900776557364
48095,D,170.94660088917993,1956,43.60861123333088,164.30419317919205
48095,D,68.84481967924418,1994,54.80021548883554,213.85499521610492
48095,A,63.09126879243658,1980,60.44035703625387,208.68659176498818
48095,C,156.54269137834518,1950,11.743264052501484,66.69901416297013
48095,E,168.81478882629364,1964,49.27931394512462,173.8991165988699
48095,G,222.63271682088634,2009,63.162961579435944,223.32414112796533
48095,C,185.18211142386403,1980,46.42218817374984,63.91010294809307
48095,B,210.62149989977493,2021,52.20552473028766,231.22097787099526
48095,C,105.09697696429001,1991,51.14382073643071,242.3885934105473
48095,B,117.27779545259877,2011,59.12312896952601,183.4414110043099
48095,C,106.9606906313803,1952,24.072235123269497,66.270474544601
48095,C,130.99934841407543,2016,78.01893544857118,52.77461362905282
48095,D,158.00115274379812,2000,67.35894531779968,64.68376481692562
48095,C,22.781782881814635,1973,67.5203868250668,243.21534421740265
48095,C,113.5174732475415,1978,63.12736027330462,114.51728922992675
48095,C,82.37494380321078,1968,13.780156161820946,149.0512747710968
48095,C,70.06850920013967,1977,39.92427551292612,195.34193718612357
48095,C,10.236820798499977,1957,47.90528577379199,212.6657061867394
48095,C,217.15339116937974,2005,38.71437414808349,156.39709909550913
48095,E,101.77424792763006,1983,12.97284133629028,139.64574333190893
48095,D,174.6285944322256,1995,22.10782132728698,109.2154235095123
48095,C,25.011605332151447,1984,66.41886563798286,141.3331427486679
48095,B,51.8267491907269,1965,20.045617775234156,120.91309182280018
48095,D,106.12757453245123,1980,69.00248717628277,202.14570941111606
48095,D,113.41414586146269,1981,34.917021710174836,73.55243336026376
48095,C,119.9588405568049,1950,57.07573448261128,154.01864430714144
48095,B,103.79228313719628,2018,76.6771680335596,131.9625037303464
48095,E,88.37512269374298,1971,42.52482173502384,219.422644698184
48095,F,155.77392158915166,1966,71.3721010906969,99.9847321946186
48095,C,113.85569790115434,1953,23.013548474776776,147.59807411511235
48095,E,130.97578080813426,1978,48.3111055246459,119.42245142166345
48095,E,129.85854219922328,2020,63.11038615901517,135.08705854210172
48095,B,181.9428017029187,2010,57.17067353715729,121.475163538874
48095,E,45.118606696524665,2009,62.03960286608438,101.74312043766776
48095,B,161.63573609651633,1991,32.34498751425731,148.0416177887206
48095,B,144.1767936967834,1987,75.70144443673519,104.84250767413548
48095,C,141.802553738797,1998,37.153884127099,178.16725865894958
48095,E,166.95049392609195,1989,68.73153708339441,144.78990316985949
48095,D,122.07041337366549,2021,58.52558070012055,167.8290641451689
48095,C,159.5235365917462,1963,32.216294641324474,126.24626233676996
48095,C,97.67053709287993,1996,42.152432341386124,239.4936340754722
48095,F,112.93712185928499,1969,51.25527363972523,106.14618742656802
48095,C,121.00016099137319,1950,39.115586107557505,107.47196727632698
48095,D,118.5672169482368,2014,71.37197573579601,139.10298974984343
48095,C,95.66910192103006,1995,14.185953934826916,229.41958624128108
48095,D,155.45355989251763,1969,18.5638965944933,138.36971390226492
48095,A,192.22220250935686,1979,25.94515824714351,216.15925699685573
48095,C,124.30408345430017,2005,20.289933301434765,224.6906267132681
48095,C,171.9816164650558,1952,34.350699282219,224.02665667575582
48095,F,68.1743684620705,2020,47.872740301802295,108.51411850774025
48095,D,147.3853096581572,1992,23.789821934555704,121.59352811698648
48095,D,115.9691817592459,1965,39.91881474451323,140.96133753653194
48095,C,160.66001084435837,1952,47.62624158618446,199.8077310627278
48095,B,142.05114084107623,1997,11.840298591262608,138.62038049916956
48095,D,124.43137313842004,1974,12.990306736736937,101.65554940072289
48095,B,147.39513965000737,1962,23.796791026136106,150.16540846225436
48095,B,148.9139259638111,1957,34.53737104142466,186.27130779084504
48095,B,195.141354262479,1995,54.25586870401431,124.68805226966737
48095,F,155.87652582003395,2020,24.45643959237787,50.754925964424615
48095,G,70.38651434360025,1962,12.073250075244193,210.1364712852829
48095,C,194.2700261785211,2004,72.75458239051494,128.40380223329842
48095,C,118.24840504235753,1980,18.73201546959605,202.92964815820525
48095,C,177.06641314484455,2022,28.686640527603483,103.41795543511363
48095,E,187.97983127418274,1979,22.706584341777052,172.03418352839702
48095,E,188.65579209332435,1965,64.74299247948682,87.69228253029316
48095,E,56.61899051487288,2019,12.0748050856206,182.0116345167736
48095,C,105.26464109431743,2001,32.94314567209361,107.9153992126816
48095,D,74.18327468704828,1966,26.705478316299764,177.07235348567633
48095,E,122.19938458169737,2005,14.136689599780954,150.17891878731464
48095,F,42.95721055254148,1989,53.54951527635333,56.32043113203675
48095,C,148.130881634675,1967,28.700900062443203,174.1721600153519
48095,F,16.96510092677282,2007,56.76910867867246,247.24296267762313
48095,B,21.944753198876867,1967,45.4804128363327,138.43446874497465
48095,C,35.67158967686085,2010,35.85803998163665,220.76544156655126
48095,D,153.37680473970659,1978,69.00475769432578,131.3258023805242
48095,D,106.43304173869952,1996,52.05896657587967,179.52110211634295
48095,D,82.43791396161474,2007,50.60340615354613,238.73200516069474
48095,C,152.951431324629,1960,55.744654880018025,198.03456804734236
48095,C,86.66346272365698,2009,35.18100341927072,83.33501676853079
48095,E,125.36216741980225,1952,47.03758997322009,53.977383292687286
48095,B,167.91552082628363,2010,37.05951301849568,108.58842268554568
48095,C,132.2791145242891,1990,77.633688815802,66.46972426877993
48095,F,229.5512969895576,1974,60.09001271417278,157.6417773959626
48095,F,193.26148349725025,1966,57.463529122752604,180.88754313601618
48095,D,55.49451729524165,1989,39.930651588113314,64.62792420275171
48095,C,63.34966636970461,1991,14.557328475343926,151.97242568893347
48095,F,121.33492045179285,1995,39.52977768926384,83.36930911873156
48095,C,140.18046063145388,1965,54.104158468550594,217.0706745145094
48095,D,87.61580785695813,1993,67.04274031770815,50.65418506625004
48095,C,46.20716741530754,2021,65.37636387016309,84.41882466467612
48095,D,63.16603035420174,1953,13.536182269188965,134.89511221414145
48095,B,130.24333767199408,1957,58.30069668808703,206.47247132133046
48095,B,199.76477035392566,1975,26.779037123427248,51.97136598604028
48095,C,262.80950937480145,1995,72.45357207648078,84.73326513783468
48095,C,203.33994823646213,1985,75.69264198132136,58.13808743022868
48095,A,15.953074768843294,1991,15.752132023462405,178.31065845177284
48095,E,99.52079080128593,1965,21.700281249517676,226.90019265303175
48095,D,32.55598815024737,1980,37.315833850605244,189.06330036022229
48095,C,123.4238587962877,2013,54.346256986767735,184.81357880354204
48095,B,57.54060487385659,2007,58.39402046424701,113.41504007884416
48095,D,237.0502788454014,1976,60.74576084273188,99.43952450797957
48095,D,53.04603267225038,1997,16.587804136526756,147.4107236564496
48095,B,56.57219002791293,1964,61.01719229427311,165.9188396862537
48095,C,120.31243413612124,1971,39.307112749006095,107.36451519204232
48095,C,55.91079024426949,1986,20.18706232003372,146.19872788419048
48095,D,123.0273910182105,2000,39.33348249846357,76.54772620631948
48095,B,181.40456801959735,1985,76.78348319495427,165.03386835151412
48095,E,67.92986621720547,1978,30.03426183189128,220.44959439660258
48095,D,210.98182858057842,1966,15.484869638334423,112.0522189306083
48095,D,165.38627598543496,1958,48.81924996339422,237.64907069415972
48095,E,59.81711870440385,1998,47.210733296567845,243.45321327262167
48095,C,186.33108197499706,1960,63.8704266338871,182.5509183027598
48095,E,156.14448767836595,1991,30.11794913236206,120.36144414202757
48095,C,92.01048494739918,1968,67.22106505058414,95.11604944912521
48095,D,184.9081575721952,1983,59.95851330019752,215.47297424092196
48095,B,110.84827575031551,1961,30.933787737845673,161.7936742095227
48095,C,120.9048681225822,1963,35.868669447097474,122.86455143951996
48095,B,155.38960477732803,2016,79.44500853475579,163.78853021325503
48095,D,223.68320877168776,2001,66.86611402446547,109.27961691154624
48095,C,101.48929846960448,1960,37.11819044159843,168.77624744289443
48095,B,66.65700791688475,1969,50.2853903744631,177.54003567157758
48095,D,65.25682538165736,1971,41.94907903241288,51.53280399541169
48095,D,30.807354374170487,1975,20.144508663669555,102.08431370692732
48095,C,156.95866562242037,1979,63.377869764012544,201.1464638363458
48095,C,100.17599697379768,1955,54.93660996330133,199.85162306918576
48095,D,207.64248645412505,1967,47.49815027558255,184.16207686520875
48095,C,73.48976807318714,1992,57.22924057551398,125.68982026027629
48095,B,178.1017754930131,1962,68.57139277868626,64.62604794909214
48095,D,25.07367948887139,2000,35.147832480424334,190.09448717743723
48095,B,181.7347639597131,1994,55.54335130815372,204.57154274161968
48095,D,145.94403378526675,1996,67.92414225730282,104.84867038522006
48095,D,121.40423085192977,1989,73.61698302584199,132.20488013307855
48095,E,79.0697047796055,1997,66.90538874301119,249.39021839248213
48095,E,65.06379116092663,1993,49.77121475921624,51.23210166053491
48095,C,110.54859544442269,1955,43.47306027396656,79.03932604600847
48095,D,109.31783801809505,2022,50.071603197323036,69.74000114410771
48095,B,146.04115929929947,1973,48.30751057335915,62.479080648610676
48095,C,181.10910582525767,1992,34.02974881210474,89.76413817015083
48095,D,124.9714229114517,2011,55.17138769942756,167.72254938313642
48095,A,180.84183957122195,1975,15.390244475435118,200.73917852695084
48095,F,210.73367238563938,2007,57.20280071017358,194.28088267679092
48095,C,124.36149462097102,1960,45.0252862941642,140.45933678174424
48095,E,111.81465346261388,2003,68.66249212937223,146.46371601351942
48095,F,108.97811697229403,2000,56.225787274617105,249.5488842013701
48095,B,87.97428878220097,2006,59.5959978681187,185.4966430934661
48095,D,140.9937311395884,1971,15.24104262281764,77.46050833577218
48095,D,56.093406002720286,1984,60.01179508476968,163.29466856855385
48095,A,123.53139143491707,2014,66.49580438618344,207.07399434221787
48095,A,123.35938377469996,1973,53.97479566903512,200.39324513729633
48095,C,89.50893916363506,1965,57.2035062617651,179.33533779880113
48095,B,221.88262487861508,1955,67.13892782020429,187.16308662435353
48095,D,100.12794526911931,1971,75.10182792724072,138.4513532949782
48095,A,66.63979100669084,1973,75.026546882436,54.57558904438069
